{"type":"FeatureCollection","features":[{"type":"Feature","properties":{"class":"separated"},"geometry":{"type":"LineString","coordinates":[[-99.16977,19.39814],[-99.16987,19.39858],[-99.16994,19.39889],[-99.16995,19.39891],[-99.17003,19.39927],[-99.17013,19.39969],[-99.17014,19.39973]]}},{"type":"Feature","properties":{"class":"shared"},"geometry":{"type":"LineString","coordinates":[[-99.16912,19.40981],[-99.16964,19.40962],[-99.17015,19.40951],[-99.17054,19.40945],[-99.17067,19.40944],[-99.17092,19.40946],[-99.17115,19.4095]]}},{"type":"Feature","properties":{"class":"separated"},"geometry":{"type":"LineString","coordinates":[[-99.15952,19.44148],[-99.15959,19.4415],[-99.1604,19.44184],[-99.16046,19.44186],[-99.16055,19.4419],[-99.16093,19.44206],[-99.16138,19.44224],[-99.16162,19.44234],[-99.16184,19.44243],[-99.16207,19.44251],[-99.16226,19.44257],[-99.16248,19.44262],[-99.16255,19.44265]]}},{"type":"Feature","properties":{"class":"painted"},"geometry":{"type":"LineString","coordinates":[[-99.13235,19.43078],[-99.13228,19.43077],[-99.1315,19.43066],[-99.13121,19.43062],[-99.13088,19.43057],[-99.1303,19.4305],[-99.12978,19.43042],[-99.1292,19.43034],[-99.12832,19.43022],[-99.12825,19.43021]]}},{"type":"Feature","properties":{"class":"separated"},"geometry":{"type":"LineString","coordinates":[[-99.13927,19.35956],[-99.13927,19.3597],[-99.13909,19.36047],[-99.13894,19.36112],[-99.13892,19.3612],[-99.13879,19.36174],[-99.13878,19.36181],[-99.13862,19.36245],[-99.13862,19.36246],[-99.13858,19.36265],[-99.13851,19.36291],[-99.13835,19.36355],[-99.13833,19.3636]]}},{"type":"Feature","properties":{"class":"shared"},"geometry":{"type":"LineString","coordinates":[[-99.17032,19.41036],[-99.1702,19.41035],[-99.17003,19.41035],[-99.16993,19.41037],[-99.16983,19.41039],[-99.16967,19.41043],[-99.16953,19.4105],[-99.16938,19.41059],[-99.16917,19.41077],[-99.16902,19.41091],[-99.16887,19.41107],[-99.16867,19.41137],[-99.16831,19.41204],[-99.16799,19.41313]]}},{"type":"Feature","properties":{"class":"painted"},"geometry":{"type":"LineString","coordinates":[[-99.17024,19.4221],[-99.17023,19.42199],[-99.17023,19.42187]]}},{"type":"Feature","properties":{"class":"separated"},"geometry":{"type":"LineString","coordinates":[[-99.15981,19.41838],[-99.15988,19.41836],[-99.16116,19.41811],[-99.16151,19.41804],[-99.16258,19.41785],[-99.16333,19.41771],[-99.16372,19.41763]]}},{"type":"Feature","properties":{"class":"shared"},"geometry":{"type":"LineString","coordinates":[[-99.16881,19.41661],[-99.16865,19.41664],[-99.16788,19.41679]]}},{"type":"Feature","properties":{"class":"separated"},"geometry":{"type":"LineString","coordinates":[[-99.1621,19.40129],[-99.16211,19.40123],[-99.16214,19.40109],[-99.16226,19.40061],[-99.16267,19.39902],[-99.16283,19.39836],[-99.16294,19.39795],[-99.16296,19.39787],[-99.16308,19.39737],[-99.16323,19.39679]]}},{"type":"Feature","properties":{"class":"separated"},"geometry":{"type":"LineString","coordinates":[[-99.16475,19.39095],[-99.16497,19.39076],[-99.16529,19.39056],[-99.16648,19.38985]]}},{"type":"Feature","properties":{"class":"shared"},"geometry":{"type":"LineString","coordinates":[[-99.17078,19.41092],[-99.17097,19.41051]]}},{"type":"Feature","properties":{"class":"painted"},"geometry":{"type":"LineString","coordinates":[[-99.17606,19.38422],[-99.17673,19.38584]]}},{"type":"Feature","properties":{"class":"separated"},"geometry":{"type":"LineString","coordinates":[[-99.16966,19.41623],[-99.16956,19.41632],[-99.16941,19.41649]]}},{"type":"Feature","properties":{"class":"painted"},"geometry":{"type":"LineString","coordinates":[[-99.17498,19.40576],[-99.17467,19.40675],[-99.17464,19.40684],[-99.17445,19.40746]]}},{"type":"Feature","properties":{"class":"shared"},"geometry":{"type":"LineString","coordinates":[[-99.17548,19.40699],[-99.17596,19.40583],[-99.17601,19.40572]]}},{"type":"Feature","properties":{"class":"shared"},"geometry":{"type":"LineString","coordinates":[[-99.19116,19.43168],[-99.19114,19.43179],[-99.19096,19.43348],[-99.19095,19.43355],[-99.19094,19.43365],[-99.19087,19.43426],[-99.1908,19.43486],[-99.19072,19.43552],[-99.19072,19.43559],[-99.19071,19.43565],[-99.19048,19.43776],[-99.19047,19.4379],[-99.19046,19.438]]}},{"type":"Feature","properties":{"class":"separated"},"geometry":{"type":"LineString","coordinates":[[-99.18182,19.43307],[-99.18238,19.4331],[-99.18309,19.43315],[-99.18341,19.43317],[-99.18414,19.43322],[-99.18488,19.43326],[-99.18564,19.43331],[-99.18637,19.43336],[-99.18728,19.43342],[-99.188,19.43346],[-99.18807,19.43347],[-99.18814,19.43347],[-99.18862,19.4335],[-99.18875,19.43351],[-99.18885,19.43352],[-99.18968,19.43357]]}},{"type":"Feature","properties":{"class":"shared"},"geometry":{"type":"LineString","coordinates":[[-99.15369,19.45817],[-99.15463,19.45833]]}},{"type":"Feature","properties":{"class":"separated"},"geometry":{"type":"LineString","coordinates":[[-99.16819,19.45706],[-99.16819,19.45708],[-99.16818,19.45713],[-99.16818,19.45715],[-99.16819,19.45718],[-99.16821,19.45722],[-99.16849,19.45772],[-99.16856,19.45784]]}},{"type":"Feature","properties":{"class":"separated"},"geometry":{"type":"LineString","coordinates":[[-99.18833,19.45937],[-99.18784,19.45927],[-99.18754,19.45921],[-99.18706,19.45908],[-99.18681,19.45898],[-99.18579,19.45871],[-99.18562,19.45867],[-99.18528,19.4586],[-99.18519,19.45857],[-99.18464,19.45845],[-99.1841,19.45835],[-99.18389,19.4583],[-99.18295,19.45808],[-99.18282,19.45806],[-99.1827,19.45802],[-99.18258,19.45796],[-99.18242,19.45787],[-99.18231,19.4578],[-99.18226,19.45775],[-99.18206,19.4576],[-99.18179,19.45739],[-99.18155,19.4572],[-99.18104,19.4568],[-99.18056,19.45642]]}},{"type":"Feature","properties":{"class":"painted"},"geometry":{"type":"LineString","coordinates":[[-99.13244,19.43191],[-99.13233,19.43171],[-99.13233,19.43163],[-99.13234,19.43109],[-99.13235,19.43093],[-99.13235,19.43089],[-99.13235,19.43085],[-99.13235,19.43082],[-99.13235,19.43078]]}},{"type":"Feature","properties":{"class":"shared"},"geometry":{"type":"LineString","coordinates":[[-99.16966,19.41623],[-99.16951,19.41626],[-99.16913,19.41634]]}},{"type":"Feature","properties":{"class":"separated"},"geometry":{"type":"LineString","coordinates":[[-99.16584,19.41992],[-99.16569,19.41995],[-99.16484,19.42014],[-99.16457,19.4202],[-99.16401,19.42031]]}},{"type":"Feature","properties":{"class":"shared"},"geometry":{"type":"LineString","coordinates":[[-99.15634,19.41475],[-99.15539,19.41493],[-99.15531,19.41495]]}},{"type":"Feature","properties":{"class":"shared"},"geometry":{"type":"LineString","coordinates":[[-99.14898,19.42719],[-99.14914,19.42715],[-99.15094,19.42667],[-99.15116,19.42661],[-99.15293,19.42614],[-99.15321,19.42607],[-99.15333,19.42603]]}},{"type":"Feature","properties":{"class":"shared"},"geometry":{"type":"LineString","coordinates":[[-99.1589,19.4151],[-99.15815,19.41525]]}},{"type":"Feature","properties":{"class":"separated"},"geometry":{"type":"LineString","coordinates":[[-99.16736,19.41674],[-99.16713,19.41675],[-99.16697,19.41676],[-99.16584,19.41698],[-99.16494,19.41718]]}},{"type":"Feature","properties":{"class":"shared"},"geometry":{"type":"LineString","coordinates":[[-99.16872,19.40329],[-99.16864,19.40314],[-99.1686,19.403],[-99.16853,19.40273]]}},{"type":"Feature","properties":{"class":"separated"},"geometry":{"type":"LineString","coordinates":[[-99.1623,19.40255],[-99.16223,19.40228]]}},{"type":"Feature","properties":{"class":"separated"},"geometry":{"type":"LineString","coordinates":[[-99.16222,19.40221],[-99.16217,19.40203],[-99.1621,19.40168],[-99.16209,19.40153],[-99.16209,19.40148],[-99.1621,19.40129]]}},{"type":"Feature","properties":{"class":"shared"},"geometry":{"type":"LineString","coordinates":[[-99.16261,19.42429],[-99.16259,19.42436],[-99.16255,19.42444],[-99.16249,19.42458]]}},{"type":"Feature","properties":{"class":"shared"},"geometry":{"type":"LineString","coordinates":[[-99.13144,19.45249],[-99.13182,19.45199],[-99.13281,19.45074],[-99.13316,19.4503],[-99.13394,19.4493]]}},{"type":"Feature","properties":{"class":"separated"},"geometry":{"type":"LineString","coordinates":[[-99.17672,19.42349],[-99.17739,19.42359]]}},{"type":"Feature","properties":{"class":"shared"},"geometry":{"type":"LineString","coordinates":[[-99.18046,19.42391],[-99.18031,19.42389],[-99.18013,19.42387],[-99.17979,19.42381],[-99.17857,19.42363],[-99.17788,19.42354]]}},{"type":"Feature","properties":{"class":"separated"},"geometry":{"type":"LineString","coordinates":[[-99.16371,19.42372],[-99.16379,19.42369],[-99.16417,19.4236],[-99.16426,19.42357],[-99.1655,19.42327],[-99.16554,19.42325],[-99.16558,19.42325],[-99.1657,19.42322]]}},{"type":"Feature","properties":{"class":"separated"},"geometry":{"type":"LineString","coordinates":[[-99.16235,19.42624],[-99.16218,19.42593],[-99.16215,19.42588],[-99.1621,19.42577]]}},{"type":"Feature","properties":{"class":"separated"},"geometry":{"type":"LineString","coordinates":[[-99.1593,19.42547],[-99.15948,19.42581],[-99.15973,19.42627],[-99.15976,19.42633],[-99.15977,19.42636]]}},{"type":"Feature","properties":{"class":"shared"},"geometry":{"type":"LineString","coordinates":[[-99.15999,19.43006],[-99.15996,19.43003],[-99.15995,19.43001],[-99.15982,19.42976],[-99.15973,19.42957],[-99.15965,19.42942],[-99.15964,19.4294],[-99.15937,19.4289],[-99.15932,19.42879]]}},{"type":"Feature","properties":{"class":"shared"},"geometry":{"type":"LineString","coordinates":[[-99.15999,19.43006],[-99.15995,19.43005],[-99.15993,19.43004],[-99.15844,19.42963],[-99.15838,19.42961],[-99.15817,19.42955],[-99.15801,19.42951]]}},{"type":"Feature","properties":{"class":"separated"},"geometry":{"type":"LineString","coordinates":[[-99.16869,19.42253],[-99.16867,19.42258],[-99.16867,19.42262],[-99.16888,19.42304],[-99.1689,19.42307],[-99.16894,19.42314],[-99.16898,19.42322],[-99.16936,19.42394],[-99.16938,19.42397],[-99.16941,19.42403],[-99.16965,19.42449],[-99.16977,19.4247],[-99.17009,19.42531],[-99.17011,19.42535],[-99.17013,19.42538],[-99.17014,19.4254]]}},{"type":"Feature","properties":{"class":"shared"},"geometry":{"type":"LineString","coordinates":[[-99.17656,19.40852],[-99.17614,19.4083],[-99.17568,19.40808],[-99.17506,19.40777],[-99.17445,19.40746],[-99.17358,19.40702],[-99.1735,19.40698],[-99.17261,19.40653]]}},{"type":"Feature","properties":{"class":"separated"},"geometry":{"type":"LineString","coordinates":[[-99.16747,19.41692],[-99.16749,19.41694],[-99.16751,19.41697],[-99.16765,19.41752],[-99.16778,19.41809],[-99.1678,19.41816],[-99.16782,19.41826]]}},{"type":"Feature","properties":{"class":"shared"},"geometry":{"type":"LineString","coordinates":[[-99.15526,19.40657],[-99.15534,19.40657],[-99.15568,19.40658],[-99.15649,19.40654],[-99.15666,19.40653],[-99.15679,19.40653],[-99.15831,19.40643],[-99.15971,19.40635],[-99.16006,19.40633],[-99.16044,19.40631]]}},{"type":"Feature","properties":{"class":"shared"},"geometry":{"type":"LineString","coordinates":[[-99.14465,19.40718],[-99.14476,19.40717],[-99.14557,19.40715],[-99.14643,19.4071],[-99.14722,19.40704],[-99.1478,19.407],[-99.14809,19.40698],[-99.14917,19.40691],[-99.14948,19.40689],[-99.14952,19.40689],[-99.14965,19.40688]]}},{"type":"Feature","properties":{"class":"shared"},"geometry":{"type":"LineString","coordinates":[[-99.13768,19.40767],[-99.1386,19.4076],[-99.13956,19.40753],[-99.14045,19.40746],[-99.14133,19.4074],[-99.14178,19.40736],[-99.14221,19.40733],[-99.14301,19.40727],[-99.14376,19.40722],[-99.1442,19.40718],[-99.14453,19.40718],[-99.14465,19.40718]]}},{"type":"Feature","properties":{"class":"shared"},"geometry":{"type":"LineString","coordinates":[[-99.13378,19.40849],[-99.13462,19.40844],[-99.13491,19.40843],[-99.13512,19.40841],[-99.13523,19.40838],[-99.13534,19.40834],[-99.1355,19.40824],[-99.13569,19.40813],[-99.13578,19.40808]]}},{"type":"Feature","properties":{"class":"shared"},"geometry":{"type":"LineString","coordinates":[[-99.14124,19.41407],[-99.1393,19.41392]]}},{"type":"Feature","properties":{"class":"painted"},"geometry":{"type":"LineString","coordinates":[[-99.15374,19.42575],[-99.15365,19.42573],[-99.15358,19.4257]]}},{"type":"Feature","properties":{"class":"shared"},"geometry":{"type":"LineString","coordinates":[[-99.13754,19.41474],[-99.13721,19.41453],[-99.13696,19.41438]]}},{"type":"Feature","properties":{"class":"separated"},"geometry":{"type":"LineString","coordinates":[[-99.14015,19.41997],[-99.13936,19.42035],[-99.13898,19.42052],[-99.13797,19.42101]]}},{"type":"Feature","properties":{"class":"painted"},"geometry":{"type":"LineString","coordinates":[[-99.14448,19.41894],[-99.14587,19.41908],[-99.14746,19.41921]]}},{"type":"Feature","properties":{"class":"shared"},"geometry":{"type":"LineString","coordinates":[[-99.13519,19.41332],[-99.13512,19.41329],[-99.13503,19.41326],[-99.1349,19.41323],[-99.13477,19.41323]]}},{"type":"Feature","properties":{"class":"shared"},"geometry":{"type":"LineString","coordinates":[[-99.12766,19.46139],[-99.12773,19.46124],[-99.12794,19.46072],[-99.1282,19.46006],[-99.12843,19.45943],[-99.12864,19.45889],[-99.12868,19.45878],[-99.1287,19.45872],[-99.12893,19.45812],[-99.12904,19.45784]]}},{"type":"Feature","properties":{"class":"separated"},"geometry":{"type":"LineString","coordinates":[[-99.15165,19.45419],[-99.15161,19.45432],[-99.15157,19.45442],[-99.15149,19.45459],[-99.1514,19.45475],[-99.15131,19.45491],[-99.15121,19.45506],[-99.15112,19.45518]]}},{"type":"Feature","properties":{"class":"separated"},"geometry":{"type":"LineString","coordinates":[[-99.15183,19.45341],[-99.15178,19.45366],[-99.15173,19.45389],[-99.15169,19.45405],[-99.15165,19.45419]]}},{"type":"Feature","properties":{"class":"shared"},"geometry":{"type":"LineString","coordinates":[[-99.13954,19.44312],[-99.13949,19.44341],[-99.13921,19.44484]]}},{"type":"Feature","properties":{"class":"shared"},"geometry":{"type":"LineString","coordinates":[[-99.13839,19.44998],[-99.13839,19.45006],[-99.13838,19.4503],[-99.13838,19.45045],[-99.13838,19.45065],[-99.13837,19.45303],[-99.13837,19.45319],[-99.13837,19.45367]]}},{"type":"Feature","properties":{"class":"separated"},"geometry":{"type":"LineString","coordinates":[[-99.13639,19.40351],[-99.13625,19.40448]]}},{"type":"Feature","properties":{"class":"separated"},"geometry":{"type":"LineString","coordinates":[[-99.13653,19.40251],[-99.13642,19.40328]]}},{"type":"Feature","properties":{"class":"separated"},"geometry":{"type":"LineString","coordinates":[[-99.13531,19.44796],[-99.13543,19.44782],[-99.1356,19.44766],[-99.1356,19.44766],[-99.13625,19.44707],[-99.13679,19.44658],[-99.13688,19.4465],[-99.13692,19.44646],[-99.1377,19.44575],[-99.13818,19.44533],[-99.13869,19.44486],[-99.13882,19.44473],[-99.1389,19.44468],[-99.13898,19.44464],[-99.13925,19.44457],[-99.13937,19.44452],[-99.13953,19.44442],[-99.13969,19.44429],[-99.13978,19.4442],[-99.13978,19.44419],[-99.13981,19.44416],[-99.13987,19.44408],[-99.13992,19.444],[-99.13994,19.44397],[-99.13995,19.44395],[-99.13998,19.4439],[-99.14001,19.44381],[-99.14003,19.44372],[-99.14005,19.44365],[-99.1401,19.44358],[-99.14027,19.44344],[-99.14063,19.44312],[-99.14131,19.44248],[-99.14162,19.44218],[-99.14239,19.44148],[-99.14266,19.44124],[-99.14273,19.44118],[-99.14287,19.44108]]}},{"type":"Feature","properties":{"class":"separated"},"geometry":{"type":"LineString","coordinates":[[-99.13877,19.44396],[-99.13872,19.44403],[-99.13871,19.44406],[-99.1387,19.44407],[-99.13839,19.44453],[-99.13829,19.4447],[-99.13819,19.44481],[-99.13808,19.44493],[-99.1377,19.44525],[-99.13765,19.4453],[-99.13761,19.44533],[-99.13697,19.44591],[-99.13662,19.44623],[-99.13639,19.44642],[-99.13605,19.44674],[-99.13545,19.44729],[-99.13533,19.44739],[-99.13532,19.4474],[-99.13501,19.44765]]}},{"type":"Feature","properties":{"class":"shared"},"geometry":{"type":"LineString","coordinates":[[-99.142,19.42693],[-99.14207,19.42694],[-99.14211,19.42694],[-99.14216,19.42694],[-99.1423,19.42694],[-99.14248,19.42692],[-99.14256,19.42692],[-99.14295,19.42693]]}},{"type":"Feature","properties":{"class":"separated"},"geometry":{"type":"LineString","coordinates":[[-99.14256,19.42466],[-99.1421,19.4246],[-99.14067,19.42442],[-99.14023,19.42437]]}},{"type":"Feature","properties":{"class":"shared"},"geometry":{"type":"LineString","coordinates":[[-99.14497,19.40406],[-99.1449,19.40479]]}},{"type":"Feature","properties":{"class":"shared"},"geometry":{"type":"LineString","coordinates":[[-99.145,19.40369],[-99.145,19.40376]]}},{"type":"Feature","properties":{"class":"separated"},"geometry":{"type":"LineString","coordinates":[[-99.13526,19.44786],[-99.13523,19.44782],[-99.13519,19.44777],[-99.13514,19.44773],[-99.13509,19.44769],[-99.13501,19.44765],[-99.13498,19.44763],[-99.13492,19.4476],[-99.13479,19.44757],[-99.13457,19.44758],[-99.13437,19.44764],[-99.13421,19.44776],[-99.13409,19.44792],[-99.13403,19.4481],[-99.13403,19.44826],[-99.13406,19.44841],[-99.13414,19.44854],[-99.13415,19.44857],[-99.13423,19.44866]]}},{"type":"Feature","properties":{"class":"shared"},"geometry":{"type":"LineString","coordinates":[[-99.14714,19.35758],[-99.14701,19.35844],[-99.14684,19.35949],[-99.14665,19.36057],[-99.14639,19.36211],[-99.1462,19.36338],[-99.14606,19.36407],[-99.14603,19.36424],[-99.14594,19.36477]]}},{"type":"Feature","properties":{"class":"separated"},"geometry":{"type":"LineString","coordinates":[[-99.14382,19.35699],[-99.14371,19.35746]]}},{"type":"Feature","properties":{"class":"separated"},"geometry":{"type":"LineString","coordinates":[[-99.14396,19.35748],[-99.14406,19.35701]]}},{"type":"Feature","properties":{"class":"separated"},"geometry":{"type":"LineString","coordinates":[[-99.1337,19.4301],[-99.13359,19.43088],[-99.13358,19.43095]]}},{"type":"Feature","properties":{"class":"shared"},"geometry":{"type":"LineString","coordinates":[[-99.13829,19.394],[-99.13773,19.39388]]}},{"type":"Feature","properties":{"class":"separated"},"geometry":{"type":"LineString","coordinates":[[-99.17785,19.42367],[-99.17796,19.42383],[-99.17799,19.42389],[-99.17803,19.42395],[-99.17812,19.42417]]}},{"type":"Feature","properties":{"class":"separated"},"geometry":{"type":"LineString","coordinates":[[-99.17853,19.42483],[-99.17856,19.42482],[-99.17862,19.42477],[-99.17913,19.42405],[-99.17928,19.42394],[-99.17932,19.42393],[-99.17937,19.42392]]}},{"type":"Feature","properties":{"class":"painted"},"geometry":{"type":"LineString","coordinates":[[-99.17401,19.42114],[-99.17409,19.42125]]}},{"type":"Feature","properties":{"class":"shared"},"geometry":{"type":"LineString","coordinates":[[-99.16346,19.42221],[-99.16365,19.42157]]}},{"type":"Feature","properties":{"class":"separated"},"geometry":{"type":"LineString","coordinates":[[-99.18581,19.35238],[-99.18546,19.35347],[-99.1851,19.3546]]}},{"type":"Feature","properties":{"class":"separated"},"geometry":{"type":"LineString","coordinates":[[-99.17727,19.39939],[-99.17739,19.39917]]}},{"type":"Feature","properties":{"class":"painted"},"geometry":{"type":"LineString","coordinates":[[-99.17718,19.39968],[-99.17639,19.4018],[-99.17579,19.40354],[-99.17531,19.40479]]}},{"type":"Feature","properties":{"class":"separated"},"geometry":{"type":"LineString","coordinates":[[-99.17773,19.39789],[-99.17769,19.39781]]}},{"type":"Feature","properties":{"class":"separated"},"geometry":{"type":"LineString","coordinates":[[-99.18718,19.37279],[-99.18718,19.37292],[-99.18718,19.37295],[-99.18717,19.37312]]}},{"type":"Feature","properties":{"class":"separated"},"geometry":{"type":"LineString","coordinates":[[-99.18883,19.47907],[-99.18891,19.4791],[-99.18925,19.47921],[-99.18938,19.47925],[-99.18946,19.47928],[-99.18954,19.47931],[-99.18962,19.47934],[-99.18975,19.47938],[-99.1899,19.47943],[-99.18994,19.47944],[-99.18998,19.47946]]}},{"type":"Feature","properties":{"class":"separated"},"geometry":{"type":"LineString","coordinates":[[-99.19924,19.48263],[-99.19912,19.48258],[-99.19899,19.4825],[-99.19887,19.48237],[-99.19876,19.48221],[-99.1987,19.48206],[-99.19869,19.4819],[-99.19877,19.48067],[-99.1988,19.48018]]}},{"type":"Feature","properties":{"class":"separated"},"geometry":{"type":"LineString","coordinates":[[-99.15164,19.4311],[-99.15168,19.43106],[-99.1517,19.431],[-99.15172,19.43093],[-99.15172,19.43062]]}},{"type":"Feature","properties":{"class":"separated"},"geometry":{"type":"LineString","coordinates":[[-99.14795,19.4322],[-99.14801,19.43221],[-99.14838,19.43226],[-99.14871,19.43231],[-99.14881,19.43233],[-99.14937,19.43241],[-99.14965,19.43245],[-99.14976,19.43247],[-99.1502,19.43253],[-99.15072,19.43261],[-99.15077,19.43261],[-99.1509,19.43263]]}},{"type":"Feature","properties":{"class":"painted"},"geometry":{"type":"LineString","coordinates":[[-99.14576,19.43505],[-99.14579,19.43487],[-99.14586,19.43454],[-99.14606,19.43358],[-99.14625,19.43272],[-99.14632,19.4324],[-99.14641,19.43196],[-99.1466,19.43108],[-99.14661,19.43102],[-99.14676,19.43033]]}},{"type":"Feature","properties":{"class":"separated"},"geometry":{"type":"LineString","coordinates":[[-99.13367,19.42119],[-99.1336,19.42169],[-99.1336,19.4219],[-99.1336,19.42201],[-99.13364,19.42213],[-99.13382,19.42243]]}},{"type":"Feature","properties":{"class":"separated"},"geometry":{"type":"LineString","coordinates":[[-99.13339,19.42348],[-99.13341,19.42338],[-99.1335,19.42293],[-99.13357,19.42263]]}},{"type":"Feature","properties":{"class":"shared"},"geometry":{"type":"LineString","coordinates":[[-99.13571,19.42256],[-99.13455,19.4224],[-99.13377,19.4223],[-99.13369,19.42229]]}},{"type":"Feature","properties":{"class":"separated"},"geometry":{"type":"LineString","coordinates":[[-99.15442,19.43554],[-99.15442,19.4355],[-99.15444,19.43542],[-99.15445,19.43531],[-99.15455,19.4347],[-99.15459,19.43444],[-99.15465,19.43408],[-99.15466,19.43404],[-99.15467,19.43399],[-99.15467,19.43397],[-99.15468,19.43391]]}},{"type":"Feature","properties":{"class":"separated"},"geometry":{"type":"LineString","coordinates":[[-99.15107,19.43221],[-99.15118,19.43195],[-99.15119,19.43191],[-99.15126,19.43177],[-99.15129,19.43169]]}},{"type":"Feature","properties":{"class":"shared"},"geometry":{"type":"LineString","coordinates":[[-99.15397,19.43739],[-99.15399,19.43734],[-99.15413,19.43698],[-99.15414,19.43694],[-99.15414,19.43693],[-99.15418,19.43684],[-99.15423,19.43671]]}},{"type":"Feature","properties":{"class":"shared"},"geometry":{"type":"LineString","coordinates":[[-99.15409,19.43669],[-99.15404,19.43682],[-99.154,19.43692],[-99.15386,19.43727],[-99.15385,19.4373],[-99.15383,19.43736]]}},{"type":"Feature","properties":{"class":"separated"},"geometry":{"type":"LineString","coordinates":[[-99.15221,19.44418],[-99.15221,19.44426],[-99.15215,19.44502],[-99.15214,19.44515],[-99.15212,19.44527],[-99.1521,19.44537],[-99.15206,19.44547],[-99.15202,19.44556],[-99.15193,19.44569],[-99.15191,19.44571],[-99.15188,19.44574],[-99.15177,19.4458],[-99.15165,19.44586],[-99.15158,19.4459],[-99.15155,19.44591],[-99.15147,19.44596],[-99.15139,19.44599],[-99.15134,19.446]]}},{"type":"Feature","properties":{"class":"separated"},"geometry":{"type":"LineString","coordinates":[[-99.15323,19.4389],[-99.15322,19.43894],[-99.15321,19.43896],[-99.15306,19.43936],[-99.15279,19.44006],[-99.15267,19.44034],[-99.1526,19.44047],[-99.15256,19.44058],[-99.15252,19.44073],[-99.15249,19.44084]]}},{"type":"Feature","properties":{"class":"separated"},"geometry":{"type":"LineString","coordinates":[[-99.15239,19.44421],[-99.1524,19.44417],[-99.15241,19.44414],[-99.15253,19.44263],[-99.15254,19.44258]]}},{"type":"Feature","properties":{"class":"separated"},"geometry":{"type":"LineString","coordinates":[[-99.14258,19.44022],[-99.14252,19.44019],[-99.14245,19.44015],[-99.14239,19.44012],[-99.14234,19.4401],[-99.14232,19.44009],[-99.14215,19.44001],[-99.14213,19.44],[-99.14209,19.43999],[-99.14202,19.43996],[-99.14197,19.43994],[-99.14191,19.43993],[-99.14178,19.43991],[-99.14172,19.4399],[-99.14156,19.43987],[-99.14144,19.43986],[-99.14139,19.43986],[-99.14137,19.43986],[-99.14103,19.43984],[-99.14094,19.43983],[-99.14088,19.43983],[-99.14046,19.4398]]}},{"type":"Feature","properties":{"class":"separated"},"geometry":{"type":"LineString","coordinates":[[-99.15813,19.4344],[-99.15819,19.4344],[-99.15823,19.43441],[-99.15848,19.43444],[-99.15914,19.43454],[-99.16043,19.4347],[-99.16159,19.43487],[-99.16229,19.43498],[-99.16345,19.43514],[-99.16397,19.43521],[-99.16406,19.43523],[-99.16458,19.4353],[-99.16504,19.43536],[-99.16508,19.43537],[-99.16571,19.43546],[-99.16687,19.43561]]}},{"type":"Feature","properties":{"class":"separated"},"geometry":{"type":"LineString","coordinates":[[-99.16973,19.43578],[-99.16962,19.43586],[-99.16956,19.4359],[-99.16948,19.43593],[-99.1694,19.43595],[-99.16928,19.43597],[-99.16917,19.43598]]}},{"type":"Feature","properties":{"class":"painted"},"geometry":{"type":"LineString","coordinates":[[-99.16371,19.44278],[-99.16373,19.44272],[-99.16396,19.4419],[-99.16404,19.44158],[-99.16435,19.4404],[-99.16469,19.43921],[-99.16484,19.43863],[-99.16501,19.43802],[-99.16533,19.43687],[-99.16569,19.43552],[-99.16571,19.43546],[-99.16589,19.43484]]}},{"type":"Feature","properties":{"class":"separated"},"geometry":{"type":"LineString","coordinates":[[-99.15255,19.44238],[-99.15255,19.44229],[-99.15266,19.44098],[-99.15267,19.44088]]}},{"type":"Feature","properties":{"class":"shared"},"geometry":{"type":"LineString","coordinates":[[-99.136,19.41368],[-99.13594,19.41368],[-99.13592,19.41367],[-99.1359,19.41366],[-99.13585,19.41363],[-99.13581,19.41361],[-99.1352,19.41324]]}},{"type":"Feature","properties":{"class":"shared"},"geometry":{"type":"LineString","coordinates":[[-99.1352,19.41324],[-99.13511,19.4132],[-99.13491,19.41314],[-99.13479,19.41309]]}},{"type":"Feature","properties":{"class":"shared"},"geometry":{"type":"LineString","coordinates":[[-99.13479,19.41309],[-99.13435,19.41284],[-99.13377,19.41248]]}},{"type":"Feature","properties":{"class":"shared"},"geometry":{"type":"LineString","coordinates":[[-99.13287,19.41209],[-99.13271,19.41208],[-99.1325,19.41207],[-99.13172,19.41203],[-99.13154,19.41202],[-99.13132,19.41201]]}},{"type":"Feature","properties":{"class":"shared"},"geometry":{"type":"LineString","coordinates":[[-99.12764,19.40898],[-99.12797,19.40896],[-99.12881,19.40889],[-99.12998,19.40879],[-99.13044,19.40876],[-99.13086,19.40872],[-99.13136,19.40868],[-99.13166,19.40866],[-99.13181,19.40865],[-99.13221,19.40862],[-99.13262,19.40858],[-99.13277,19.40857],[-99.13289,19.40856],[-99.13294,19.40856],[-99.13304,19.40855],[-99.13352,19.40851]]}},{"type":"Feature","properties":{"class":"shared"},"geometry":{"type":"LineString","coordinates":[[-99.16703,19.39823],[-99.16685,19.39811],[-99.16611,19.3977],[-99.16607,19.39768],[-99.16495,19.39707]]}},{"type":"Feature","properties":{"class":"separated"},"geometry":{"type":"LineString","coordinates":[[-99.13415,19.44857],[-99.1341,19.44865],[-99.13402,19.44877],[-99.13357,19.44935],[-99.1326,19.45059],[-99.13121,19.45237],[-99.13109,19.45246],[-99.13095,19.45254],[-99.13084,19.45258]]}},{"type":"Feature","properties":{"class":"shared"},"geometry":{"type":"LineString","coordinates":[[-99.13778,19.47291],[-99.13789,19.47315],[-99.13821,19.47392],[-99.13839,19.47433]]}},{"type":"Feature","properties":{"class":"shared"},"geometry":{"type":"LineString","coordinates":[[-99.13757,19.47196],[-99.13758,19.47203],[-99.13758,19.4721],[-99.13758,19.47217],[-99.13757,19.47224],[-99.13753,19.47236]]}},{"type":"Feature","properties":{"class":"painted"},"geometry":{"type":"LineString","coordinates":[[-99.18682,19.43768],[-99.1866,19.43762],[-99.18625,19.43759],[-99.1855,19.43754],[-99.18474,19.4375],[-99.18421,19.43748]]}},{"type":"Feature","properties":{"class":"shared"},"geometry":{"type":"LineString","coordinates":[[-99.19102,19.43147],[-99.19091,19.43147],[-99.19057,19.43146],[-99.18973,19.43145],[-99.1889,19.43143],[-99.18811,19.43141],[-99.18733,19.4314],[-99.18644,19.43138],[-99.18567,19.43136],[-99.18493,19.43135],[-99.18419,19.43133],[-99.18347,19.43132],[-99.18269,19.4313],[-99.1826,19.4313],[-99.18241,19.43129],[-99.18105,19.43127]]}},{"type":"Feature","properties":{"class":"shared"},"geometry":{"type":"LineString","coordinates":[[-99.19144,19.43157],[-99.19195,19.43157],[-99.19265,19.43157],[-99.19272,19.43157],[-99.19286,19.43156],[-99.19341,19.43153],[-99.19351,19.43153],[-99.19361,19.43153],[-99.19417,19.43153],[-99.19425,19.43153],[-99.19436,19.43154],[-99.19495,19.43159],[-99.19502,19.43159],[-99.19564,19.43165],[-99.19579,19.43166]]}},{"type":"Feature","properties":{"class":"shared"},"geometry":{"type":"LineString","coordinates":[[-99.1913,19.43142],[-99.19138,19.43135],[-99.19204,19.43082],[-99.19225,19.43065],[-99.19294,19.4301],[-99.19386,19.42944]]}},{"type":"Feature","properties":{"class":"painted"},"geometry":{"type":"LineString","coordinates":[[-99.18751,19.43771],[-99.18716,19.4377],[-99.18684,19.43768],[-99.18682,19.43768]]}},{"type":"Feature","properties":{"class":"painted"},"geometry":{"type":"LineString","coordinates":[[-99.18588,19.43781],[-99.18603,19.43782],[-99.18618,19.43783],[-99.18677,19.43785]]}},{"type":"Feature","properties":{"class":"painted"},"geometry":{"type":"LineString","coordinates":[[-99.2063,19.43847],[-99.20609,19.43846],[-99.20601,19.43846],[-99.20598,19.43846],[-99.20587,19.43845],[-99.20537,19.43844],[-99.20521,19.43844],[-99.20466,19.43841],[-99.20385,19.43838],[-99.20308,19.43834],[-99.20231,19.4383],[-99.2016,19.43828],[-99.20099,19.43824],[-99.20086,19.43823]]}},{"type":"Feature","properties":{"class":"separated"},"geometry":{"type":"LineString","coordinates":[[-99.17761,19.46197],[-99.17697,19.46186],[-99.17631,19.46175],[-99.17564,19.46164],[-99.17519,19.46156],[-99.17405,19.46138],[-99.17328,19.46124],[-99.17305,19.4612],[-99.17244,19.4611],[-99.17193,19.46101],[-99.17156,19.46095],[-99.1713,19.46091],[-99.17107,19.46087],[-99.17067,19.4608]]}},{"type":"Feature","properties":{"class":"shared"},"geometry":{"type":"LineString","coordinates":[[-99.18077,19.43059],[-99.18081,19.43057],[-99.18148,19.43028],[-99.18158,19.43023],[-99.1823,19.42993],[-99.18242,19.42989]]}},{"type":"Feature","properties":{"class":"separated"},"geometry":{"type":"LineString","coordinates":[[-99.19011,19.42578],[-99.19036,19.4256]]}},{"type":"Feature","properties":{"class":"separated"},"geometry":{"type":"LineString","coordinates":[[-99.18999,19.42554],[-99.19005,19.42558],[-99.19008,19.42564],[-99.1901,19.4257],[-99.19011,19.42578]]}},{"type":"Feature","properties":{"class":"shared"},"geometry":{"type":"LineString","coordinates":[[-99.18485,19.4278],[-99.18485,19.42781],[-99.18495,19.42785],[-99.18514,19.42795],[-99.18538,19.42816],[-99.18545,19.42828],[-99.18547,19.42831],[-99.18553,19.42842]]}},{"type":"Feature","properties":{"class":"separated"},"geometry":{"type":"LineString","coordinates":[[-99.18625,19.42999],[-99.18577,19.42891],[-99.18575,19.42886],[-99.18569,19.42873],[-99.18567,19.42868],[-99.18565,19.42864],[-99.18562,19.42858],[-99.1856,19.42854]]}},{"type":"Feature","properties":{"class":"painted"},"geometry":{"type":"LineString","coordinates":[[-99.18969,19.43797],[-99.18965,19.43785],[-99.18959,19.43773]]}},{"type":"Feature","properties":{"class":"separated"},"geometry":{"type":"LineString","coordinates":[[-99.18975,19.43045],[-99.18893,19.43042],[-99.18813,19.43041],[-99.18737,19.43039],[-99.18719,19.43038],[-99.18683,19.43033],[-99.18654,19.43026]]}},{"type":"Feature","properties":{"class":"separated"},"geometry":{"type":"LineString","coordinates":[[-99.19046,19.438],[-99.19036,19.43961],[-99.19033,19.43995],[-99.19031,19.44032]]}},{"type":"Feature","properties":{"class":"separated"},"geometry":{"type":"LineString","coordinates":[[-99.18973,19.43955],[-99.18968,19.43949],[-99.18966,19.43943],[-99.18964,19.43937],[-99.18964,19.4393],[-99.18969,19.43797]]}},{"type":"Feature","properties":{"class":"separated"},"geometry":{"type":"LineString","coordinates":[[-99.2005,19.44139],[-99.20058,19.44139],[-99.20072,19.44137],[-99.2008,19.44136]]}},{"type":"Feature","properties":{"class":"separated"},"geometry":{"type":"LineString","coordinates":[[-99.20292,19.3543],[-99.2029,19.35422],[-99.20347,19.35287],[-99.20367,19.35252],[-99.20381,19.35233],[-99.20406,19.35208],[-99.20427,19.3519],[-99.20481,19.35154],[-99.20503,19.35139],[-99.2052,19.35123],[-99.20534,19.35107],[-99.20542,19.35098],[-99.20552,19.35081],[-99.20566,19.35046],[-99.2058,19.35004],[-99.20592,19.34979],[-99.20599,19.34967],[-99.20613,19.3495],[-99.20618,19.34944],[-99.20638,19.34925],[-99.20714,19.34871],[-99.20772,19.3483],[-99.20804,19.3481]]}},{"type":"Feature","properties":{"class":"shared"},"geometry":{"type":"LineString","coordinates":[[-99.13265,19.41329],[-99.13105,19.41334]]}},{"type":"Feature","properties":{"class":"painted"},"geometry":{"type":"LineString","coordinates":[[-99.15379,19.37517],[-99.15342,19.37511],[-99.15299,19.37505],[-99.15253,19.37498],[-99.15208,19.3749],[-99.15165,19.37484],[-99.15125,19.37478],[-99.15082,19.37471],[-99.1503,19.37462],[-99.14987,19.37456],[-99.14913,19.37444]]}},{"type":"Feature","properties":{"class":"painted"},"geometry":{"type":"LineString","coordinates":[[-99.17623,19.40509],[-99.17669,19.40384],[-99.17685,19.40335],[-99.17695,19.40307],[-99.17713,19.40257],[-99.1773,19.40209],[-99.17806,19.39997]]}},{"type":"Feature","properties":{"class":"painted"},"geometry":{"type":"LineString","coordinates":[[-99.17059,19.39993],[-99.1706,19.39994],[-99.17064,19.39995],[-99.17073,19.39998],[-99.17136,19.40017],[-99.17184,19.40033],[-99.17226,19.40046],[-99.1724,19.40051],[-99.17275,19.40062],[-99.17368,19.40092],[-99.1746,19.40122],[-99.17548,19.40151],[-99.17639,19.4018],[-99.1773,19.40209],[-99.17823,19.40239],[-99.17898,19.40263],[-99.17907,19.40266]]}},{"type":"Feature","properties":{"class":"separated"},"geometry":{"type":"LineString","coordinates":[[-99.17289,19.41952],[-99.17315,19.41984],[-99.17348,19.42026]]}},{"type":"Feature","properties":{"class":"shared"},"geometry":{"type":"LineString","coordinates":[[-99.16936,19.41508],[-99.16906,19.4153],[-99.16868,19.41553],[-99.16849,19.41563],[-99.16827,19.41571],[-99.16802,19.41573],[-99.1677,19.41569],[-99.1674,19.41554],[-99.16716,19.41539],[-99.167,19.41515]]}},{"type":"Feature","properties":{"class":"shared"},"geometry":{"type":"LineString","coordinates":[[-99.17157,19.40971],[-99.17161,19.40966],[-99.17164,19.40959],[-99.17164,19.40951],[-99.17161,19.40944],[-99.17156,19.40938],[-99.1715,19.40934],[-99.17148,19.40933],[-99.17141,19.40931],[-99.17134,19.40932],[-99.17127,19.40935],[-99.17122,19.40939],[-99.17117,19.40945],[-99.17115,19.4095],[-99.17115,19.40957],[-99.17117,19.40963],[-99.1712,19.40969],[-99.17126,19.40974],[-99.17131,19.40976],[-99.17138,19.40978],[-99.17145,19.40977],[-99.17151,19.40975],[-99.17157,19.40971]]}},{"type":"Feature","properties":{"class":"shared"},"geometry":{"type":"LineString","coordinates":[[-99.16912,19.40981],[-99.16909,19.40974],[-99.16906,19.4097],[-99.16902,19.40967],[-99.16896,19.40964],[-99.16889,19.40963],[-99.16882,19.40965],[-99.16876,19.40968],[-99.16872,19.40972],[-99.16869,19.40976],[-99.16867,19.40981],[-99.16867,19.40986],[-99.16868,19.40991],[-99.16871,19.40997],[-99.16876,19.41003],[-99.16882,19.41006],[-99.16889,19.41007],[-99.16895,19.41006],[-99.16901,19.41004],[-99.16907,19.40999],[-99.16911,19.40994],[-99.16913,19.40987],[-99.16912,19.40981]]}},{"type":"Feature","properties":{"class":"shared"},"geometry":{"type":"LineString","coordinates":[[-99.17122,19.40939],[-99.17094,19.40933],[-99.1707,19.4093],[-99.17048,19.40931],[-99.17011,19.40936],[-99.16953,19.40949],[-99.16902,19.40967]]}},{"type":"Feature","properties":{"class":"shared"},"geometry":{"type":"LineString","coordinates":[[-99.16683,19.4152],[-99.16708,19.41546],[-99.16737,19.41566],[-99.16768,19.4158],[-99.16798,19.41582],[-99.16827,19.41581],[-99.16856,19.41573],[-99.16876,19.41564],[-99.16914,19.4154],[-99.16944,19.41519]]}},{"type":"Feature","properties":{"class":"shared"},"geometry":{"type":"LineString","coordinates":[[-99.16604,19.39262],[-99.16625,19.39266]]}},{"type":"Feature","properties":{"class":"painted"},"geometry":{"type":"LineString","coordinates":[[-99.18132,19.38754],[-99.18072,19.38776],[-99.17941,19.38823],[-99.17892,19.38841],[-99.17843,19.38858],[-99.17797,19.38874],[-99.17787,19.38878],[-99.17774,19.38882],[-99.17629,19.38934]]}},{"type":"Feature","properties":{"class":"separated"},"geometry":{"type":"LineString","coordinates":[[-99.1747,19.36389],[-99.17464,19.36419],[-99.17453,19.36464],[-99.17448,19.36485]]}},{"type":"Feature","properties":{"class":"painted"},"geometry":{"type":"LineString","coordinates":[[-99.17435,19.36539],[-99.1738,19.3677],[-99.17367,19.36823],[-99.17339,19.36936],[-99.17322,19.37002],[-99.17304,19.37073],[-99.17292,19.37125],[-99.17282,19.37163],[-99.17273,19.37197],[-99.17271,19.37207],[-99.17269,19.37214],[-99.17264,19.37238],[-99.17248,19.37297],[-99.17242,19.37318],[-99.17237,19.37339],[-99.17233,19.37352],[-99.1723,19.37366],[-99.17229,19.3737],[-99.17214,19.37431],[-99.1718,19.37577],[-99.17159,19.37664],[-99.17146,19.37719],[-99.17128,19.37795]]}},{"type":"Feature","properties":{"class":"separated"},"geometry":{"type":"LineString","coordinates":[[-99.18616,19.37157],[-99.18631,19.37173],[-99.18648,19.37184],[-99.1866,19.37192],[-99.18667,19.37199],[-99.18673,19.37207],[-99.18679,19.37214],[-99.18683,19.37221]]}},{"type":"Feature","properties":{"class":"painted"},"geometry":{"type":"LineString","coordinates":[[-99.14367,19.38162],[-99.14364,19.38173],[-99.14331,19.38335],[-99.14295,19.38521],[-99.1428,19.38612],[-99.14272,19.38658],[-99.14264,19.38711],[-99.14248,19.3881],[-99.14238,19.38877],[-99.14222,19.38974],[-99.14219,19.38997],[-99.14215,19.39026],[-99.14208,19.39076],[-99.14201,19.39128],[-99.14188,19.39227],[-99.14181,19.39262],[-99.14152,19.39443],[-99.14151,19.39448]]}},{"type":"Feature","properties":{"class":"shared"},"geometry":{"type":"LineString","coordinates":[[-99.14529,19.36856],[-99.14507,19.36983],[-99.14496,19.37048],[-99.14485,19.37112],[-99.14478,19.37154],[-99.14459,19.37264]]}},{"type":"Feature","properties":{"class":"shared"},"geometry":{"type":"LineString","coordinates":[[-99.18307,19.37469],[-99.18324,19.37474],[-99.18454,19.3751],[-99.1846,19.37511],[-99.18501,19.37523]]}},{"type":"Feature","properties":{"class":"shared"},"geometry":{"type":"LineString","coordinates":[[-99.1757,19.42327],[-99.1752,19.42322],[-99.17515,19.42321],[-99.1751,19.42321],[-99.17505,19.4232],[-99.17495,19.4232],[-99.17489,19.4232],[-99.17478,19.42321]]}},{"type":"Feature","properties":{"class":"separated"},"geometry":{"type":"LineString","coordinates":[[-99.1437,19.35751],[-99.14352,19.3583],[-99.14341,19.35881],[-99.14336,19.35902],[-99.14314,19.35999],[-99.14301,19.36071],[-99.14288,19.36144]]}},{"type":"Feature","properties":{"class":"shared"},"geometry":{"type":"LineString","coordinates":[[-99.14845,19.36905],[-99.14851,19.36871],[-99.14867,19.36776],[-99.14877,19.36719],[-99.1489,19.36654],[-99.14911,19.36536],[-99.14913,19.36527]]}},{"type":"Feature","properties":{"class":"separated"},"geometry":{"type":"LineString","coordinates":[[-99.14288,19.36144],[-99.14279,19.36154]]}},{"type":"Feature","properties":{"class":"shared"},"geometry":{"type":"LineString","coordinates":[[-99.15119,19.33388],[-99.15112,19.33401],[-99.15104,19.33411],[-99.15098,19.33417],[-99.15092,19.33422],[-99.14888,19.33486],[-99.14872,19.33491],[-99.14862,19.33496],[-99.14854,19.335],[-99.14847,19.33506],[-99.1484,19.33513],[-99.14816,19.33548]]}},{"type":"Feature","properties":{"class":"separated"},"geometry":{"type":"LineString","coordinates":[[-99.17028,19.39969],[-99.17022,19.39946],[-99.17016,19.39923],[-99.17007,19.39889],[-99.16998,19.39855],[-99.16988,19.39817]]}},{"type":"Feature","properties":{"class":"shared"},"geometry":{"type":"LineString","coordinates":[[-99.15453,19.35741],[-99.15657,19.357],[-99.15786,19.35674],[-99.15871,19.35657],[-99.16006,19.35629],[-99.16139,19.35603],[-99.16272,19.35576],[-99.16348,19.35562],[-99.16429,19.35546],[-99.16566,19.35519],[-99.16696,19.35491],[-99.16757,19.35478]]}},{"type":"Feature","properties":{"class":"shared"},"geometry":{"type":"LineString","coordinates":[[-99.16688,19.35403],[-99.16676,19.35405],[-99.16544,19.35431],[-99.16408,19.35458],[-99.16343,19.3547],[-99.16252,19.35488],[-99.16119,19.35515],[-99.15987,19.35541],[-99.15851,19.35568],[-99.15767,19.35585],[-99.15638,19.35611],[-99.15521,19.35634],[-99.15413,19.35655],[-99.15386,19.35661],[-99.15291,19.35679]]}},{"type":"Feature","properties":{"class":"shared"},"geometry":{"type":"LineString","coordinates":[[-99.15578,19.3553],[-99.1562,19.35522],[-99.15746,19.35497],[-99.15834,19.3548],[-99.15967,19.35454],[-99.161,19.35426],[-99.16233,19.35399],[-99.16321,19.35382],[-99.16351,19.35376],[-99.1639,19.35368],[-99.16525,19.35342],[-99.16613,19.35324]]}},{"type":"Feature","properties":{"class":"shared"},"geometry":{"type":"LineString","coordinates":[[-99.19017,19.3365],[-99.1901,19.33601],[-99.19008,19.33569]]}},{"type":"Feature","properties":{"class":"shared"},"geometry":{"type":"LineString","coordinates":[[-99.19006,19.33679],[-99.19009,19.33699],[-99.19013,19.33729]]}},{"type":"Feature","properties":{"class":"shared"},"geometry":{"type":"LineString","coordinates":[[-99.19003,19.33651],[-99.19006,19.33679]]}},{"type":"Feature","properties":{"class":"shared"},"geometry":{"type":"LineString","coordinates":[[-99.18973,19.33306],[-99.1898,19.33359],[-99.18983,19.33394],[-99.18985,19.33446],[-99.1899,19.33549]]}},{"type":"Feature","properties":{"class":"shared"},"geometry":{"type":"LineString","coordinates":[[-99.15065,19.34885],[-99.1505,19.34877]]}},{"type":"Feature","properties":{"class":"separated"},"geometry":{"type":"LineString","coordinates":[[-99.20867,19.33959],[-99.20933,19.33924],[-99.20988,19.33894],[-99.21034,19.3387],[-99.21089,19.33842]]}},{"type":"Feature","properties":{"class":"separated"},"geometry":{"type":"LineString","coordinates":[[-99.18246,19.36921],[-99.1835,19.36991],[-99.18372,19.36999]]}},{"type":"Feature","properties":{"class":"shared"},"geometry":{"type":"LineString","coordinates":[[-99.16093,19.42101],[-99.16092,19.42097],[-99.1608,19.42048],[-99.16078,19.42047],[-99.16042,19.42055],[-99.16034,19.42057],[-99.16028,19.42058],[-99.1602,19.4206],[-99.15989,19.42067],[-99.15986,19.42068],[-99.15985,19.42071],[-99.15994,19.42108]]}},{"type":"Feature","properties":{"class":"separated"},"geometry":{"type":"LineString","coordinates":[[-99.20242,19.41923],[-99.20237,19.41922],[-99.20233,19.41922],[-99.20229,19.41924],[-99.20225,19.41927],[-99.20223,19.41931],[-99.20223,19.41935],[-99.20224,19.41939]]}},{"type":"Feature","properties":{"class":"separated"},"geometry":{"type":"LineString","coordinates":[[-99.20064,19.41387],[-99.20059,19.4138],[-99.20056,19.41371],[-99.20054,19.4136],[-99.20054,19.41355],[-99.20055,19.41349],[-99.20059,19.41339],[-99.20067,19.41327],[-99.2008,19.41314],[-99.2009,19.41304],[-99.201,19.41294],[-99.20108,19.41286],[-99.20161,19.41232],[-99.20213,19.4118],[-99.20219,19.41173],[-99.20222,19.41168],[-99.20225,19.41162],[-99.20227,19.41156],[-99.20227,19.4115],[-99.20226,19.4113],[-99.20225,19.41117],[-99.2022,19.4103],[-99.2022,19.41026],[-99.20219,19.41013],[-99.20218,19.41001],[-99.20216,19.40987],[-99.20213,19.40975],[-99.2021,19.40964],[-99.20207,19.40956],[-99.20203,19.40947],[-99.2019,19.40922],[-99.2018,19.40907],[-99.20154,19.40867],[-99.20149,19.40859],[-99.20145,19.40854],[-99.2014,19.4085],[-99.20136,19.40847],[-99.20131,19.40845],[-99.20122,19.40842],[-99.20115,19.4084],[-99.20109,19.4084],[-99.201,19.4084],[-99.20085,19.40841],[-99.20063,19.40843],[-99.20046,19.40846],[-99.20033,19.4085],[-99.20024,19.40855],[-99.2001,19.40862],[-99.1991,19.40917],[-99.19896,19.40925]]}},{"type":"Feature","properties":{"class":"separated"},"geometry":{"type":"LineString","coordinates":[[-99.20251,19.41797],[-99.20246,19.4181],[-99.20246,19.41826],[-99.20249,19.41845],[-99.20253,19.41867],[-99.20253,19.41883],[-99.20251,19.41899],[-99.2025,19.41904],[-99.20247,19.41913],[-99.20242,19.41923]]}},{"type":"Feature","properties":{"class":"separated"},"geometry":{"type":"LineString","coordinates":[[-99.19937,19.42128],[-99.19804,19.41979]]}},{"type":"Feature","properties":{"class":"separated"},"geometry":{"type":"LineString","coordinates":[[-99.20477,19.42815],[-99.20464,19.42804],[-99.20453,19.42795],[-99.20442,19.42784],[-99.20426,19.42768],[-99.20422,19.42764],[-99.20409,19.42749],[-99.20401,19.4274],[-99.20392,19.42729],[-99.20384,19.42719],[-99.20378,19.4271],[-99.20372,19.42701],[-99.20366,19.4269],[-99.20361,19.42678]]}},{"type":"Feature","properties":{"class":"separated"},"geometry":{"type":"LineString","coordinates":[[-99.19802,19.41976],[-99.19782,19.41958],[-99.19752,19.41931],[-99.19665,19.4186],[-99.19635,19.41836],[-99.19613,19.41817],[-99.1961,19.41815]]}},{"type":"Feature","properties":{"class":"separated"},"geometry":{"type":"LineString","coordinates":[[-99.2033,19.42603],[-99.2033,19.42602],[-99.20325,19.42587],[-99.20315,19.42554],[-99.20314,19.42549],[-99.20313,19.42543],[-99.20312,19.42535],[-99.20311,19.42533],[-99.2031,19.42527],[-99.2031,19.42526],[-99.20295,19.42478],[-99.20292,19.4247],[-99.20275,19.42417],[-99.20272,19.42408],[-99.20268,19.42398],[-99.20258,19.42379],[-99.20249,19.42363],[-99.20244,19.42353],[-99.20239,19.42345],[-99.20231,19.42334],[-99.20223,19.42324],[-99.20207,19.42306],[-99.20198,19.42295],[-99.20189,19.42287],[-99.2018,19.42279],[-99.20172,19.42273],[-99.20163,19.42265],[-99.20154,19.42259],[-99.20143,19.42251],[-99.20129,19.42244],[-99.20118,19.42238],[-99.20107,19.42232],[-99.20099,19.42228],[-99.2009,19.42224],[-99.20067,19.42214],[-99.20043,19.42203],[-99.20027,19.42195],[-99.20016,19.42189],[-99.19995,19.42176],[-99.19976,19.42162],[-99.19964,19.42152],[-99.19956,19.42145],[-99.19945,19.42134]]}},{"type":"Feature","properties":{"class":"separated"},"geometry":{"type":"LineString","coordinates":[[-99.19523,19.41738],[-99.195,19.41721],[-99.1947,19.41666]]}},{"type":"Feature","properties":{"class":"separated"},"geometry":{"type":"LineString","coordinates":[[-99.19385,19.40085],[-99.19388,19.40073],[-99.19389,19.40063],[-99.19389,19.40052],[-99.19387,19.40039],[-99.19384,19.40025],[-99.19379,19.40015],[-99.19374,19.40005],[-99.1937,19.39998],[-99.19369,19.39996]]}},{"type":"Feature","properties":{"class":"separated"},"geometry":{"type":"LineString","coordinates":[[-99.1919,19.39957],[-99.19179,19.39958],[-99.19164,19.39957],[-99.19148,19.39955],[-99.19132,19.3995],[-99.19119,19.39944],[-99.19105,19.39936],[-99.19095,19.39927],[-99.19086,19.39919],[-99.19078,19.39909],[-99.19069,19.39895],[-99.19012,19.39768]]}},{"type":"Feature","properties":{"class":"separated"},"geometry":{"type":"LineString","coordinates":[[-99.1928,19.39945],[-99.1923,19.39952]]}},{"type":"Feature","properties":{"class":"separated"},"geometry":{"type":"LineString","coordinates":[[-99.18977,19.39661],[-99.1898,19.39628]]}},{"type":"Feature","properties":{"class":"separated"},"geometry":{"type":"LineString","coordinates":[[-99.19657,19.41609],[-99.19653,19.41635],[-99.19644,19.41702]]}},{"type":"Feature","properties":{"class":"painted"},"geometry":{"type":"LineString","coordinates":[[-99.18233,19.41146],[-99.18261,19.41155]]}},{"type":"Feature","properties":{"class":"separated"},"geometry":{"type":"LineString","coordinates":[[-99.18261,19.41155],[-99.18276,19.41114],[-99.18283,19.41095],[-99.18288,19.41084]]}},{"type":"Feature","properties":{"class":"painted"},"geometry":{"type":"LineString","coordinates":[[-99.18974,19.41286],[-99.18977,19.41278],[-99.19009,19.41186],[-99.19049,19.41087],[-99.19057,19.41069],[-99.19074,19.4103]]}},{"type":"Feature","properties":{"class":"painted"},"geometry":{"type":"LineString","coordinates":[[-99.19131,19.40811],[-99.19133,19.40817],[-99.19134,19.40822],[-99.19134,19.40857],[-99.19134,19.40916]]}},{"type":"Feature","properties":{"class":"separated"},"geometry":{"type":"LineString","coordinates":[[-99.14434,19.3438],[-99.14423,19.34333],[-99.14417,19.34307],[-99.14399,19.34242],[-99.14386,19.34188],[-99.1438,19.34164],[-99.1438,19.34163],[-99.14369,19.34125],[-99.14366,19.34114],[-99.1436,19.34093],[-99.14351,19.34058],[-99.14344,19.34035],[-99.14324,19.33971],[-99.14314,19.33936],[-99.14306,19.33908],[-99.14286,19.33844],[-99.14275,19.33809],[-99.14258,19.33754],[-99.14243,19.33709],[-99.14213,19.33608],[-99.14204,19.33578],[-99.1419,19.33535],[-99.14182,19.33508],[-99.14149,19.33405],[-99.14136,19.3336],[-99.14106,19.33259],[-99.14092,19.33216],[-99.14081,19.33183],[-99.14061,19.33119],[-99.14021,19.32991],[-99.14014,19.3297],[-99.13971,19.32834],[-99.13965,19.32816],[-99.1395,19.32765],[-99.13901,19.32607],[-99.13896,19.32591],[-99.13895,19.32587],[-99.13828,19.32371],[-99.13816,19.32333],[-99.13811,19.32321],[-99.13808,19.32307],[-99.13796,19.32262],[-99.1379,19.32221],[-99.13787,19.32179],[-99.13789,19.32145],[-99.13796,19.32102],[-99.13817,19.32031],[-99.13827,19.31996]]}},{"type":"Feature","properties":{"class":"separated"},"geometry":{"type":"LineString","coordinates":[[-99.14318,19.34046],[-99.14317,19.34056],[-99.14324,19.34081],[-99.14338,19.34132],[-99.14345,19.34157],[-99.1435,19.34178]]}},{"type":"Feature","properties":{"class":"separated"},"geometry":{"type":"LineString","coordinates":[[-99.19208,19.44253],[-99.19203,19.44286],[-99.19201,19.44296],[-99.19176,19.44478],[-99.1916,19.44589]]}},{"type":"Feature","properties":{"class":"shared"},"geometry":{"type":"LineString","coordinates":[[-99.15129,19.35158],[-99.15145,19.35155]]}},{"type":"Feature","properties":{"class":"painted"},"geometry":{"type":"LineString","coordinates":[[-99.19176,19.44478],[-99.19064,19.44465],[-99.18955,19.4445],[-99.18951,19.4445],[-99.18845,19.44437],[-99.18796,19.44429],[-99.18742,19.44422],[-99.18739,19.44421],[-99.18686,19.44415],[-99.1863,19.44407],[-99.18533,19.44395],[-99.18532,19.44394],[-99.18527,19.44392],[-99.18525,19.44391],[-99.18523,19.4439],[-99.18518,19.44387],[-99.18513,19.44386],[-99.18431,19.44375],[-99.18413,19.44374],[-99.18343,19.44366]]}},{"type":"Feature","properties":{"class":"separated"},"geometry":{"type":"LineString","coordinates":[[-99.18335,19.44166],[-99.18442,19.44179],[-99.18496,19.44186],[-99.18549,19.44193],[-99.18552,19.44193],[-99.18556,19.44194],[-99.18592,19.44199],[-99.18654,19.44207],[-99.18658,19.44207]]}},{"type":"Feature","properties":{"class":"painted"},"geometry":{"type":"LineString","coordinates":[[-99.18283,19.44553],[-99.18315,19.44557],[-99.18322,19.44558],[-99.18327,19.44558],[-99.18386,19.44565],[-99.18496,19.44579],[-99.18602,19.44593],[-99.1866,19.446],[-99.18713,19.44606],[-99.18768,19.44613],[-99.1882,19.4462],[-99.18868,19.44627],[-99.18929,19.44635],[-99.18979,19.44642],[-99.19037,19.44649],[-99.19094,19.44657],[-99.1912,19.4466],[-99.19148,19.44663]]}},{"type":"Feature","properties":{"class":"separated"},"geometry":{"type":"LineString","coordinates":[[-99.17685,19.42546],[-99.17762,19.42518],[-99.17831,19.42493],[-99.17841,19.4249]]}},{"type":"Feature","properties":{"class":"separated"},"geometry":{"type":"LineString","coordinates":[[-99.16689,19.45417],[-99.1669,19.45425],[-99.16723,19.45579],[-99.16725,19.45592],[-99.16736,19.45645]]}},{"type":"Feature","properties":{"class":"painted"},"geometry":{"type":"LineString","coordinates":[[-99.18089,19.44331],[-99.1798,19.44318],[-99.17918,19.4431],[-99.17874,19.44304],[-99.17809,19.44296]]}},{"type":"Feature","properties":{"class":"separated"},"geometry":{"type":"LineString","coordinates":[[-99.18104,19.36816],[-99.1811,19.3682],[-99.18173,19.3687],[-99.18189,19.36881]]}},{"type":"Feature","properties":{"class":"separated"},"geometry":{"type":"LineString","coordinates":[[-99.1718,19.4157],[-99.17195,19.4154],[-99.17203,19.41519],[-99.17205,19.41508],[-99.17208,19.41496],[-99.17211,19.41475],[-99.17213,19.41461],[-99.17212,19.41442],[-99.1721,19.41431],[-99.17209,19.4142],[-99.17202,19.41403],[-99.17193,19.41387],[-99.17181,19.41366],[-99.17176,19.41357]]}},{"type":"Feature","properties":{"class":"separated"},"geometry":{"type":"LineString","coordinates":[[-99.17176,19.41357],[-99.17173,19.41348],[-99.17171,19.41342],[-99.17171,19.41341],[-99.17169,19.41327],[-99.17171,19.41322],[-99.17172,19.41318],[-99.17208,19.4123],[-99.1723,19.41177]]}},{"type":"Feature","properties":{"class":"painted"},"geometry":{"type":"LineString","coordinates":[[-99.16669,19.4006],[-99.16613,19.40068]]}},{"type":"Feature","properties":{"class":"separated"},"geometry":{"type":"LineString","coordinates":[[-99.17203,19.3673],[-99.17249,19.3655],[-99.17252,19.36537],[-99.17253,19.36533],[-99.17262,19.36501],[-99.1728,19.36425],[-99.17283,19.36414],[-99.17297,19.36356],[-99.17301,19.36338],[-99.17302,19.36323],[-99.17301,19.36303],[-99.17299,19.36286],[-99.17294,19.36271],[-99.17285,19.36255],[-99.17254,19.36213],[-99.17143,19.36062],[-99.17137,19.36051]]}},{"type":"Feature","properties":{"class":"separated"},"geometry":{"type":"LineString","coordinates":[[-99.14485,19.34698],[-99.14506,19.34787],[-99.1452,19.34844],[-99.14524,19.3486],[-99.14534,19.349],[-99.14541,19.34953],[-99.14543,19.34983],[-99.14544,19.34998],[-99.14542,19.35083],[-99.14538,19.35126],[-99.14526,19.35187],[-99.14513,19.35241],[-99.14491,19.35311]]}},{"type":"Feature","properties":{"class":"shared"},"geometry":{"type":"LineString","coordinates":[[-99.13814,19.4556],[-99.13795,19.45626]]}},{"type":"Feature","properties":{"class":"separated"},"geometry":{"type":"LineString","coordinates":[[-99.13302,19.35527],[-99.13298,19.35528],[-99.13295,19.35528],[-99.13275,19.35516],[-99.13243,19.35485],[-99.13062,19.3531],[-99.13048,19.35297],[-99.13035,19.35283],[-99.13002,19.35253],[-99.12975,19.35223],[-99.12899,19.35151],[-99.12854,19.3513],[-99.1283,19.35124],[-99.12809,19.35123],[-99.12753,19.35124],[-99.12677,19.35124],[-99.12668,19.35124],[-99.12413,19.35119],[-99.12285,19.35116],[-99.12201,19.35115],[-99.12167,19.35115],[-99.12127,19.35112],[-99.12105,19.35107],[-99.1208,19.35098],[-99.12055,19.35091],[-99.12035,19.35076]]}},{"type":"Feature","properties":{"class":"separated"},"geometry":{"type":"LineString","coordinates":[[-99.14318,19.34046],[-99.14344,19.34124],[-99.14346,19.34133],[-99.14354,19.34162],[-99.14359,19.3418],[-99.14372,19.34229]]}},{"type":"Feature","properties":{"class":"separated"},"geometry":{"type":"LineString","coordinates":[[-99.14435,19.34489],[-99.14455,19.3457],[-99.14465,19.34609],[-99.14482,19.3468],[-99.14485,19.34698]]}},{"type":"Feature","properties":{"class":"separated"},"geometry":{"type":"LineString","coordinates":[[-99.14404,19.34361],[-99.14435,19.34489]]}},{"type":"Feature","properties":{"class":"separated"},"geometry":{"type":"LineString","coordinates":[[-99.1442,19.34461],[-99.1442,19.34462],[-99.14447,19.34571],[-99.14453,19.34595],[-99.14461,19.34628],[-99.14464,19.34641],[-99.14469,19.34658],[-99.14475,19.34681],[-99.14485,19.34698]]}},{"type":"Feature","properties":{"class":"separated"},"geometry":{"type":"LineString","coordinates":[[-99.14396,19.34363],[-99.1442,19.34461]]}},{"type":"Feature","properties":{"class":"separated"},"geometry":{"type":"LineString","coordinates":[[-99.15132,19.45547],[-99.15141,19.4554],[-99.15149,19.45532],[-99.15155,19.45524],[-99.1516,19.45516],[-99.15165,19.45507],[-99.15169,19.45498],[-99.15171,19.45488],[-99.15173,19.45478],[-99.15223,19.45208]]}},{"type":"Feature","properties":{"class":"separated"},"geometry":{"type":"LineString","coordinates":[[-99.15229,19.45173],[-99.15232,19.45162],[-99.1525,19.45076],[-99.15266,19.4499],[-99.15269,19.44974],[-99.15291,19.44854]]}},{"type":"Feature","properties":{"class":"shared"},"geometry":{"type":"LineString","coordinates":[[-99.1902,19.33678],[-99.19017,19.3365]]}},{"type":"Feature","properties":{"class":"separated"},"geometry":{"type":"LineString","coordinates":[[-99.14166,19.37003],[-99.1417,19.36998],[-99.14172,19.36996],[-99.14174,19.36991],[-99.14182,19.36934],[-99.14203,19.36814],[-99.14204,19.36809],[-99.14206,19.36797],[-99.14206,19.36792],[-99.14212,19.36758],[-99.14215,19.36741],[-99.14225,19.36677],[-99.14248,19.36554],[-99.14267,19.3644],[-99.1427,19.36421]]}},{"type":"Feature","properties":{"class":"separated"},"geometry":{"type":"LineString","coordinates":[[-99.13382,19.42243],[-99.13393,19.42256],[-99.13418,19.4228],[-99.13424,19.42286],[-99.13429,19.42293],[-99.13432,19.423],[-99.13433,19.42309],[-99.13427,19.42358],[-99.13428,19.42371]]}},{"type":"Feature","properties":{"class":"separated"},"geometry":{"type":"LineString","coordinates":[[-99.16795,19.37133],[-99.1679,19.37155],[-99.16784,19.3718],[-99.16774,19.37218],[-99.16749,19.37321],[-99.16747,19.37329],[-99.16745,19.37335],[-99.16715,19.37457],[-99.16707,19.37488],[-99.16689,19.37562],[-99.16674,19.37621],[-99.16655,19.37702],[-99.16631,19.37793],[-99.16607,19.3789],[-99.16606,19.37896],[-99.16574,19.38026],[-99.16516,19.38259],[-99.16496,19.38335],[-99.16471,19.38438]]}},{"type":"Feature","properties":{"class":"painted"},"geometry":{"type":"LineString","coordinates":[[-99.17605,19.39312],[-99.17582,19.39339]]}},{"type":"Feature","properties":{"class":"shared"},"geometry":{"type":"LineString","coordinates":[[-99.16788,19.40018],[-99.16787,19.40012],[-99.16785,19.40007],[-99.16753,19.39885],[-99.16744,19.39859]]}},{"type":"Feature","properties":{"class":"shared"},"geometry":{"type":"LineString","coordinates":[[-99.16252,19.39651],[-99.16179,19.39636]]}},{"type":"Feature","properties":{"class":"shared"},"geometry":{"type":"LineString","coordinates":[[-99.15299,19.35802],[-99.15297,19.35804],[-99.15282,19.35818],[-99.15277,19.35822],[-99.15271,19.35829],[-99.15243,19.35856],[-99.15184,19.35912],[-99.15181,19.35915],[-99.15178,19.35919]]}},{"type":"Feature","properties":{"class":"separated"},"geometry":{"type":"LineString","coordinates":[[-99.13003,19.45405],[-99.12987,19.4543],[-99.12885,19.45588],[-99.1286,19.45628],[-99.12853,19.45639],[-99.12813,19.45701],[-99.1278,19.45783],[-99.12771,19.45804],[-99.12744,19.45874],[-99.1273,19.45908],[-99.12679,19.46043],[-99.12655,19.46101]]}},{"type":"Feature","properties":{"class":"separated"},"geometry":{"type":"LineString","coordinates":[[-99.1603,19.40287],[-99.1604,19.40315]]}},{"type":"Feature","properties":{"class":"separated"},"geometry":{"type":"LineString","coordinates":[[-99.19435,19.416],[-99.19411,19.41559],[-99.19404,19.41545],[-99.19393,19.41526],[-99.19377,19.41496],[-99.19373,19.41486],[-99.19369,19.41476],[-99.19365,19.41463],[-99.19362,19.41452],[-99.19361,19.41443],[-99.19359,19.41429],[-99.19358,19.41416],[-99.19358,19.41401],[-99.19359,19.41383],[-99.19362,19.41361],[-99.19367,19.41317],[-99.19368,19.41304],[-99.19368,19.41296],[-99.19368,19.4129],[-99.19369,19.41271],[-99.19369,19.41262],[-99.19371,19.41248],[-99.19394,19.41095],[-99.19398,19.41069],[-99.194,19.41051],[-99.19404,19.41025],[-99.19417,19.40947],[-99.19426,19.4091],[-99.19428,19.40903],[-99.19429,19.40891],[-99.1943,19.4088],[-99.1943,19.40868],[-99.19429,19.40857],[-99.19424,19.40835],[-99.19419,19.40821],[-99.19413,19.40809],[-99.19407,19.40798],[-99.19399,19.40788],[-99.19391,19.40778],[-99.19384,19.40771],[-99.19327,19.40722],[-99.19276,19.4068],[-99.1927,19.40674],[-99.19257,19.40661],[-99.1925,19.40653],[-99.19244,19.40645],[-99.19239,19.40636],[-99.19233,19.40624],[-99.19228,19.40612],[-99.19224,19.40599],[-99.19223,19.40587],[-99.19222,19.40576],[-99.19222,19.40569]]}},{"type":"Feature","properties":{"class":"separated"},"geometry":{"type":"LineString","coordinates":[[-99.17057,19.39989],[-99.17059,19.39984],[-99.17068,19.39956]]}},{"type":"Feature","properties":{"class":"shared"},"geometry":{"type":"LineString","coordinates":[[-99.15939,19.36755],[-99.15935,19.36789],[-99.15883,19.37003],[-99.15874,19.37043],[-99.15872,19.37056],[-99.15871,19.37064]]}},{"type":"Feature","properties":{"class":"shared"},"geometry":{"type":"LineString","coordinates":[[-99.19013,19.33729],[-99.19016,19.33761],[-99.19021,19.33805]]}},{"type":"Feature","properties":{"class":"shared"},"geometry":{"type":"LineString","coordinates":[[-99.19027,19.33734],[-99.1902,19.33678]]}},{"type":"Feature","properties":{"class":"separated"},"geometry":{"type":"LineString","coordinates":[[-99.1905,19.34869],[-99.19056,19.34896],[-99.19058,19.3491],[-99.19059,19.34927],[-99.19059,19.34947],[-99.19054,19.3499],[-99.19044,19.35074],[-99.19038,19.35115],[-99.19037,19.35122],[-99.19028,19.352],[-99.1902,19.35271],[-99.1902,19.35277],[-99.19015,19.35326],[-99.19011,19.35353],[-99.19008,19.3538],[-99.19001,19.35431],[-99.18984,19.35581],[-99.18971,19.35697],[-99.18967,19.35733],[-99.1895,19.35885],[-99.18945,19.35932]]}},{"type":"Feature","properties":{"class":"separated"},"geometry":{"type":"LineString","coordinates":[[-99.17949,19.38412],[-99.17922,19.38339],[-99.17904,19.38291]]}},{"type":"Feature","properties":{"class":"separated"},"geometry":{"type":"LineString","coordinates":[[-99.2078,19.43067],[-99.20778,19.43066],[-99.20664,19.42972],[-99.20663,19.42971]]}},{"type":"Feature","properties":{"class":"separated"},"geometry":{"type":"LineString","coordinates":[[-99.20841,19.43156],[-99.20839,19.4315],[-99.20836,19.43142],[-99.20832,19.43134],[-99.20827,19.43124]]}},{"type":"Feature","properties":{"class":"shared"},"geometry":{"type":"LineString","coordinates":[[-99.19189,19.38438],[-99.19195,19.3842],[-99.19202,19.38407],[-99.19212,19.38393]]}},{"type":"Feature","properties":{"class":"shared"},"geometry":{"type":"LineString","coordinates":[[-99.17395,19.42315],[-99.17397,19.42319],[-99.17403,19.42332],[-99.17408,19.42342],[-99.17409,19.42344],[-99.1741,19.42347],[-99.17413,19.42352]]}},{"type":"Feature","properties":{"class":"shared"},"geometry":{"type":"LineString","coordinates":[[-99.17468,19.42194],[-99.17468,19.42208],[-99.17475,19.42219],[-99.17487,19.42236],[-99.17492,19.42243]]}},{"type":"Feature","properties":{"class":"painted"},"geometry":{"type":"LineString","coordinates":[[-99.17567,19.38014],[-99.17495,19.37997],[-99.17453,19.37988],[-99.17374,19.37967],[-99.17324,19.37954],[-99.17249,19.37936],[-99.1723,19.37931],[-99.17188,19.37921],[-99.1718,19.37919],[-99.1713,19.37908],[-99.17109,19.37903],[-99.17095,19.37901],[-99.17011,19.37879],[-99.16998,19.37876],[-99.16925,19.37858],[-99.1688,19.37848],[-99.16852,19.37842],[-99.16777,19.37825],[-99.16705,19.37809],[-99.16631,19.37793],[-99.16572,19.3778],[-99.16556,19.37776],[-99.16481,19.37759],[-99.16413,19.37743],[-99.16336,19.37725],[-99.16268,19.37709],[-99.1625,19.37705],[-99.1624,19.37703],[-99.16223,19.377],[-99.1619,19.37694]]}},{"type":"Feature","properties":{"class":"separated"},"geometry":{"type":"LineString","coordinates":[[-99.18705,19.41306],[-99.18819,19.41347]]}},{"type":"Feature","properties":{"class":"painted"},"geometry":{"type":"LineString","coordinates":[[-99.14514,19.40224],[-99.14484,19.40226],[-99.1446,19.40227],[-99.1445,19.40227],[-99.14428,19.40229],[-99.14362,19.40235],[-99.14287,19.40241],[-99.14195,19.40248],[-99.1411,19.40255],[-99.1402,19.40262],[-99.13926,19.40269],[-99.1383,19.40278],[-99.13756,19.40284],[-99.13699,19.4029]]}},{"type":"Feature","properties":{"class":"separated"},"geometry":{"type":"LineString","coordinates":[[-99.18749,19.37794],[-99.18762,19.37685]]}},{"type":"Feature","properties":{"class":"separated"},"geometry":{"type":"LineString","coordinates":[[-99.15415,19.43316],[-99.15412,19.4332],[-99.15406,19.43325],[-99.15401,19.43327],[-99.15391,19.43332],[-99.15341,19.43355]]}},{"type":"Feature","properties":{"class":"separated"},"geometry":{"type":"LineString","coordinates":[[-99.15581,19.43407],[-99.15665,19.43419],[-99.15703,19.43424],[-99.15747,19.4343]]}},{"type":"Feature","properties":{"class":"separated"},"geometry":{"type":"LineString","coordinates":[[-99.15503,19.43269],[-99.15491,19.43267],[-99.15481,19.43265],[-99.15468,19.43263],[-99.15459,19.43264],[-99.1545,19.43265]]}},{"type":"Feature","properties":{"class":"separated"},"geometry":{"type":"LineString","coordinates":[[-99.16559,19.44348],[-99.16514,19.44321],[-99.16508,19.44317],[-99.16486,19.44305]]}},{"type":"Feature","properties":{"class":"separated"},"geometry":{"type":"LineString","coordinates":[[-99.15112,19.45518],[-99.15102,19.45532],[-99.15093,19.45542],[-99.15079,19.45556],[-99.15067,19.45567],[-99.15043,19.45586],[-99.14996,19.4562]]}},{"type":"Feature","properties":{"class":"separated"},"geometry":{"type":"LineString","coordinates":[[-99.14906,19.43557],[-99.14895,19.43564],[-99.14865,19.43585],[-99.14829,19.43608],[-99.14791,19.43633],[-99.1474,19.43667],[-99.14736,19.4367],[-99.14724,19.43678],[-99.14707,19.43688],[-99.14674,19.4371],[-99.14668,19.43714],[-99.14665,19.43717],[-99.14655,19.43724],[-99.14649,19.43728]]}},{"type":"Feature","properties":{"class":"shared"},"geometry":{"type":"LineString","coordinates":[[-99.17501,19.42308],[-99.17493,19.42313],[-99.17485,19.42318],[-99.17478,19.42321]]}},{"type":"Feature","properties":{"class":"separated"},"geometry":{"type":"LineString","coordinates":[[-99.15314,19.43366],[-99.15307,19.43369],[-99.15293,19.43376],[-99.15279,19.43383],[-99.15273,19.43386],[-99.15036,19.43497]]}},{"type":"Feature","properties":{"class":"separated"},"geometry":{"type":"LineString","coordinates":[[-99.18802,19.37185],[-99.188,19.3719],[-99.18799,19.37194],[-99.18797,19.37197],[-99.18794,19.372],[-99.18791,19.37203],[-99.18787,19.37206],[-99.18781,19.37209],[-99.18777,19.37211],[-99.18774,19.37212],[-99.18769,19.37215],[-99.18759,19.3722]]}},{"type":"Feature","properties":{"class":"separated"},"geometry":{"type":"LineString","coordinates":[[-99.18717,19.37312],[-99.18712,19.37373]]}},{"type":"Feature","properties":{"class":"separated"},"geometry":{"type":"LineString","coordinates":[[-99.17769,19.39781],[-99.17766,19.39745]]}},{"type":"Feature","properties":{"class":"separated"},"geometry":{"type":"LineString","coordinates":[[-99.17766,19.39745],[-99.17765,19.39736]]}},{"type":"Feature","properties":{"class":"painted"},"geometry":{"type":"LineString","coordinates":[[-99.18981,19.40804],[-99.18981,19.408],[-99.18981,19.40796],[-99.18982,19.40791],[-99.18984,19.40787],[-99.18986,19.40784],[-99.18989,19.40781],[-99.18993,19.40778],[-99.18997,19.40776]]}},{"type":"Feature","properties":{"class":"separated"},"geometry":{"type":"LineString","coordinates":[[-99.18548,19.41137],[-99.18502,19.4112],[-99.18499,19.41119],[-99.18438,19.41098],[-99.18435,19.41097],[-99.18373,19.41076],[-99.18355,19.41069],[-99.18304,19.41051]]}},{"type":"Feature","properties":{"class":"separated"},"geometry":{"type":"LineString","coordinates":[[-99.17036,19.40057],[-99.1704,19.40044],[-99.17043,19.40034]]}},{"type":"Feature","properties":{"class":"separated"},"geometry":{"type":"LineString","coordinates":[[-99.17036,19.40004],[-99.17032,19.40016],[-99.17028,19.40029]]}},{"type":"Feature","properties":{"class":"separated"},"geometry":{"type":"LineString","coordinates":[[-99.17043,19.40034],[-99.17054,19.4],[-99.17056,19.39994]]}},{"type":"Feature","properties":{"class":"separated"},"geometry":{"type":"LineString","coordinates":[[-99.17028,19.40029],[-99.17036,19.40057]]}},{"type":"Feature","properties":{"class":"separated"},"geometry":{"type":"LineString","coordinates":[[-99.17036,19.40057],[-99.17038,19.40062],[-99.17039,19.40068],[-99.17046,19.40094],[-99.17065,19.40167]]}},{"type":"Feature","properties":{"class":"separated"},"geometry":{"type":"LineString","coordinates":[[-99.17043,19.40034],[-99.17036,19.40004]]}},{"type":"Feature","properties":{"class":"shared"},"geometry":{"type":"LineString","coordinates":[[-99.12626,19.46129],[-99.12543,19.46346],[-99.12527,19.46388],[-99.12504,19.4645],[-99.12495,19.46472],[-99.12466,19.46545],[-99.12463,19.46552],[-99.1242,19.46663],[-99.12387,19.46747],[-99.12378,19.46771],[-99.12376,19.46778]]}},{"type":"Feature","properties":{"class":"separated"},"geometry":{"type":"LineString","coordinates":[[-99.18783,19.46572],[-99.18765,19.4677],[-99.18756,19.4687],[-99.18751,19.46918],[-99.18749,19.4695],[-99.18747,19.4697],[-99.18742,19.47027],[-99.18738,19.47072],[-99.18734,19.47107],[-99.1873,19.47149],[-99.18727,19.47175],[-99.18724,19.47211],[-99.18724,19.47239],[-99.18722,19.47314],[-99.18718,19.47428],[-99.18716,19.47548],[-99.18715,19.47591],[-99.18714,19.47621],[-99.18715,19.47696],[-99.18717,19.47728],[-99.18708,19.47797],[-99.18701,19.47842]]}},{"type":"Feature","properties":{"class":"separated"},"geometry":{"type":"LineString","coordinates":[[-99.18863,19.45956],[-99.18869,19.45968],[-99.18871,19.45972],[-99.18872,19.45976],[-99.18871,19.4598],[-99.18865,19.4601],[-99.1886,19.46039],[-99.18852,19.4608],[-99.18852,19.46082],[-99.18851,19.46088],[-99.18823,19.46232],[-99.18811,19.46306],[-99.18801,19.46366],[-99.188,19.4638],[-99.18783,19.46572]]}},{"type":"Feature","properties":{"class":"separated"},"geometry":{"type":"LineString","coordinates":[[-99.16738,19.44466],[-99.16788,19.44496],[-99.16895,19.44557],[-99.16919,19.44571],[-99.16925,19.44575],[-99.16931,19.44579],[-99.16936,19.44584],[-99.1697,19.44632],[-99.16978,19.44643],[-99.17017,19.44698],[-99.17065,19.44767],[-99.17067,19.44771],[-99.17116,19.44841]]}},{"type":"Feature","properties":{"class":"separated"},"geometry":{"type":"LineString","coordinates":[[-99.18721,19.34861],[-99.18729,19.34835],[-99.1874,19.34803]]}},{"type":"Feature","properties":{"class":"painted"},"geometry":{"type":"LineString","coordinates":[[-99.1735,19.40927],[-99.173,19.41016],[-99.17286,19.41023]]}},{"type":"Feature","properties":{"class":"separated"},"geometry":{"type":"LineString","coordinates":[[-99.18276,19.36232],[-99.18279,19.36222],[-99.18281,19.36218]]}},{"type":"Feature","properties":{"class":"shared"},"geometry":{"type":"LineString","coordinates":[[-99.19027,19.33852],[-99.19028,19.33857],[-99.19031,19.33867]]}},{"type":"Feature","properties":{"class":"separated"},"geometry":{"type":"LineString","coordinates":[[-99.18983,19.34153],[-99.19035,19.34015]]}},{"type":"Feature","properties":{"class":"separated"},"geometry":{"type":"LineString","coordinates":[[-99.18641,19.35051],[-99.18639,19.35057],[-99.18628,19.35092]]}},{"type":"Feature","properties":{"class":"separated"},"geometry":{"type":"LineString","coordinates":[[-99.18281,19.36218],[-99.18286,19.36202],[-99.18345,19.3602],[-99.18353,19.35997],[-99.18362,19.35966],[-99.18368,19.35947]]}},{"type":"Feature","properties":{"class":"separated"},"geometry":{"type":"LineString","coordinates":[[-99.18386,19.35892],[-99.18433,19.35745],[-99.18465,19.35647]]}},{"type":"Feature","properties":{"class":"separated"},"geometry":{"type":"LineString","coordinates":[[-99.18666,19.35026],[-99.18669,19.35017],[-99.18685,19.34969]]}},{"type":"Feature","properties":{"class":"separated"},"geometry":{"type":"LineString","coordinates":[[-99.18512,19.35501],[-99.18525,19.35461],[-99.18572,19.35317],[-99.18585,19.35279]]}},{"type":"Feature","properties":{"class":"separated"},"geometry":{"type":"LineString","coordinates":[[-99.18684,19.34921],[-99.18676,19.34944],[-99.18659,19.34997]]}},{"type":"Feature","properties":{"class":"separated"},"geometry":{"type":"LineString","coordinates":[[-99.18646,19.35087],[-99.18659,19.35049],[-99.18662,19.35038]]}},{"type":"Feature","properties":{"class":"shared"},"geometry":{"type":"LineString","coordinates":[[-99.19051,19.33894],[-99.19049,19.33882],[-99.19047,19.33872]]}},{"type":"Feature","properties":{"class":"separated"},"geometry":{"type":"LineString","coordinates":[[-99.18741,19.34744],[-99.18737,19.34756],[-99.18734,19.34766]]}},{"type":"Feature","properties":{"class":"shared"},"geometry":{"type":"LineString","coordinates":[[-99.19031,19.33867],[-99.19033,19.33877],[-99.19035,19.33887],[-99.19038,19.33916]]}},{"type":"Feature","properties":{"class":"separated"},"geometry":{"type":"LineString","coordinates":[[-99.18256,19.36244],[-99.18249,19.36264]]}},{"type":"Feature","properties":{"class":"separated"},"geometry":{"type":"LineString","coordinates":[[-99.18369,19.35895],[-99.18329,19.36018],[-99.18292,19.36131],[-99.18277,19.3618]]}},{"type":"Feature","properties":{"class":"separated"},"geometry":{"type":"LineString","coordinates":[[-99.15991,19.4018],[-99.15997,19.40195],[-99.16008,19.40226],[-99.16025,19.40274],[-99.16027,19.40279]]}},{"type":"Feature","properties":{"class":"separated"},"geometry":{"type":"LineString","coordinates":[[-99.15781,19.43472],[-99.15775,19.43485],[-99.15772,19.43491],[-99.15763,19.43513]]}},{"type":"Feature","properties":{"class":"painted"},"geometry":{"type":"LineString","coordinates":[[-99.1711,19.40344],[-99.17111,19.40352],[-99.17113,19.40358]]}},{"type":"Feature","properties":{"class":"separated"},"geometry":{"type":"LineString","coordinates":[[-99.17127,19.40347],[-99.17122,19.4033],[-99.17105,19.40266],[-99.17094,19.40225]]}},{"type":"Feature","properties":{"class":"shared"},"geometry":{"type":"LineString","coordinates":[[-99.17127,19.40347],[-99.1711,19.40344]]}},{"type":"Feature","properties":{"class":"shared"},"geometry":{"type":"LineString","coordinates":[[-99.16797,19.40051],[-99.16789,19.40022]]}},{"type":"Feature","properties":{"class":"shared"},"geometry":{"type":"LineString","coordinates":[[-99.1711,19.40344],[-99.171,19.40343],[-99.17011,19.40342],[-99.16996,19.40342],[-99.16967,19.40348],[-99.16947,19.40351],[-99.16942,19.40352],[-99.16938,19.40353]]}},{"type":"Feature","properties":{"class":"shared"},"geometry":{"type":"LineString","coordinates":[[-99.17053,19.39952],[-99.1705,19.39954],[-99.17047,19.39956],[-99.17043,19.39957],[-99.17039,19.39958],[-99.17035,19.39957],[-99.17032,19.39956],[-99.17029,19.39955],[-99.17026,19.39952],[-99.17023,19.39949],[-99.17022,19.39946]]}},{"type":"Feature","properties":{"class":"shared"},"geometry":{"type":"LineString","coordinates":[[-99.15386,19.43304],[-99.1539,19.43308],[-99.15392,19.43311],[-99.15393,19.43313],[-99.15394,19.43317],[-99.15394,19.4332],[-99.15394,19.43322],[-99.15394,19.43323],[-99.15394,19.43324],[-99.15393,19.43327],[-99.15392,19.43329],[-99.15391,19.43332]]}},{"type":"Feature","properties":{"class":"separated"},"geometry":{"type":"LineString","coordinates":[[-99.12643,19.46135],[-99.12613,19.46212],[-99.12559,19.46352],[-99.12542,19.46397],[-99.12541,19.46401],[-99.12534,19.46418],[-99.12519,19.46455],[-99.12511,19.46477],[-99.12483,19.46551],[-99.12466,19.46593],[-99.12426,19.46694],[-99.12414,19.46726],[-99.12393,19.46776],[-99.12391,19.46783],[-99.12386,19.46797],[-99.12382,19.46805],[-99.12377,19.46819],[-99.12373,19.4683],[-99.12309,19.46996],[-99.1225,19.47147],[-99.12243,19.47166],[-99.12178,19.47337],[-99.12115,19.47493],[-99.12112,19.475],[-99.12107,19.47512],[-99.12048,19.47662],[-99.12046,19.47667],[-99.11985,19.47828],[-99.11964,19.47881],[-99.11946,19.47925]]}},{"type":"Feature","properties":{"class":"shared"},"geometry":{"type":"LineString","coordinates":[[-99.1237,19.46792],[-99.12367,19.468],[-99.1236,19.46817],[-99.12325,19.46908],[-99.12301,19.46966],[-99.12279,19.47023],[-99.12232,19.47141],[-99.12225,19.47159],[-99.12204,19.47212],[-99.12166,19.47311],[-99.12159,19.4733],[-99.12097,19.47491],[-99.12092,19.47503],[-99.12033,19.47655],[-99.12029,19.47664],[-99.12022,19.47684],[-99.12006,19.47725],[-99.11995,19.47753]]}},{"type":"Feature","properties":{"class":"shared"},"geometry":{"type":"LineString","coordinates":[[-99.16015,19.42454],[-99.16113,19.4243],[-99.16117,19.42429],[-99.16122,19.42428],[-99.16131,19.42426]]}},{"type":"Feature","properties":{"class":"shared"},"geometry":{"type":"LineString","coordinates":[[-99.13495,19.42368],[-99.13498,19.42373],[-99.13499,19.42376],[-99.13507,19.42379],[-99.1356,19.42383]]}},{"type":"Feature","properties":{"class":"separated"},"geometry":{"type":"LineString","coordinates":[[-99.13711,19.42403],[-99.13699,19.42397],[-99.13691,19.42395],[-99.1356,19.42383]]}},{"type":"Feature","properties":{"class":"separated"},"geometry":{"type":"LineString","coordinates":[[-99.18753,19.34763],[-99.18758,19.34748],[-99.18763,19.34736]]}},{"type":"Feature","properties":{"class":"separated"},"geometry":{"type":"LineString","coordinates":[[-99.19148,19.44663],[-99.19116,19.44839],[-99.19115,19.44841],[-99.19102,19.44911],[-99.1909,19.44972],[-99.19087,19.44986],[-99.19057,19.45105],[-99.19006,19.45292],[-99.19003,19.453]]}},{"type":"Feature","properties":{"class":"separated"},"geometry":{"type":"LineString","coordinates":[[-99.1901,19.45301],[-99.19013,19.45298],[-99.19015,19.45295],[-99.19021,19.45278],[-99.19042,19.45201],[-99.19064,19.45108],[-99.19095,19.44983],[-99.1911,19.44915],[-99.19125,19.44841],[-99.19128,19.44828],[-99.19143,19.44746],[-99.19158,19.44664]]}},{"type":"Feature","properties":{"class":"separated"},"geometry":{"type":"LineString","coordinates":[[-99.19169,19.44589],[-99.19187,19.44479],[-99.19212,19.44297],[-99.19214,19.44289],[-99.1922,19.44262],[-99.19227,19.4425],[-99.19234,19.4424]]}},{"type":"Feature","properties":{"class":"separated"},"geometry":{"type":"LineString","coordinates":[[-99.20831,19.43289],[-99.20802,19.43358]]}},{"type":"Feature","properties":{"class":"separated"},"geometry":{"type":"LineString","coordinates":[[-99.20099,19.42228],[-99.20101,19.42267]]}},{"type":"Feature","properties":{"class":"shared"},"geometry":{"type":"LineString","coordinates":[[-99.19297,19.39529],[-99.19213,19.39526],[-99.19199,19.39525],[-99.19183,19.39524],[-99.1917,19.39525],[-99.19156,19.39526],[-99.19035,19.39548],[-99.18995,19.39555]]}},{"type":"Feature","properties":{"class":"separated"},"geometry":{"type":"LineString","coordinates":[[-99.20802,19.43358],[-99.20766,19.43445],[-99.2075,19.43485]]}},{"type":"Feature","properties":{"class":"separated"},"geometry":{"type":"LineString","coordinates":[[-99.19705,19.41039],[-99.19706,19.41047],[-99.19707,19.41054],[-99.1971,19.41058],[-99.19714,19.41062],[-99.1972,19.41067]]}},{"type":"Feature","properties":{"class":"separated"},"geometry":{"type":"LineString","coordinates":[[-99.19799,19.41203],[-99.19796,19.41204],[-99.19792,19.41206],[-99.1979,19.41208],[-99.19789,19.41212],[-99.19789,19.41215],[-99.1979,19.41218],[-99.19792,19.41221],[-99.19795,19.41223],[-99.19798,19.41224],[-99.19801,19.41224],[-99.19804,19.41223],[-99.19807,19.41221],[-99.19809,19.41218],[-99.1981,19.41216],[-99.1981,19.41213],[-99.1981,19.4121],[-99.19808,19.41207],[-99.19806,19.41205],[-99.19802,19.41204],[-99.19799,19.41203]]}},{"type":"Feature","properties":{"class":"separated"},"geometry":{"type":"LineString","coordinates":[[-99.19736,19.41018],[-99.19732,19.4102],[-99.19705,19.41039]]}},{"type":"Feature","properties":{"class":"shared"},"geometry":{"type":"LineString","coordinates":[[-99.20158,19.41533],[-99.20149,19.41524],[-99.20145,19.41519],[-99.20124,19.41495]]}},{"type":"Feature","properties":{"class":"separated"},"geometry":{"type":"LineString","coordinates":[[-99.20139,19.41538],[-99.20137,19.41529],[-99.20135,19.41522],[-99.20124,19.41495]]}},{"type":"Feature","properties":{"class":"separated"},"geometry":{"type":"LineString","coordinates":[[-99.19657,19.41609],[-99.19672,19.41588],[-99.19679,19.41581]]}},{"type":"Feature","properties":{"class":"separated"},"geometry":{"type":"LineString","coordinates":[[-99.19837,19.40957],[-99.19772,19.40997],[-99.19736,19.41018]]}},{"type":"Feature","properties":{"class":"separated"},"geometry":{"type":"LineString","coordinates":[[-99.19679,19.41581],[-99.19824,19.41535],[-99.19832,19.41532],[-99.1984,19.41528],[-99.19845,19.41524],[-99.19856,19.41516],[-99.19862,19.4151],[-99.1987,19.41502],[-99.19881,19.41491],[-99.19891,19.4148],[-99.19895,19.41476],[-99.19897,19.41471],[-99.199,19.41465]]}},{"type":"Feature","properties":{"class":"separated"},"geometry":{"type":"LineString","coordinates":[[-99.199,19.41465],[-99.19897,19.4145],[-99.19857,19.41354],[-99.19857,19.41348],[-99.19859,19.41343],[-99.19859,19.41338],[-99.19858,19.41333],[-99.19855,19.41328],[-99.19852,19.41319],[-99.19852,19.41311],[-99.19853,19.41304],[-99.19855,19.41293],[-99.19855,19.41284],[-99.19853,19.41274],[-99.19851,19.41265],[-99.19846,19.41256],[-99.1984,19.41249],[-99.19834,19.41243],[-99.19825,19.41235],[-99.19811,19.41224],[-99.19807,19.41221]]}},{"type":"Feature","properties":{"class":"separated"},"geometry":{"type":"LineString","coordinates":[[-99.19518,19.41175],[-99.19519,19.41181],[-99.19521,19.41186],[-99.19526,19.41196],[-99.19534,19.41211],[-99.19541,19.41227],[-99.19544,19.41233],[-99.19555,19.41257],[-99.1958,19.4131],[-99.1959,19.41333],[-99.19616,19.41389],[-99.19646,19.41455],[-99.19656,19.41478],[-99.19658,19.41485],[-99.19661,19.41492],[-99.19663,19.41503],[-99.19664,19.41514],[-99.19665,19.41525],[-99.19666,19.41538],[-99.19665,19.41547],[-99.19664,19.41559]]}},{"type":"Feature","properties":{"class":"separated"},"geometry":{"type":"LineString","coordinates":[[-99.20167,19.41575],[-99.20172,19.41585],[-99.20179,19.41595],[-99.20186,19.416],[-99.20192,19.41603],[-99.202,19.41606],[-99.20211,19.41609],[-99.20227,19.41613],[-99.20243,19.41619],[-99.20254,19.41627],[-99.20269,19.41639],[-99.20282,19.41656],[-99.2029,19.41672],[-99.20292,19.41677]]}},{"type":"Feature","properties":{"class":"separated"},"geometry":{"type":"LineString","coordinates":[[-99.19673,19.41757],[-99.19678,19.4176],[-99.19712,19.41773],[-99.19725,19.41779],[-99.19736,19.41784],[-99.19744,19.4179],[-99.19751,19.41795],[-99.19761,19.41805],[-99.19773,19.4182],[-99.19778,19.41825],[-99.19797,19.41846],[-99.19826,19.41879],[-99.19833,19.41887],[-99.19839,19.41893],[-99.19843,19.419],[-99.19845,19.41905],[-99.19846,19.41911],[-99.19848,19.41919],[-99.19848,19.41934],[-99.19849,19.41947],[-99.1985,19.41956],[-99.1985,19.41962],[-99.19852,19.4197],[-99.19855,19.41978],[-99.19858,19.41985],[-99.19862,19.41993],[-99.19868,19.41999],[-99.19873,19.42005],[-99.19881,19.42012],[-99.19888,19.42016],[-99.19899,19.42021],[-99.1991,19.42025],[-99.19939,19.42033],[-99.19953,19.42038],[-99.19966,19.42042],[-99.19974,19.42043],[-99.19992,19.42044],[-99.2001,19.42043],[-99.20021,19.42041],[-99.20037,19.42038],[-99.2005,19.42033],[-99.20057,19.4203],[-99.20066,19.42026],[-99.20101,19.42003],[-99.20108,19.41998],[-99.20127,19.41985],[-99.20139,19.41979],[-99.20146,19.41976]]}},{"type":"Feature","properties":{"class":"separated"},"geometry":{"type":"LineString","coordinates":[[-99.19644,19.41702],[-99.19645,19.41715],[-99.19646,19.41721],[-99.19647,19.41726],[-99.1965,19.41732],[-99.19655,19.41741],[-99.19658,19.41745],[-99.19662,19.41749],[-99.19666,19.41752],[-99.19673,19.41757]]}},{"type":"Feature","properties":{"class":"painted"},"geometry":{"type":"LineString","coordinates":[[-99.19891,19.35664],[-99.19848,19.35769],[-99.19844,19.35781],[-99.19828,19.35821],[-99.19819,19.35843],[-99.19812,19.35861],[-99.19804,19.35877],[-99.19794,19.35903],[-99.19791,19.3591],[-99.19784,19.35927],[-99.19755,19.35988],[-99.19706,19.36084],[-99.19703,19.3609],[-99.19692,19.3611],[-99.19684,19.36125],[-99.1967,19.36154],[-99.1961,19.36277]]}},{"type":"Feature","properties":{"class":"shared"},"geometry":{"type":"LineString","coordinates":[[-99.12008,19.34771],[-99.12062,19.34577],[-99.12066,19.34556],[-99.12074,19.34491],[-99.12116,19.34342],[-99.12166,19.34171],[-99.12168,19.34129]]}},{"type":"Feature","properties":{"class":"separated"},"geometry":{"type":"LineString","coordinates":[[-99.17116,19.44841],[-99.17111,19.44843],[-99.17033,19.44883],[-99.16995,19.44901],[-99.16869,19.44965],[-99.16809,19.44987],[-99.16717,19.45034]]}},{"type":"Feature","properties":{"class":"separated"},"geometry":{"type":"LineString","coordinates":[[-99.15221,19.43851],[-99.15192,19.43844],[-99.15117,19.43828]]}},{"type":"Feature","properties":{"class":"painted"},"geometry":{"type":"LineString","coordinates":[[-99.14077,19.43481],[-99.1406,19.43479],[-99.14023,19.43474],[-99.14017,19.43474],[-99.13993,19.43471],[-99.13926,19.43462],[-99.13819,19.43449],[-99.13717,19.43436],[-99.13686,19.43432],[-99.13613,19.43423]]}},{"type":"Feature","properties":{"class":"separated"},"geometry":{"type":"LineString","coordinates":[[-99.17741,19.39914],[-99.17746,19.39909],[-99.17764,19.39853],[-99.17768,19.39842],[-99.17771,19.39831],[-99.17772,19.39822],[-99.17773,19.39812],[-99.17773,19.39803],[-99.17773,19.39789]]}},{"type":"Feature","properties":{"class":"separated"},"geometry":{"type":"LineString","coordinates":[[-99.16666,19.41971],[-99.16674,19.41961],[-99.16779,19.41847],[-99.16786,19.4184]]}},{"type":"Feature","properties":{"class":"separated"},"geometry":{"type":"LineString","coordinates":[[-99.16717,19.45034],[-99.16673,19.45044]]}},{"type":"Feature","properties":{"class":"separated"},"geometry":{"type":"LineString","coordinates":[[-99.13662,19.40329],[-99.13663,19.40324],[-99.13677,19.40238],[-99.13687,19.40181],[-99.13694,19.40137],[-99.13697,19.40118],[-99.13703,19.40083]]}},{"type":"Feature","properties":{"class":"separated"},"geometry":{"type":"LineString","coordinates":[[-99.15642,19.42517],[-99.15596,19.42527],[-99.15524,19.42543],[-99.15509,19.42546],[-99.15495,19.42549],[-99.15423,19.42565],[-99.15387,19.42573],[-99.15374,19.42575]]}},{"type":"Feature","properties":{"class":"painted"},"geometry":{"type":"LineString","coordinates":[[-99.15883,19.42462],[-99.1589,19.42473]]}},{"type":"Feature","properties":{"class":"separated"},"geometry":{"type":"LineString","coordinates":[[-99.15307,19.35789],[-99.15314,19.3581],[-99.15345,19.35913],[-99.15389,19.36059],[-99.15406,19.36122],[-99.15418,19.36164],[-99.15421,19.36176]]}},{"type":"Feature","properties":{"class":"shared"},"geometry":{"type":"LineString","coordinates":[[-99.12708,19.39784],[-99.12699,19.3978],[-99.1269,19.39779],[-99.12682,19.39777],[-99.12671,19.39777],[-99.12548,19.39781],[-99.1241,19.39786],[-99.1239,19.39786],[-99.12374,19.39787],[-99.12307,19.39791],[-99.12287,19.39791],[-99.12272,19.39791],[-99.12198,19.39793],[-99.12142,19.39794],[-99.12107,19.39795],[-99.12076,19.39796],[-99.11995,19.39798],[-99.1196,19.39798],[-99.11819,19.39802],[-99.11732,19.39804],[-99.11719,19.39804],[-99.11713,19.39804],[-99.11698,19.39805],[-99.11674,19.39805],[-99.1165,19.39806]]}},{"type":"Feature","properties":{"class":"shared"},"geometry":{"type":"LineString","coordinates":[[-99.14913,19.37444],[-99.14858,19.37722]]}},{"type":"Feature","properties":{"class":"shared"},"geometry":{"type":"LineString","coordinates":[[-99.14896,19.34334],[-99.14899,19.34345],[-99.14932,19.34462],[-99.14943,19.34501]]}},{"type":"Feature","properties":{"class":"shared"},"geometry":{"type":"LineString","coordinates":[[-99.14542,19.49019],[-99.14519,19.48962],[-99.14473,19.48845],[-99.14427,19.48729],[-99.14422,19.48714],[-99.14412,19.48685],[-99.14389,19.48628],[-99.14355,19.48541],[-99.14326,19.48467],[-99.14322,19.48457],[-99.14317,19.48446],[-99.14299,19.48399],[-99.14252,19.48282],[-99.14231,19.48229],[-99.14211,19.48177],[-99.14201,19.48153],[-99.14174,19.48085]]}},{"type":"Feature","properties":{"class":"separated"},"geometry":{"type":"LineString","coordinates":[[-99.14363,19.34231],[-99.14368,19.3425],[-99.14382,19.34309],[-99.14387,19.34329]]}},{"type":"Feature","properties":{"class":"shared"},"geometry":{"type":"LineString","coordinates":[[-99.1904,19.33842],[-99.19038,19.33828],[-99.19035,19.33809],[-99.19033,19.33788]]}},{"type":"Feature","properties":{"class":"shared"},"geometry":{"type":"LineString","coordinates":[[-99.19008,19.33569],[-99.19004,19.33519],[-99.19003,19.33457],[-99.19002,19.33426],[-99.19001,19.33401],[-99.18999,19.33375],[-99.18996,19.33345],[-99.1899,19.33303]]}},{"type":"Feature","properties":{"class":"shared"},"geometry":{"type":"LineString","coordinates":[[-99.13932,19.47664],[-99.13935,19.4767],[-99.13972,19.47765],[-99.13976,19.47777],[-99.13986,19.478],[-99.1399,19.47812],[-99.14013,19.4787],[-99.14041,19.47942]]}},{"type":"Feature","properties":{"class":"shared"},"geometry":{"type":"LineString","coordinates":[[-99.16478,19.37065],[-99.16492,19.37069]]}},{"type":"Feature","properties":{"class":"shared"},"geometry":{"type":"LineString","coordinates":[[-99.15789,19.36667],[-99.15774,19.36663],[-99.1576,19.36659],[-99.15749,19.36657],[-99.15739,19.36655],[-99.15723,19.36652],[-99.1569,19.36648],[-99.1561,19.36635]]}},{"type":"Feature","properties":{"class":"shared"},"geometry":{"type":"LineString","coordinates":[[-99.17748,19.36857],[-99.17671,19.36838],[-99.17599,19.36821]]}},{"type":"Feature","properties":{"class":"separated"},"geometry":{"type":"LineString","coordinates":[[-99.13887,19.3872],[-99.13885,19.38739],[-99.13875,19.38809],[-99.13873,19.38821],[-99.13869,19.38855],[-99.1386,19.38916],[-99.13842,19.39031],[-99.1384,19.39047],[-99.13838,19.39055],[-99.13822,19.39168],[-99.1382,19.3918],[-99.13815,19.39217],[-99.13814,19.39225],[-99.13804,19.39289],[-99.13789,19.39383],[-99.13785,19.39406],[-99.13768,19.39507]]}},{"type":"Feature","properties":{"class":"shared"},"geometry":{"type":"LineString","coordinates":[[-99.17027,19.41634],[-99.17031,19.41639],[-99.1704,19.41651],[-99.17045,19.41657],[-99.17053,19.41668],[-99.17078,19.417],[-99.171,19.41728],[-99.17109,19.4174]]}},{"type":"Feature","properties":{"class":"shared"},"geometry":{"type":"LineString","coordinates":[[-99.17289,19.41952],[-99.17257,19.4191],[-99.17237,19.41885],[-99.17232,19.41878]]}},{"type":"Feature","properties":{"class":"shared"},"geometry":{"type":"LineString","coordinates":[[-99.16996,19.41594],[-99.16991,19.41599],[-99.16987,19.41603],[-99.16984,19.41606],[-99.16966,19.41623]]}},{"type":"Feature","properties":{"class":"separated"},"geometry":{"type":"LineString","coordinates":[[-99.16904,19.41691],[-99.16894,19.41702],[-99.16884,19.41713],[-99.1687,19.41729],[-99.16799,19.41808],[-99.16789,19.41819],[-99.16782,19.41826],[-99.16776,19.41833],[-99.16667,19.41955],[-99.16659,19.41965]]}},{"type":"Feature","properties":{"class":"shared"},"geometry":{"type":"LineString","coordinates":[[-99.16741,19.41665],[-99.16734,19.41663],[-99.16729,19.4166],[-99.16711,19.41651],[-99.16703,19.41646],[-99.16693,19.41646]]}},{"type":"Feature","properties":{"class":"shared"},"geometry":{"type":"LineString","coordinates":[[-99.16547,19.41558],[-99.16533,19.4155]]}},{"type":"Feature","properties":{"class":"shared"},"geometry":{"type":"LineString","coordinates":[[-99.16736,19.41674],[-99.16729,19.41671],[-99.1672,19.41666],[-99.16714,19.41662],[-99.16712,19.41661],[-99.16699,19.41653],[-99.16693,19.41646]]}},{"type":"Feature","properties":{"class":"separated"},"geometry":{"type":"LineString","coordinates":[[-99.17393,19.42105],[-99.17382,19.42107],[-99.17325,19.4212],[-99.1732,19.42121],[-99.17313,19.42122],[-99.17306,19.42124]]}},{"type":"Feature","properties":{"class":"shared"},"geometry":{"type":"LineString","coordinates":[[-99.12161,19.41125],[-99.12161,19.41153],[-99.12162,19.41165],[-99.12163,19.41206],[-99.12163,19.41251],[-99.12163,19.41258],[-99.12161,19.41278],[-99.1216,19.41298],[-99.12156,19.41333]]}},{"type":"Feature","properties":{"class":"shared"},"geometry":{"type":"LineString","coordinates":[[-99.12185,19.40915],[-99.12327,19.409],[-99.12358,19.40897],[-99.12378,19.40896],[-99.12422,19.40892],[-99.12481,19.40889],[-99.12496,19.40888],[-99.1253,19.40886],[-99.12558,19.40885],[-99.12603,19.40887],[-99.12671,19.40896]]}},{"type":"Feature","properties":{"class":"shared"},"geometry":{"type":"LineString","coordinates":[[-99.12126,19.41376],[-99.12091,19.41378],[-99.12048,19.4138],[-99.12004,19.41382],[-99.11964,19.41384],[-99.11921,19.41386],[-99.11898,19.41387],[-99.1189,19.41388],[-99.11876,19.41388],[-99.11834,19.4139],[-99.11821,19.41391]]}},{"type":"Feature","properties":{"class":"shared"},"geometry":{"type":"LineString","coordinates":[[-99.13083,19.41227],[-99.13082,19.41234],[-99.13076,19.41271],[-99.13076,19.41274]]}},{"type":"Feature","properties":{"class":"shared"},"geometry":{"type":"LineString","coordinates":[[-99.13072,19.41297],[-99.13066,19.4131],[-99.13064,19.41314],[-99.13061,19.41317],[-99.13054,19.41323],[-99.1305,19.41326],[-99.13047,19.41328],[-99.13037,19.41332],[-99.13025,19.41336]]}},{"type":"Feature","properties":{"class":"painted"},"geometry":{"type":"LineString","coordinates":[[-99.17004,19.41583],[-99.16996,19.41594]]}},{"type":"Feature","properties":{"class":"shared"},"geometry":{"type":"LineString","coordinates":[[-99.12781,19.41345],[-99.12772,19.41345],[-99.12738,19.41347],[-99.12615,19.41351],[-99.12608,19.41352],[-99.12508,19.41355],[-99.12487,19.41356],[-99.1247,19.41357]]}},{"type":"Feature","properties":{"class":"shared"},"geometry":{"type":"LineString","coordinates":[[-99.16693,19.41646],[-99.16658,19.41625],[-99.16588,19.41583]]}},{"type":"Feature","properties":{"class":"shared"},"geometry":{"type":"LineString","coordinates":[[-99.13616,19.4139],[-99.13519,19.41332]]}},{"type":"Feature","properties":{"class":"separated"},"geometry":{"type":"LineString","coordinates":[[-99.13367,19.42203],[-99.13391,19.42067]]}},{"type":"Feature","properties":{"class":"separated"},"geometry":{"type":"LineString","coordinates":[[-99.1343,19.4238],[-99.13454,19.42429]]}},{"type":"Feature","properties":{"class":"separated"},"geometry":{"type":"LineString","coordinates":[[-99.13625,19.40448],[-99.13623,19.40459],[-99.13613,19.40528],[-99.13612,19.40534],[-99.136,19.40606],[-99.13599,19.40616],[-99.13582,19.40719],[-99.13575,19.40763],[-99.13571,19.40788],[-99.13568,19.40803],[-99.13559,19.40835],[-99.13551,19.40864],[-99.13546,19.4088],[-99.13539,19.40901],[-99.13539,19.40903],[-99.13531,19.40947],[-99.13534,19.40992],[-99.13533,19.41027],[-99.13517,19.41133],[-99.13513,19.41159],[-99.13503,19.4122],[-99.13493,19.41282],[-99.13492,19.41291],[-99.13489,19.41308],[-99.13488,19.41317],[-99.13486,19.41328],[-99.13482,19.41351],[-99.13477,19.41383],[-99.13474,19.41402],[-99.13466,19.41457],[-99.13464,19.41469],[-99.13456,19.4152],[-99.13453,19.41535],[-99.13433,19.41659],[-99.13432,19.41669],[-99.13425,19.41715],[-99.13413,19.41786],[-99.1341,19.41806],[-99.13409,19.41816],[-99.13396,19.41905],[-99.13392,19.41934]]}},{"type":"Feature","properties":{"class":"separated"},"geometry":{"type":"LineString","coordinates":[[-99.15922,19.46903],[-99.15859,19.46896],[-99.15818,19.46891],[-99.15806,19.46889],[-99.15773,19.46885],[-99.15739,19.46881],[-99.15696,19.46877],[-99.15694,19.4688],[-99.15691,19.46883],[-99.15627,19.46877],[-99.15517,19.46863],[-99.1541,19.46851],[-99.15269,19.46835]]}},{"type":"Feature","properties":{"class":"separated"},"geometry":{"type":"LineString","coordinates":[[-99.15992,19.46521],[-99.16016,19.46518],[-99.16016,19.46519],[-99.1599,19.46522],[-99.1599,19.4652],[-99.16002,19.46519],[-99.16002,19.46517],[-99.15989,19.46518]]}},{"type":"Feature","properties":{"class":"separated"},"geometry":{"type":"LineString","coordinates":[[-99.13803,19.31955],[-99.13795,19.32008],[-99.13782,19.32054],[-99.1376,19.32128],[-99.13757,19.32191],[-99.13757,19.322],[-99.13761,19.32228],[-99.13766,19.32254],[-99.13783,19.32319],[-99.13791,19.32347],[-99.13801,19.32379],[-99.13806,19.32399],[-99.13828,19.32473],[-99.13858,19.3257],[-99.13888,19.32669],[-99.13926,19.32789],[-99.13935,19.32818],[-99.13986,19.32979],[-99.13997,19.33014],[-99.14033,19.33126],[-99.14059,19.33212],[-99.14064,19.33228],[-99.14077,19.33271],[-99.14125,19.33422],[-99.1413,19.33437],[-99.14148,19.33494],[-99.14163,19.33546],[-99.14174,19.3358],[-99.14189,19.33624],[-99.14196,19.33647],[-99.14226,19.33749],[-99.14286,19.33944],[-99.14299,19.33987],[-99.143,19.3399],[-99.14316,19.3404],[-99.14318,19.34046]]}},{"type":"Feature","properties":{"class":"separated"},"geometry":{"type":"LineString","coordinates":[[-99.14936,19.43538],[-99.14931,19.43538],[-99.14909,19.43537],[-99.14889,19.43537],[-99.14853,19.43536]]}},{"type":"Feature","properties":{"class":"shared"},"geometry":{"type":"LineString","coordinates":[[-99.17956,19.44508],[-99.17975,19.4451],[-99.17993,19.44513]]}},{"type":"Feature","properties":{"class":"shared"},"geometry":{"type":"LineString","coordinates":[[-99.13365,19.3933],[-99.13334,19.39325],[-99.13283,19.39317],[-99.13266,19.39317],[-99.13254,19.39319],[-99.1324,19.39321],[-99.1323,19.39325],[-99.13217,19.39333],[-99.13205,19.3934],[-99.13194,19.3935],[-99.13184,19.39361],[-99.13175,19.39374],[-99.13163,19.39404]]}},{"type":"Feature","properties":{"class":"separated"},"geometry":{"type":"LineString","coordinates":[[-99.18658,19.44207],[-99.18686,19.44019]]}},{"type":"Feature","properties":{"class":"separated"},"geometry":{"type":"LineString","coordinates":[[-99.17354,19.46549],[-99.17334,19.46528],[-99.17309,19.46495],[-99.17302,19.46485],[-99.17281,19.46449],[-99.17247,19.4639],[-99.17189,19.4629],[-99.17176,19.46265],[-99.17135,19.46196],[-99.17075,19.46091],[-99.17067,19.4608],[-99.17063,19.46073],[-99.17052,19.46055],[-99.17042,19.46037],[-99.17029,19.46016],[-99.17024,19.46006],[-99.16974,19.45928],[-99.16972,19.45924],[-99.1696,19.45904],[-99.16921,19.45838]]}},{"type":"Feature","properties":{"class":"painted"},"geometry":{"type":"LineString","coordinates":[[-99.17131,19.40363],[-99.17129,19.40356],[-99.17127,19.40347]]}},{"type":"Feature","properties":{"class":"separated"},"geometry":{"type":"LineString","coordinates":[[-99.22029,19.33459],[-99.22038,19.33456],[-99.22056,19.33453],[-99.22074,19.3345],[-99.22084,19.33449],[-99.22103,19.33449],[-99.22116,19.3345],[-99.22151,19.33456],[-99.22175,19.33459],[-99.22196,19.33463],[-99.22207,19.33463],[-99.22217,19.33463],[-99.22238,19.33459],[-99.2225,19.33455],[-99.22268,19.33446],[-99.22279,19.33438],[-99.22291,19.33427],[-99.22298,19.3342],[-99.22306,19.33408],[-99.22313,19.33396],[-99.2232,19.33378],[-99.22323,19.33365],[-99.22325,19.33353],[-99.22325,19.33341]]}},{"type":"Feature","properties":{"class":"separated"},"geometry":{"type":"LineString","coordinates":[[-99.21341,19.33796],[-99.21411,19.33793],[-99.21435,19.3379]]}},{"type":"Feature","properties":{"class":"separated"},"geometry":{"type":"LineString","coordinates":[[-99.20659,19.34123],[-99.20681,19.34105],[-99.2074,19.34059]]}},{"type":"Feature","properties":{"class":"separated"},"geometry":{"type":"LineString","coordinates":[[-99.18698,19.47854],[-99.18673,19.47958]]}},{"type":"Feature","properties":{"class":"painted"},"geometry":{"type":"LineString","coordinates":[[-99.18461,19.47781],[-99.18468,19.47787],[-99.18474,19.47791],[-99.18606,19.47828],[-99.18698,19.47854]]}},{"type":"Feature","properties":{"class":"separated"},"geometry":{"type":"LineString","coordinates":[[-99.18698,19.47854],[-99.18806,19.47883],[-99.18844,19.47894],[-99.18852,19.47897]]}},{"type":"Feature","properties":{"class":"separated"},"geometry":{"type":"LineString","coordinates":[[-99.18673,19.47958],[-99.18669,19.47975],[-99.18657,19.48025],[-99.18653,19.48044],[-99.18648,19.48068],[-99.18645,19.48079],[-99.18633,19.48125],[-99.18625,19.48163]]}},{"type":"Feature","properties":{"class":"separated"},"geometry":{"type":"LineString","coordinates":[[-99.19226,19.4781],[-99.19197,19.47809],[-99.19134,19.47808],[-99.19123,19.47807],[-99.19083,19.47809],[-99.19012,19.47829],[-99.19004,19.47838],[-99.19,19.47841],[-99.18997,19.47843],[-99.18933,19.47894],[-99.18924,19.47897],[-99.18916,19.47899],[-99.18908,19.47899],[-99.189,19.47899],[-99.18893,19.47897],[-99.18885,19.47895]]}},{"type":"Feature","properties":{"class":"separated"},"geometry":{"type":"LineString","coordinates":[[-99.18261,19.41155],[-99.18394,19.41199],[-99.1851,19.41238]]}},{"type":"Feature","properties":{"class":"painted"},"geometry":{"type":"LineString","coordinates":[[-99.18701,19.47842],[-99.18499,19.47784],[-99.1849,19.47781],[-99.18481,19.47778],[-99.18467,19.47769]]}},{"type":"Feature","properties":{"class":"shared"},"geometry":{"type":"LineString","coordinates":[[-99.17452,19.42172],[-99.17459,19.42182],[-99.17465,19.42191],[-99.17468,19.42194]]}},{"type":"Feature","properties":{"class":"separated"},"geometry":{"type":"LineString","coordinates":[[-99.1898,19.44244],[-99.18889,19.44253],[-99.18856,19.44256],[-99.18802,19.44261],[-99.18778,19.44263],[-99.18765,19.44265],[-99.18713,19.44269],[-99.18711,19.4427],[-99.18699,19.44271],[-99.18692,19.44272],[-99.18666,19.44285],[-99.1865,19.44294],[-99.1864,19.443],[-99.18623,19.44311],[-99.18617,19.44316],[-99.18613,19.44318],[-99.18587,19.4434],[-99.1855,19.44369],[-99.18533,19.44383],[-99.18531,19.44386]]}},{"type":"Feature","properties":{"class":"separated"},"geometry":{"type":"LineString","coordinates":[[-99.17176,19.41357],[-99.17166,19.41362],[-99.17159,19.41366],[-99.17145,19.41377],[-99.1714,19.41382],[-99.17133,19.41389],[-99.17113,19.41415]]}},{"type":"Feature","properties":{"class":"separated"},"geometry":{"type":"LineString","coordinates":[[-99.16951,19.4165],[-99.16957,19.41645],[-99.16966,19.41642],[-99.17004,19.41637],[-99.17018,19.41635],[-99.17027,19.41634]]}},{"type":"Feature","properties":{"class":"painted"},"geometry":{"type":"LineString","coordinates":[[-99.16584,19.41992],[-99.16584,19.42001],[-99.16585,19.42009],[-99.16588,19.42018],[-99.16592,19.42025],[-99.16598,19.42032],[-99.16603,19.42035],[-99.16608,19.42038],[-99.16616,19.42042],[-99.16625,19.42044],[-99.16635,19.42044],[-99.16644,19.42042],[-99.16652,19.42039],[-99.1666,19.42034],[-99.16666,19.42029],[-99.16671,19.42021],[-99.16675,19.42014],[-99.16677,19.42007],[-99.16677,19.41999],[-99.16676,19.41991],[-99.16673,19.41982],[-99.16666,19.41971],[-99.16662,19.41967],[-99.16659,19.41965],[-99.16649,19.41959],[-99.16639,19.41956],[-99.16629,19.41956],[-99.16619,19.41957],[-99.1661,19.4196],[-99.16602,19.41965],[-99.16594,19.41972],[-99.1659,19.41978],[-99.16586,19.41985],[-99.16584,19.41992]]}},{"type":"Feature","properties":{"class":"separated"},"geometry":{"type":"LineString","coordinates":[[-99.1595,19.42132],[-99.15926,19.42138]]}},{"type":"Feature","properties":{"class":"separated"},"geometry":{"type":"LineString","coordinates":[[-99.18199,19.39249],[-99.18183,19.39379],[-99.1818,19.39392],[-99.18166,19.39442]]}},{"type":"Feature","properties":{"class":"separated"},"geometry":{"type":"LineString","coordinates":[[-99.18406,19.40768],[-99.18251,19.40715],[-99.18076,19.40657],[-99.18057,19.40651],[-99.17985,19.40627],[-99.17896,19.40598],[-99.17839,19.40579]]}},{"type":"Feature","properties":{"class":"separated"},"geometry":{"type":"LineString","coordinates":[[-99.17808,19.40592],[-99.1783,19.40635]]}},{"type":"Feature","properties":{"class":"shared"},"geometry":{"type":"LineString","coordinates":[[-99.18565,19.3754],[-99.18568,19.37541],[-99.18575,19.37543],[-99.18658,19.37566],[-99.1866,19.37566],[-99.18663,19.37567],[-99.18668,19.37568],[-99.18677,19.37571]]}},{"type":"Feature","properties":{"class":"shared"},"geometry":{"type":"LineString","coordinates":[[-99.1738,19.3677],[-99.17311,19.36755],[-99.17294,19.3675],[-99.17203,19.3673]]}},{"type":"Feature","properties":{"class":"shared"},"geometry":{"type":"LineString","coordinates":[[-99.18819,19.41347],[-99.18859,19.41245]]}},{"type":"Feature","properties":{"class":"separated"},"geometry":{"type":"LineString","coordinates":[[-99.18249,19.36264],[-99.18246,19.36273],[-99.18206,19.36397]]}},{"type":"Feature","properties":{"class":"separated"},"geometry":{"type":"LineString","coordinates":[[-99.17073,19.3994],[-99.1709,19.39891]]}},{"type":"Feature","properties":{"class":"separated"},"geometry":{"type":"LineString","coordinates":[[-99.18925,19.34262],[-99.18868,19.34415],[-99.18823,19.34532],[-99.18766,19.34683]]}},{"type":"Feature","properties":{"class":"painted"},"geometry":{"type":"LineString","coordinates":[[-99.20614,19.43872],[-99.20646,19.43872],[-99.20732,19.43877],[-99.20784,19.43878],[-99.20793,19.43879],[-99.20809,19.43879],[-99.20836,19.43881],[-99.20886,19.43883],[-99.20897,19.43884],[-99.20946,19.43885],[-99.20994,19.43887],[-99.21006,19.43888],[-99.21056,19.4389],[-99.21074,19.4389],[-99.21081,19.43891],[-99.21186,19.43895],[-99.21231,19.43897],[-99.21235,19.43897],[-99.2126,19.43898],[-99.21342,19.43901],[-99.21354,19.43902]]}},{"type":"Feature","properties":{"class":"painted"},"geometry":{"type":"LineString","coordinates":[[-99.17541,19.37058],[-99.17568,19.36948],[-99.17599,19.36821],[-99.17655,19.3659],[-99.17667,19.36543],[-99.17677,19.36501],[-99.17681,19.36493],[-99.17687,19.36486],[-99.17709,19.36468]]}},{"type":"Feature","properties":{"class":"shared"},"geometry":{"type":"LineString","coordinates":[[-99.14384,19.41517],[-99.14364,19.41516],[-99.14168,19.41502]]}},{"type":"Feature","properties":{"class":"separated"},"geometry":{"type":"LineString","coordinates":[[-99.15295,19.44746],[-99.15289,19.44779],[-99.15284,19.44806],[-99.15259,19.44942],[-99.15242,19.45032],[-99.15218,19.4516],[-99.1521,19.45203],[-99.15204,19.45234]]}},{"type":"Feature","properties":{"class":"separated"},"geometry":{"type":"LineString","coordinates":[[-99.15403,19.44449],[-99.1544,19.44366],[-99.15444,19.44356],[-99.15447,19.44347],[-99.1545,19.44338],[-99.15452,19.44329],[-99.15454,19.44318]]}},{"type":"Feature","properties":{"class":"shared"},"geometry":{"type":"LineString","coordinates":[[-99.16678,19.39502],[-99.16669,19.39541],[-99.16659,19.39579]]}},{"type":"Feature","properties":{"class":"shared"},"geometry":{"type":"LineString","coordinates":[[-99.17637,19.38034],[-99.17671,19.38023],[-99.17675,19.38022],[-99.1768,19.3802]]}},{"type":"Feature","properties":{"class":"painted"},"geometry":{"type":"LineString","coordinates":[[-99.17278,19.38129],[-99.17296,19.38067],[-99.17301,19.38047],[-99.17324,19.37954],[-99.1734,19.37879]]}},{"type":"Feature","properties":{"class":"painted"},"geometry":{"type":"LineString","coordinates":[[-99.1734,19.37879],[-99.17349,19.37834]]}},{"type":"Feature","properties":{"class":"painted"},"geometry":{"type":"LineString","coordinates":[[-99.17785,19.37981],[-99.1782,19.37969],[-99.17848,19.3796],[-99.17876,19.37951],[-99.17906,19.37941],[-99.17938,19.3793],[-99.17964,19.37922],[-99.18023,19.37902],[-99.18043,19.37895],[-99.18083,19.37882],[-99.18142,19.37862],[-99.18201,19.37842]]}},{"type":"Feature","properties":{"class":"painted"},"geometry":{"type":"LineString","coordinates":[[-99.17095,19.37901],[-99.17096,19.37906],[-99.17095,19.37912],[-99.17066,19.38022],[-99.17034,19.3813],[-99.17,19.38247],[-99.1697,19.38359],[-99.1693,19.38512],[-99.16926,19.38517],[-99.16921,19.38521],[-99.16916,19.38525],[-99.1691,19.38531],[-99.16907,19.38536]]}},{"type":"Feature","properties":{"class":"painted"},"geometry":{"type":"LineString","coordinates":[[-99.17349,19.37834],[-99.17365,19.37781],[-99.17381,19.37712],[-99.17417,19.37565],[-99.1742,19.37553],[-99.17437,19.37479],[-99.17485,19.37286]]}},{"type":"Feature","properties":{"class":"shared"},"geometry":{"type":"LineString","coordinates":[[-99.142,19.42693],[-99.14199,19.42699],[-99.14196,19.4271],[-99.14189,19.42747],[-99.14185,19.4277],[-99.1418,19.42795],[-99.1417,19.42864]]}},{"type":"Feature","properties":{"class":"shared"},"geometry":{"type":"LineString","coordinates":[[-99.16044,19.40631],[-99.1612,19.40627],[-99.16175,19.40624],[-99.16218,19.40621],[-99.16265,19.40619],[-99.16321,19.40616],[-99.16327,19.40615],[-99.16401,19.40611],[-99.16484,19.40606]]}},{"type":"Feature","properties":{"class":"separated"},"geometry":{"type":"LineString","coordinates":[[-99.13358,19.43095],[-99.13357,19.43099],[-99.13357,19.43101],[-99.13353,19.4313],[-99.13352,19.43133],[-99.13346,19.43181],[-99.13343,19.43202]]}},{"type":"Feature","properties":{"class":"separated"},"geometry":{"type":"LineString","coordinates":[[-99.14649,19.43728],[-99.14634,19.43741],[-99.14625,19.4375],[-99.14614,19.43759],[-99.14576,19.43793],[-99.14569,19.438],[-99.14419,19.43936],[-99.14384,19.43969]]}},{"type":"Feature","properties":{"class":"separated"},"geometry":{"type":"LineString","coordinates":[[-99.14108,19.43281],[-99.14207,19.43296],[-99.14291,19.43311],[-99.14324,19.43316],[-99.14337,19.43319],[-99.14356,19.43321],[-99.14364,19.43323],[-99.14372,19.43324],[-99.14381,19.43325],[-99.14408,19.4333],[-99.1443,19.43333],[-99.14455,19.43337],[-99.1447,19.43339],[-99.14503,19.43344]]}},{"type":"Feature","properties":{"class":"separated"},"geometry":{"type":"LineString","coordinates":[[-99.18784,19.41438],[-99.18801,19.41419],[-99.18804,19.41417],[-99.1883,19.41403],[-99.18833,19.41401],[-99.18835,19.41399],[-99.18836,19.41395],[-99.18838,19.41392],[-99.18839,19.4139],[-99.18841,19.41382],[-99.18841,19.41381],[-99.18841,19.41379],[-99.1884,19.41377]]}},{"type":"Feature","properties":{"class":"separated"},"geometry":{"type":"LineString","coordinates":[[-99.19228,19.40469],[-99.19233,19.40401],[-99.19234,19.40385],[-99.19237,19.40352],[-99.19237,19.40328],[-99.19237,19.40313]]}},{"type":"Feature","properties":{"class":"separated"},"geometry":{"type":"LineString","coordinates":[[-99.17113,19.41415],[-99.17074,19.4148],[-99.17022,19.41557],[-99.17017,19.41564],[-99.17013,19.4157],[-99.17008,19.41576],[-99.17004,19.41583]]}},{"type":"Feature","properties":{"class":"shared"},"geometry":{"type":"LineString","coordinates":[[-99.16221,19.4238],[-99.16215,19.42382],[-99.16128,19.42401],[-99.16118,19.42403]]}},{"type":"Feature","properties":{"class":"shared"},"geometry":{"type":"LineString","coordinates":[[-99.17435,19.39569],[-99.17415,19.39602],[-99.17407,19.39615],[-99.17378,19.39659],[-99.17345,19.39713],[-99.17326,19.39742],[-99.17314,19.39762],[-99.17286,19.39803],[-99.17241,19.39872]]}},{"type":"Feature","properties":{"class":"separated"},"geometry":{"type":"LineString","coordinates":[[-99.1909,19.44056],[-99.19082,19.44045],[-99.19067,19.44026],[-99.1905,19.4401],[-99.19033,19.43995],[-99.18999,19.43971],[-99.18973,19.43955]]}},{"type":"Feature","properties":{"class":"painted"},"geometry":{"type":"LineString","coordinates":[[-99.16911,19.39329],[-99.16981,19.39344],[-99.1706,19.39362],[-99.17127,19.39377],[-99.17181,19.39389]]}},{"type":"Feature","properties":{"class":"separated"},"geometry":{"type":"LineString","coordinates":[[-99.15267,19.44088],[-99.15271,19.44078],[-99.15277,19.44062],[-99.1528,19.44052],[-99.15283,19.44039],[-99.15293,19.4401],[-99.15307,19.43973],[-99.15329,19.43917],[-99.15335,19.43901],[-99.15335,19.43899],[-99.15338,19.43894]]}},{"type":"Feature","properties":{"class":"separated"},"geometry":{"type":"LineString","coordinates":[[-99.15249,19.44084],[-99.15248,19.44093],[-99.15237,19.44226],[-99.15236,19.44236]]}},{"type":"Feature","properties":{"class":"separated"},"geometry":{"type":"LineString","coordinates":[[-99.19067,19.46983],[-99.19067,19.46974],[-99.19073,19.46945],[-99.19077,19.46934],[-99.19081,19.46905],[-99.19078,19.46895],[-99.19071,19.46884],[-99.19072,19.46872],[-99.19081,19.46846],[-99.19092,19.46831],[-99.19097,19.46817],[-99.19102,19.46799],[-99.19106,19.46771],[-99.19101,19.46756],[-99.19097,19.46734],[-99.191,19.46724],[-99.19101,19.46712],[-99.19106,19.46698],[-99.19116,19.46683],[-99.1913,19.46669],[-99.19147,19.46656],[-99.19163,19.46643],[-99.19179,19.46634],[-99.19183,19.46633],[-99.19192,19.46631],[-99.19204,19.4663],[-99.1921,19.46631],[-99.19216,19.46629],[-99.19225,19.46624],[-99.19235,19.4662],[-99.19249,19.46621],[-99.19262,19.46627],[-99.19276,19.4664],[-99.19324,19.46694],[-99.19333,19.467],[-99.1934,19.46701],[-99.19348,19.46699],[-99.19368,19.46684],[-99.19375,19.46664],[-99.19376,19.46662],[-99.19379,19.46659],[-99.19387,19.46657],[-99.19403,19.46655],[-99.19417,19.46659],[-99.1943,19.4666],[-99.19455,19.46666],[-99.19529,19.46691],[-99.19531,19.46691],[-99.19568,19.46701],[-99.19575,19.46702],[-99.19595,19.46703],[-99.19606,19.46704],[-99.19614,19.46706],[-99.19625,19.4671],[-99.19638,19.46716],[-99.19681,19.46738],[-99.19702,19.46748],[-99.19713,19.46756],[-99.19757,19.46803],[-99.19797,19.46845],[-99.19802,19.46852],[-99.198,19.46863],[-99.19806,19.46883],[-99.19805,19.46886],[-99.19803,19.46893],[-99.19797,19.46902],[-99.19784,19.46912],[-99.19777,19.46923],[-99.19775,19.46934],[-99.1977,19.46939],[-99.19764,19.46941],[-99.19757,19.4694],[-99.19751,19.46935],[-99.19742,19.46928],[-99.19729,19.46923],[-99.19686,19.46915],[-99.19679,19.46912],[-99.19647,19.46887],[-99.19637,19.46883],[-99.19628,19.46884],[-99.19619,19.4689],[-99.19588,19.46916],[-99.19581,19.46918],[-99.19572,19.46918],[-99.19531,19.46911],[-99.19519,19.46914],[-99.19504,19.46911],[-99.19492,19.46903],[-99.1947,19.46891],[-99.19375,19.46866],[-99.19348,19.46856],[-99.19346,19.46856],[-99.19341,19.46855],[-99.19337,19.46853],[-99.19331,19.46847],[-99.19327,19.46847],[-99.19324,19.46849],[-99.19322,19.46852],[-99.19322,19.46854],[-99.19324,19.46857],[-99.19327,19.46859],[-99.19331,19.46859],[-99.19334,19.46857],[-99.19339,19.46855],[-99.19341,19.46855]]}},{"type":"Feature","properties":{"class":"separated"},"geometry":{"type":"LineString","coordinates":[[-99.19797,19.46902],[-99.19803,19.46907],[-99.19805,19.46918],[-99.19807,19.46925],[-99.19812,19.46929],[-99.19818,19.46932],[-99.19826,19.46932],[-99.19842,19.4693],[-99.1986,19.46922],[-99.19903,19.46905],[-99.19946,19.46888],[-99.19959,19.4688],[-99.19963,19.46876],[-99.19974,19.4687],[-99.20003,19.46863],[-99.20007,19.46863],[-99.20014,19.46862],[-99.20048,19.46867],[-99.20086,19.46877],[-99.20117,19.46892],[-99.20118,19.46892],[-99.20139,19.469],[-99.20158,19.46904],[-99.20179,19.46904],[-99.20204,19.46903],[-99.20225,19.46907],[-99.20244,19.46912],[-99.20264,19.46917],[-99.20272,19.46918],[-99.20279,19.46916],[-99.20293,19.46908],[-99.203,19.46905],[-99.20308,19.46903],[-99.20318,19.46904],[-99.20329,19.46909],[-99.20338,19.46923],[-99.20339,19.46926],[-99.20341,19.46936],[-99.20333,19.46957],[-99.20323,19.46981],[-99.20319,19.47006],[-99.2032,19.47028],[-99.20315,19.47049],[-99.20307,19.47067],[-99.203,19.47076],[-99.20292,19.47086],[-99.20283,19.47103],[-99.20281,19.47121],[-99.20283,19.47127],[-99.20285,19.47138],[-99.20285,19.4716],[-99.20281,19.47173],[-99.20273,19.47185],[-99.20264,19.47193],[-99.20251,19.47199],[-99.20242,19.47202],[-99.2023,19.47202],[-99.20213,19.472],[-99.20199,19.47199],[-99.20182,19.472],[-99.20172,19.47205],[-99.20164,19.47209],[-99.20151,19.47211],[-99.20143,19.47209],[-99.20137,19.47207],[-99.20134,19.47214],[-99.20139,19.47214],[-99.20145,19.47214],[-99.20151,19.47211]]}},{"type":"Feature","properties":{"class":"painted"},"geometry":{"type":"LineString","coordinates":[[-99.15871,19.37064],[-99.15863,19.371],[-99.15844,19.37181],[-99.15798,19.37396]]}},{"type":"Feature","properties":{"class":"separated"},"geometry":{"type":"LineString","coordinates":[[-99.15567,19.36639],[-99.15565,19.36628]]}},{"type":"Feature","properties":{"class":"separated"},"geometry":{"type":"LineString","coordinates":[[-99.15565,19.36628],[-99.15542,19.36549],[-99.15523,19.36478],[-99.15522,19.36476],[-99.15491,19.36369]]}},{"type":"Feature","properties":{"class":"shared"},"geometry":{"type":"LineString","coordinates":[[-99.15558,19.43642],[-99.15565,19.43643],[-99.15572,19.43644],[-99.15585,19.43646],[-99.15621,19.43651],[-99.15628,19.43652],[-99.15679,19.43659],[-99.15684,19.4366],[-99.15686,19.4366],[-99.15689,19.4366],[-99.15693,19.43661],[-99.15698,19.43662]]}},{"type":"Feature","properties":{"class":"shared"},"geometry":{"type":"LineString","coordinates":[[-99.15706,19.43644],[-99.15697,19.43643],[-99.15694,19.43642],[-99.1567,19.43639],[-99.15649,19.43636]]}},{"type":"Feature","properties":{"class":"shared"},"geometry":{"type":"LineString","coordinates":[[-99.13099,19.45314],[-99.1311,19.45315],[-99.1313,19.45318],[-99.13135,19.45318]]}},{"type":"Feature","properties":{"class":"separated"},"geometry":{"type":"LineString","coordinates":[[-99.15499,19.44153],[-99.15504,19.44142],[-99.15529,19.44085],[-99.15553,19.44033]]}},{"type":"Feature","properties":{"class":"separated"},"geometry":{"type":"LineString","coordinates":[[-99.15388,19.44447],[-99.15368,19.44493],[-99.15366,19.44497],[-99.15357,19.44519],[-99.15335,19.44568],[-99.15329,19.44581],[-99.15326,19.44588]]}},{"type":"Feature","properties":{"class":"separated"},"geometry":{"type":"LineString","coordinates":[[-99.15556,19.43982],[-99.15554,19.43988],[-99.15553,19.43992],[-99.15549,19.44],[-99.15524,19.44056],[-99.15507,19.44099],[-99.15502,19.4411]]}},{"type":"Feature","properties":{"class":"painted"},"geometry":{"type":"LineString","coordinates":[[-99.15556,19.43982],[-99.15572,19.43989]]}},{"type":"Feature","properties":{"class":"separated"},"geometry":{"type":"LineString","coordinates":[[-99.15577,19.43978],[-99.1558,19.43972],[-99.15582,19.43968],[-99.15597,19.43932],[-99.15627,19.43864],[-99.1563,19.43857]]}},{"type":"Feature","properties":{"class":"painted"},"geometry":{"type":"LineString","coordinates":[[-99.15577,19.43978],[-99.15561,19.43971]]}},{"type":"Feature","properties":{"class":"separated"},"geometry":{"type":"LineString","coordinates":[[-99.15698,19.43662],[-99.15694,19.4367],[-99.1565,19.43771]]}},{"type":"Feature","properties":{"class":"shared"},"geometry":{"type":"LineString","coordinates":[[-99.15915,19.43171],[-99.1591,19.4317],[-99.15906,19.43169],[-99.15885,19.43163],[-99.15872,19.43159],[-99.15868,19.43158],[-99.1586,19.43155],[-99.15854,19.43153],[-99.1585,19.43152]]}},{"type":"Feature","properties":{"class":"separated"},"geometry":{"type":"LineString","coordinates":[[-99.1585,19.43152],[-99.15867,19.43147],[-99.15876,19.43146],[-99.15884,19.43144],[-99.15891,19.43142],[-99.15915,19.43135],[-99.15921,19.43133],[-99.15927,19.43132],[-99.15929,19.43131],[-99.15936,19.43129]]}},{"type":"Feature","properties":{"class":"separated"},"geometry":{"type":"LineString","coordinates":[[-99.15987,19.43028],[-99.15973,19.43057],[-99.1597,19.43062],[-99.15966,19.43072]]}},{"type":"Feature","properties":{"class":"shared"},"geometry":{"type":"LineString","coordinates":[[-99.16141,19.42698],[-99.16139,19.42704],[-99.16085,19.4282],[-99.1608,19.42831]]}},{"type":"Feature","properties":{"class":"shared"},"geometry":{"type":"LineString","coordinates":[[-99.16176,19.42763],[-99.16246,19.42896],[-99.16248,19.42899],[-99.1625,19.42902]]}},{"type":"Feature","properties":{"class":"shared"},"geometry":{"type":"LineString","coordinates":[[-99.16189,19.42621],[-99.16201,19.42596],[-99.16203,19.42591],[-99.1621,19.42577]]}},{"type":"Feature","properties":{"class":"shared"},"geometry":{"type":"LineString","coordinates":[[-99.16221,19.4252],[-99.16212,19.42541],[-99.1621,19.42546],[-99.16202,19.42563]]}},{"type":"Feature","properties":{"class":"shared"},"geometry":{"type":"LineString","coordinates":[[-99.16799,19.41082],[-99.16887,19.41107],[-99.16895,19.41109],[-99.17019,19.41145],[-99.17047,19.41153],[-99.17053,19.41153],[-99.17105,19.41154],[-99.1713,19.41155]]}},{"type":"Feature","properties":{"class":"separated"},"geometry":{"type":"LineString","coordinates":[[-99.16709,19.41055],[-99.16711,19.41049],[-99.16732,19.40986]]}},{"type":"Feature","properties":{"class":"separated"},"geometry":{"type":"LineString","coordinates":[[-99.17226,19.41154],[-99.17219,19.41171]]}},{"type":"Feature","properties":{"class":"separated"},"geometry":{"type":"LineString","coordinates":[[-99.15468,19.3634],[-99.15477,19.36376],[-99.15504,19.36477],[-99.15546,19.36625]]}},{"type":"Feature","properties":{"class":"separated"},"geometry":{"type":"LineString","coordinates":[[-99.1848,19.38089],[-99.18478,19.38094],[-99.1844,19.3819],[-99.18431,19.38213],[-99.18401,19.38287],[-99.18378,19.38342]]}},{"type":"Feature","properties":{"class":"separated"},"geometry":{"type":"LineString","coordinates":[[-99.16515,19.41606],[-99.16503,19.41642],[-99.16491,19.41678]]}},{"type":"Feature","properties":{"class":"separated"},"geometry":{"type":"LineString","coordinates":[[-99.15968,19.41819],[-99.15962,19.4182],[-99.1591,19.41831],[-99.15857,19.41841],[-99.15851,19.41842],[-99.15845,19.41843],[-99.15736,19.41865],[-99.15732,19.41866],[-99.15702,19.41872],[-99.15655,19.41881],[-99.15584,19.41894],[-99.15487,19.41914],[-99.15447,19.41923],[-99.15441,19.41923],[-99.15437,19.41923],[-99.15433,19.41922],[-99.15426,19.4192]]}},{"type":"Feature","properties":{"class":"painted"},"geometry":{"type":"LineString","coordinates":[[-99.16472,19.41743],[-99.16488,19.4174]]}},{"type":"Feature","properties":{"class":"separated"},"geometry":{"type":"LineString","coordinates":[[-99.1672,19.42254],[-99.1672,19.42246],[-99.16701,19.4217],[-99.1668,19.42085],[-99.1667,19.42045],[-99.16666,19.42029]]}},{"type":"Feature","properties":{"class":"painted"},"geometry":{"type":"LineString","coordinates":[[-99.18043,19.42409],[-99.18045,19.424],[-99.18046,19.42391]]}},{"type":"Feature","properties":{"class":"separated"},"geometry":{"type":"LineString","coordinates":[[-99.18028,19.42515],[-99.18033,19.42477],[-99.18043,19.42409]]}},{"type":"Feature","properties":{"class":"separated"},"geometry":{"type":"LineString","coordinates":[[-99.18485,19.4278],[-99.18442,19.42791],[-99.18426,19.42795],[-99.18393,19.42801],[-99.18359,19.42805],[-99.18297,19.42807],[-99.1825,19.42803],[-99.18238,19.42801],[-99.18179,19.42775],[-99.18134,19.42739],[-99.18113,19.42717],[-99.18101,19.42704],[-99.18065,19.42648],[-99.18046,19.42608],[-99.18033,19.42562],[-99.18029,19.4254],[-99.18027,19.42527]]}},{"type":"Feature","properties":{"class":"separated"},"geometry":{"type":"LineString","coordinates":[[-99.1715,19.43745],[-99.17155,19.4374]]}},{"type":"Feature","properties":{"class":"separated"},"geometry":{"type":"LineString","coordinates":[[-99.18166,19.39442],[-99.18165,19.39446],[-99.18152,19.39493],[-99.18148,19.39507]]}},{"type":"Feature","properties":{"class":"painted"},"geometry":{"type":"LineString","coordinates":[[-99.18997,19.40776],[-99.1903,19.40776],[-99.19045,19.40777],[-99.19059,19.4078],[-99.19121,19.40798],[-99.19125,19.40801]]}},{"type":"Feature","properties":{"class":"painted"},"geometry":{"type":"LineString","coordinates":[[-99.19134,19.40916],[-99.19044,19.40917],[-99.19035,19.40917]]}},{"type":"Feature","properties":{"class":"separated"},"geometry":{"type":"LineString","coordinates":[[-99.1489,19.45722],[-99.14904,19.45708],[-99.15045,19.45609]]}},{"type":"Feature","properties":{"class":"shared"},"geometry":{"type":"LineString","coordinates":[[-99.14979,19.45748],[-99.15053,19.45761],[-99.15078,19.45766],[-99.15097,19.45769],[-99.15115,19.45772],[-99.15173,19.45783],[-99.15189,19.45786]]}},{"type":"Feature","properties":{"class":"shared"},"geometry":{"type":"LineString","coordinates":[[-99.13776,19.45827],[-99.13774,19.45874],[-99.13772,19.4592],[-99.1377,19.45968]]}},{"type":"Feature","properties":{"class":"separated"},"geometry":{"type":"LineString","coordinates":[[-99.1427,19.36421],[-99.14282,19.36357],[-99.14294,19.36286],[-99.14293,19.3626]]}},{"type":"Feature","properties":{"class":"painted"},"geometry":{"type":"LineString","coordinates":[[-99.16494,19.41718],[-99.16478,19.41721]]}},{"type":"Feature","properties":{"class":"separated"},"geometry":{"type":"LineString","coordinates":[[-99.21452,19.40408],[-99.21482,19.40404],[-99.21494,19.40406],[-99.21511,19.40406],[-99.21527,19.40401],[-99.21547,19.40393],[-99.21557,19.40389],[-99.21563,19.40384],[-99.21568,19.40379],[-99.21579,19.40348],[-99.21583,19.40342],[-99.21593,19.40332],[-99.21601,19.40326],[-99.21618,19.40314],[-99.21627,19.40309],[-99.2165,19.40301],[-99.21655,19.40301],[-99.21671,19.403],[-99.21693,19.40298],[-99.21705,19.40296],[-99.21716,19.40294],[-99.2174,19.40284],[-99.21753,19.4028],[-99.21761,19.40274],[-99.21772,19.40264],[-99.21778,19.40255],[-99.21776,19.40246],[-99.21774,19.40236],[-99.21785,19.40228],[-99.21798,19.40218],[-99.21823,19.40207],[-99.21839,19.40197],[-99.21868,19.40185],[-99.21881,19.40179],[-99.2189,19.40176],[-99.21896,19.40175],[-99.21903,19.40174],[-99.21923,19.40165],[-99.21942,19.40153],[-99.21954,19.40143],[-99.21976,19.40119],[-99.21991,19.40111],[-99.22005,19.40098],[-99.22019,19.40083],[-99.22027,19.4007],[-99.22042,19.40064],[-99.2206,19.40062],[-99.22073,19.40063],[-99.22083,19.40058],[-99.22102,19.40033],[-99.22123,19.40017],[-99.22168,19.39999],[-99.22178,19.39993],[-99.22195,19.39979],[-99.2224,19.3996],[-99.22251,19.39952],[-99.22275,19.39928],[-99.2228,19.3992],[-99.2229,19.39906],[-99.22297,19.39894],[-99.22302,19.39889],[-99.22309,19.39888],[-99.22323,19.39895],[-99.22331,19.39896],[-99.22351,19.39896]]}},{"type":"Feature","properties":{"class":"painted"},"geometry":{"type":"LineString","coordinates":[[-99.15236,19.44236],[-99.15235,19.44255]]}},{"type":"Feature","properties":{"class":"separated"},"geometry":{"type":"LineString","coordinates":[[-99.15338,19.43894],[-99.15346,19.43897],[-99.15461,19.43944],[-99.15472,19.43948],[-99.15549,19.4398],[-99.15552,19.43981],[-99.15556,19.43982]]}},{"type":"Feature","properties":{"class":"shared"},"geometry":{"type":"LineString","coordinates":[[-99.14058,19.43609],[-99.14056,19.43626],[-99.14055,19.43632],[-99.14052,19.4365]]}},{"type":"Feature","properties":{"class":"painted"},"geometry":{"type":"LineString","coordinates":[[-99.15338,19.43894],[-99.15343,19.43881]]}},{"type":"Feature","properties":{"class":"painted"},"geometry":{"type":"LineString","coordinates":[[-99.15343,19.43881],[-99.15329,19.43875]]}},{"type":"Feature","properties":{"class":"shared"},"geometry":{"type":"LineString","coordinates":[[-99.13981,19.44142],[-99.13954,19.44312]]}},{"type":"Feature","properties":{"class":"separated"},"geometry":{"type":"LineString","coordinates":[[-99.16326,19.39667],[-99.16355,19.39541],[-99.16361,19.39518],[-99.16382,19.39436],[-99.16401,19.39361],[-99.16404,19.39349],[-99.16411,19.39321],[-99.16424,19.39274],[-99.16436,19.39226],[-99.16446,19.39188],[-99.16453,19.39159],[-99.16465,19.39105]]}},{"type":"Feature","properties":{"class":"shared"},"geometry":{"type":"LineString","coordinates":[[-99.13411,19.43268],[-99.13423,19.43242],[-99.13427,19.43215],[-99.13428,19.43211],[-99.13436,19.43202],[-99.13436,19.43199],[-99.13437,19.43195]]}},{"type":"Feature","properties":{"class":"separated"},"geometry":{"type":"LineString","coordinates":[[-99.12978,19.45426],[-99.12809,19.4569]]}},{"type":"Feature","properties":{"class":"painted"},"geometry":{"type":"LineString","coordinates":[[-99.15798,19.37396],[-99.1579,19.37428]]}},{"type":"Feature","properties":{"class":"shared"},"geometry":{"type":"LineString","coordinates":[[-99.1619,19.37694],[-99.16164,19.37689],[-99.16119,19.3768]]}},{"type":"Feature","properties":{"class":"separated"},"geometry":{"type":"LineString","coordinates":[[-99.16744,19.4354],[-99.16717,19.4353],[-99.16701,19.43525],[-99.16637,19.43503],[-99.16629,19.435],[-99.16589,19.43484]]}},{"type":"Feature","properties":{"class":"separated"},"geometry":{"type":"LineString","coordinates":[[-99.15618,19.47357],[-99.15442,19.4734],[-99.15266,19.47324],[-99.15161,19.47318],[-99.15088,19.47313],[-99.14907,19.47328],[-99.14727,19.47324],[-99.14654,19.47315]]}},{"type":"Feature","properties":{"class":"separated"},"geometry":{"type":"LineString","coordinates":[[-99.15618,19.47357],[-99.15794,19.47364]]}},{"type":"Feature","properties":{"class":"separated"},"geometry":{"type":"LineString","coordinates":[[-99.14098,19.44228],[-99.14042,19.44279],[-99.14016,19.44303],[-99.13988,19.44329],[-99.13983,19.44333],[-99.13976,19.44337],[-99.13974,19.44338],[-99.1397,19.44341],[-99.13964,19.44342],[-99.1395,19.44346],[-99.13947,19.44347]]}},{"type":"Feature","properties":{"class":"separated"},"geometry":{"type":"LineString","coordinates":[[-99.13984,19.44079],[-99.13974,19.44101],[-99.13949,19.44255],[-99.13945,19.44277],[-99.13943,19.44285],[-99.13939,19.44292],[-99.13935,19.44299],[-99.1391,19.44339],[-99.13901,19.44355],[-99.13898,19.4436]]}},{"type":"Feature","properties":{"class":"painted"},"geometry":{"type":"LineString","coordinates":[[-99.20057,19.44171],[-99.20059,19.44167],[-99.20063,19.44158],[-99.20067,19.44148],[-99.20069,19.44144],[-99.20072,19.44137]]}},{"type":"Feature","properties":{"class":"separated"},"geometry":{"type":"LineString","coordinates":[[-99.19792,19.41206],[-99.1979,19.412],[-99.19744,19.41091],[-99.19741,19.41086],[-99.19737,19.41082],[-99.19727,19.41072],[-99.1972,19.41067]]}},{"type":"Feature","properties":{"class":"separated"},"geometry":{"type":"LineString","coordinates":[[-99.14971,19.43578],[-99.15006,19.43553],[-99.1502,19.43544],[-99.15045,19.4353],[-99.15054,19.43525],[-99.15071,19.43516],[-99.15117,19.43495],[-99.15325,19.43397],[-99.15327,19.43396],[-99.1533,19.43395],[-99.15332,19.43394],[-99.15345,19.43388]]}},{"type":"Feature","properties":{"class":"shared"},"geometry":{"type":"LineString","coordinates":[[-99.15179,19.35335],[-99.15194,19.35388],[-99.15214,19.35454],[-99.15217,19.35466]]}},{"type":"Feature","properties":{"class":"shared"},"geometry":{"type":"LineString","coordinates":[[-99.15192,19.35321],[-99.15153,19.35183]]}},{"type":"Feature","properties":{"class":"shared"},"geometry":{"type":"LineString","coordinates":[[-99.15229,19.35509],[-99.15244,19.35562]]}},{"type":"Feature","properties":{"class":"shared"},"geometry":{"type":"LineString","coordinates":[[-99.15246,19.35506],[-99.15192,19.35321]]}},{"type":"Feature","properties":{"class":"shared"},"geometry":{"type":"LineString","coordinates":[[-99.147,19.38783],[-99.14694,19.38834],[-99.1469,19.38869],[-99.14686,19.38901]]}},{"type":"Feature","properties":{"class":"shared"},"geometry":{"type":"LineString","coordinates":[[-99.14681,19.38938],[-99.14664,19.39073],[-99.14663,19.39083],[-99.14645,19.39219]]}},{"type":"Feature","properties":{"class":"painted"},"geometry":{"type":"LineString","coordinates":[[-99.17438,19.40759],[-99.17396,19.40839],[-99.1736,19.40908]]}},{"type":"Feature","properties":{"class":"separated"},"geometry":{"type":"LineString","coordinates":[[-99.17531,19.40479],[-99.1744,19.40449],[-99.17352,19.40421],[-99.17259,19.4039]]}},{"type":"Feature","properties":{"class":"separated"},"geometry":{"type":"LineString","coordinates":[[-99.17166,19.4036],[-99.17127,19.40347]]}},{"type":"Feature","properties":{"class":"separated"},"geometry":{"type":"LineString","coordinates":[[-99.17975,19.37163],[-99.17976,19.37158],[-99.17986,19.37126],[-99.18008,19.37057]]}},{"type":"Feature","properties":{"class":"separated"},"geometry":{"type":"LineString","coordinates":[[-99.1789,19.3737],[-99.17886,19.37382],[-99.17874,19.3742],[-99.17864,19.37448],[-99.17843,19.37514],[-99.17826,19.37565],[-99.1781,19.37619]]}},{"type":"Feature","properties":{"class":"shared"},"geometry":{"type":"LineString","coordinates":[[-99.1789,19.3737],[-99.17905,19.37374],[-99.17909,19.37375],[-99.17912,19.37376],[-99.17921,19.37378],[-99.17932,19.3738],[-99.17954,19.37385],[-99.18062,19.37411]]}},{"type":"Feature","properties":{"class":"separated"},"geometry":{"type":"LineString","coordinates":[[-99.15572,19.43989],[-99.15577,19.43978]]}},{"type":"Feature","properties":{"class":"separated"},"geometry":{"type":"LineString","coordinates":[[-99.15561,19.43971],[-99.15556,19.43982]]}},{"type":"Feature","properties":{"class":"separated"},"geometry":{"type":"LineString","coordinates":[[-99.15561,19.43971],[-99.15554,19.43968],[-99.15526,19.43957],[-99.15475,19.43935],[-99.15472,19.43934],[-99.15467,19.43932],[-99.15462,19.4393],[-99.1543,19.43917],[-99.15359,19.43887],[-99.15354,19.43886],[-99.15351,19.43884],[-99.15343,19.43881]]}},{"type":"Feature","properties":{"class":"separated"},"geometry":{"type":"LineString","coordinates":[[-99.15553,19.44033],[-99.15563,19.44009],[-99.15567,19.44001],[-99.15568,19.43998],[-99.1557,19.43994],[-99.15572,19.43989]]}},{"type":"Feature","properties":{"class":"separated"},"geometry":{"type":"LineString","coordinates":[[-99.15715,19.43664],[-99.15758,19.43566]]}},{"type":"Feature","properties":{"class":"separated"},"geometry":{"type":"LineString","coordinates":[[-99.15648,19.43817],[-99.15695,19.4371]]}},{"type":"Feature","properties":{"class":"separated"},"geometry":{"type":"LineString","coordinates":[[-99.15706,19.43644],[-99.15698,19.43662]]}},{"type":"Feature","properties":{"class":"shared"},"geometry":{"type":"LineString","coordinates":[[-99.16257,19.42472],[-99.16271,19.42441],[-99.16276,19.42435]]}},{"type":"Feature","properties":{"class":"shared"},"geometry":{"type":"LineString","coordinates":[[-99.16202,19.42563],[-99.16178,19.42617]]}},{"type":"Feature","properties":{"class":"separated"},"geometry":{"type":"LineString","coordinates":[[-99.16189,19.42536],[-99.16142,19.42446]]}},{"type":"Feature","properties":{"class":"shared"},"geometry":{"type":"LineString","coordinates":[[-99.16333,19.4222],[-99.16323,19.42254]]}},{"type":"Feature","properties":{"class":"shared"},"geometry":{"type":"LineString","coordinates":[[-99.16401,19.42031],[-99.16432,19.4193]]}},{"type":"Feature","properties":{"class":"separated"},"geometry":{"type":"LineString","coordinates":[[-99.16387,19.42034],[-99.16358,19.42041],[-99.16323,19.42049]]}},{"type":"Feature","properties":{"class":"painted"},"geometry":{"type":"LineString","coordinates":[[-99.16401,19.42031],[-99.16387,19.42034]]}},{"type":"Feature","properties":{"class":"shared"},"geometry":{"type":"LineString","coordinates":[[-99.16429,19.41892],[-99.16399,19.41994]]}},{"type":"Feature","properties":{"class":"shared"},"geometry":{"type":"LineString","coordinates":[[-99.16459,19.41838],[-99.16466,19.41814],[-99.16477,19.41776]]}},{"type":"Feature","properties":{"class":"painted"},"geometry":{"type":"LineString","coordinates":[[-99.16441,19.41855],[-99.16447,19.41878]]}},{"type":"Feature","properties":{"class":"painted"},"geometry":{"type":"LineString","coordinates":[[-99.16431,19.41821],[-99.16433,19.41828],[-99.16441,19.41855]]}},{"type":"Feature","properties":{"class":"separated"},"geometry":{"type":"LineString","coordinates":[[-99.16488,19.4174],[-99.16588,19.41719],[-99.16724,19.41692],[-99.16735,19.41689],[-99.16742,19.4169],[-99.16747,19.41692]]}},{"type":"Feature","properties":{"class":"shared"},"geometry":{"type":"LineString","coordinates":[[-99.16488,19.4174],[-99.16494,19.41718]]}},{"type":"Feature","properties":{"class":"separated"},"geometry":{"type":"LineString","coordinates":[[-99.16547,19.41558],[-99.16554,19.41534]]}},{"type":"Feature","properties":{"class":"separated"},"geometry":{"type":"LineString","coordinates":[[-99.16554,19.41534],[-99.16557,19.41526],[-99.16561,19.41517],[-99.16565,19.41502],[-99.16588,19.4143]]}},{"type":"Feature","properties":{"class":"shared"},"geometry":{"type":"LineString","coordinates":[[-99.16519,19.41642],[-99.16529,19.4161]]}},{"type":"Feature","properties":{"class":"separated"},"geometry":{"type":"LineString","coordinates":[[-99.16529,19.41472],[-99.16525,19.41457],[-99.16508,19.41389],[-99.16488,19.41307],[-99.1647,19.41236],[-99.16461,19.41199]]}},{"type":"Feature","properties":{"class":"shared"},"geometry":{"type":"LineString","coordinates":[[-99.16566,19.4157],[-99.16561,19.41567],[-99.16553,19.41562],[-99.16549,19.4156],[-99.16547,19.41558]]}},{"type":"Feature","properties":{"class":"shared"},"geometry":{"type":"LineString","coordinates":[[-99.16433,19.41491],[-99.16384,19.41461]]}},{"type":"Feature","properties":{"class":"separated"},"geometry":{"type":"LineString","coordinates":[[-99.16621,19.41281],[-99.16618,19.4129],[-99.1659,19.41373],[-99.1656,19.41466]]}},{"type":"Feature","properties":{"class":"separated"},"geometry":{"type":"LineString","coordinates":[[-99.16639,19.41274],[-99.16642,19.41265],[-99.16674,19.4116],[-99.16694,19.411]]}},{"type":"Feature","properties":{"class":"separated"},"geometry":{"type":"LineString","coordinates":[[-99.16695,19.41052],[-99.16693,19.41058],[-99.1666,19.41159],[-99.16639,19.41225],[-99.16636,19.41235]]}},{"type":"Feature","properties":{"class":"separated"},"geometry":{"type":"LineString","coordinates":[[-99.16751,19.40925],[-99.16755,19.40915],[-99.16762,19.40891],[-99.16765,19.40884],[-99.1677,19.40867]]}},{"type":"Feature","properties":{"class":"separated"},"geometry":{"type":"LineString","coordinates":[[-99.16735,19.40931],[-99.16732,19.40939],[-99.16711,19.41005]]}},{"type":"Feature","properties":{"class":"separated"},"geometry":{"type":"LineString","coordinates":[[-99.16787,19.40817],[-99.16789,19.4081],[-99.1681,19.40744]]}},{"type":"Feature","properties":{"class":"separated"},"geometry":{"type":"LineString","coordinates":[[-99.16845,19.40591],[-99.16841,19.40602],[-99.16809,19.40701],[-99.16808,19.40705]]}},{"type":"Feature","properties":{"class":"shared"},"geometry":{"type":"LineString","coordinates":[[-99.16845,19.40591],[-99.16861,19.40591]]}},{"type":"Feature","properties":{"class":"separated"},"geometry":{"type":"LineString","coordinates":[[-99.16861,19.40591],[-99.16864,19.40581],[-99.16885,19.40517],[-99.16896,19.40485],[-99.16919,19.40412],[-99.16921,19.40408]]}},{"type":"Feature","properties":{"class":"shared"},"geometry":{"type":"LineString","coordinates":[[-99.16861,19.40591],[-99.16864,19.40591],[-99.1687,19.40591],[-99.16917,19.4059],[-99.16927,19.40589],[-99.17008,19.40587],[-99.17067,19.40586],[-99.17168,19.40583]]}},{"type":"Feature","properties":{"class":"separated"},"geometry":{"type":"LineString","coordinates":[[-99.16934,19.40367],[-99.16936,19.4036],[-99.16938,19.40353]]}},{"type":"Feature","properties":{"class":"separated"},"geometry":{"type":"LineString","coordinates":[[-99.16918,19.40367],[-99.16917,19.40371],[-99.16906,19.40405],[-99.16905,19.40409],[-99.16886,19.40467],[-99.16871,19.40514],[-99.16862,19.4054]]}},{"type":"Feature","properties":{"class":"shared"},"geometry":{"type":"LineString","coordinates":[[-99.16938,19.40353],[-99.16923,19.40354]]}},{"type":"Feature","properties":{"class":"separated"},"geometry":{"type":"LineString","coordinates":[[-99.16923,19.40354],[-99.1692,19.40362],[-99.16918,19.40367]]}},{"type":"Feature","properties":{"class":"shared"},"geometry":{"type":"LineString","coordinates":[[-99.16923,19.40354],[-99.16919,19.40354],[-99.16916,19.40354],[-99.16905,19.40351],[-99.16891,19.40345],[-99.1688,19.40338],[-99.16872,19.40329]]}},{"type":"Feature","properties":{"class":"separated"},"geometry":{"type":"LineString","coordinates":[[-99.16938,19.40353],[-99.16941,19.40346],[-99.16952,19.40314],[-99.1696,19.4029]]}},{"type":"Feature","properties":{"class":"separated"},"geometry":{"type":"LineString","coordinates":[[-99.16973,19.4025],[-99.16975,19.40243],[-99.1698,19.40227]]}},{"type":"Feature","properties":{"class":"separated"},"geometry":{"type":"LineString","coordinates":[[-99.1698,19.40227],[-99.17019,19.40109]]}},{"type":"Feature","properties":{"class":"separated"},"geometry":{"type":"LineString","coordinates":[[-99.16956,19.40253],[-99.16953,19.40262],[-99.16937,19.40311]]}},{"type":"Feature","properties":{"class":"separated"},"geometry":{"type":"LineString","coordinates":[[-99.17028,19.40029],[-99.17025,19.4004],[-99.17002,19.40109],[-99.16985,19.40161],[-99.16972,19.40202]]}},{"type":"Feature","properties":{"class":"separated"},"geometry":{"type":"LineString","coordinates":[[-99.17105,19.39843],[-99.17109,19.39833],[-99.17109,19.39832],[-99.17156,19.39685],[-99.17167,19.39653]]}},{"type":"Feature","properties":{"class":"shared"},"geometry":{"type":"LineString","coordinates":[[-99.1709,19.39839],[-99.17087,19.39839],[-99.17083,19.39838],[-99.17067,19.39834],[-99.17048,19.3983],[-99.16988,19.39817]]}},{"type":"Feature","properties":{"class":"separated"},"geometry":{"type":"LineString","coordinates":[[-99.1709,19.39839],[-99.17088,19.39846],[-99.17059,19.39935]]}},{"type":"Feature","properties":{"class":"separated"},"geometry":{"type":"LineString","coordinates":[[-99.17164,19.39611],[-99.17163,19.39617],[-99.17126,19.39729],[-99.17106,19.39791],[-99.17102,19.39802]]}},{"type":"Feature","properties":{"class":"separated"},"geometry":{"type":"LineString","coordinates":[[-99.17179,19.39615],[-99.17182,19.39607],[-99.17196,19.39565],[-99.17212,19.39515],[-99.17228,19.39468],[-99.17238,19.39434]]}},{"type":"Feature","properties":{"class":"separated"},"geometry":{"type":"LineString","coordinates":[[-99.17235,19.39394],[-99.17233,19.39401],[-99.17177,19.39573]]}},{"type":"Feature","properties":{"class":"separated"},"geometry":{"type":"LineString","coordinates":[[-99.17289,19.39275],[-99.17292,19.39266],[-99.17303,19.39233],[-99.17325,19.39165],[-99.1735,19.39087],[-99.17368,19.39029],[-99.17372,19.39016]]}},{"type":"Feature","properties":{"class":"separated"},"geometry":{"type":"LineString","coordinates":[[-99.17358,19.39012],[-99.17355,19.39021],[-99.17353,19.39029],[-99.17342,19.39063],[-99.17324,19.39118],[-99.17311,19.39159],[-99.17299,19.39197]]}},{"type":"Feature","properties":{"class":"separated"},"geometry":{"type":"LineString","coordinates":[[-99.17488,19.38613],[-99.17483,19.38628],[-99.17423,19.38812],[-99.17416,19.38834],[-99.17399,19.38887],[-99.17385,19.38929],[-99.17374,19.38963],[-99.17372,19.3897]]}},{"type":"Feature","properties":{"class":"separated"},"geometry":{"type":"LineString","coordinates":[[-99.17505,19.38609],[-99.17508,19.38598],[-99.17561,19.38434]]}},{"type":"Feature","properties":{"class":"separated"},"geometry":{"type":"LineString","coordinates":[[-99.17372,19.39016],[-99.17373,19.39015],[-99.17377,19.39004],[-99.17413,19.38892],[-99.17428,19.38844],[-99.17485,19.38671]]}},{"type":"Feature","properties":{"class":"separated"},"geometry":{"type":"LineString","coordinates":[[-99.17504,19.38563],[-99.17498,19.38582],[-99.17492,19.38602],[-99.17488,19.38613]]}},{"type":"Feature","properties":{"class":"separated"},"geometry":{"type":"LineString","coordinates":[[-99.17604,19.38301],[-99.1761,19.38282],[-99.17617,19.38258],[-99.17628,19.38227],[-99.17644,19.38173],[-99.17678,19.38071],[-99.17678,19.38069],[-99.17683,19.38054]]}},{"type":"Feature","properties":{"class":"separated"},"geometry":{"type":"LineString","coordinates":[[-99.17592,19.38337],[-99.17597,19.38321],[-99.17604,19.38301]]}},{"type":"Feature","properties":{"class":"separated"},"geometry":{"type":"LineString","coordinates":[[-99.17583,19.38318],[-99.17577,19.38337],[-99.17575,19.38343],[-99.17572,19.38353],[-99.17547,19.38429],[-99.17519,19.38518],[-99.17504,19.38563]]}},{"type":"Feature","properties":{"class":"separated"},"geometry":{"type":"LineString","coordinates":[[-99.17811,19.37662],[-99.17813,19.37656],[-99.17864,19.375],[-99.17889,19.37423]]}},{"type":"Feature","properties":{"class":"separated"},"geometry":{"type":"LineString","coordinates":[[-99.17797,19.37661],[-99.17796,19.37664],[-99.17795,19.37668],[-99.17787,19.37691],[-99.17786,19.37694],[-99.17756,19.37787],[-99.17727,19.3788],[-99.1771,19.37927],[-99.17699,19.37959]]}},{"type":"Feature","properties":{"class":"separated"},"geometry":{"type":"LineString","coordinates":[[-99.18021,19.37018],[-99.18023,19.37012],[-99.18042,19.36953],[-99.18056,19.36911],[-99.18073,19.36859]]}},{"type":"Feature","properties":{"class":"shared"},"geometry":{"type":"LineString","coordinates":[[-99.18104,19.36764],[-99.18106,19.3676],[-99.18107,19.36754],[-99.18115,19.36729],[-99.18118,19.3672],[-99.1813,19.36683],[-99.18131,19.36679],[-99.18132,19.36676],[-99.18139,19.36655],[-99.18147,19.3663]]}},{"type":"Feature","properties":{"class":"shared"},"geometry":{"type":"LineString","coordinates":[[-99.18087,19.36761],[-99.18071,19.36811]]}},{"type":"Feature","properties":{"class":"separated"},"geometry":{"type":"LineString","coordinates":[[-99.18071,19.36811],[-99.1807,19.36816],[-99.18068,19.36822],[-99.1804,19.36909],[-99.18017,19.36979]]}},{"type":"Feature","properties":{"class":"separated"},"geometry":{"type":"LineString","coordinates":[[-99.18194,19.3649],[-99.18209,19.36441]]}},{"type":"Feature","properties":{"class":"shared"},"geometry":{"type":"LineString","coordinates":[[-99.18138,19.36605],[-99.18127,19.36638],[-99.18102,19.36716]]}},{"type":"Feature","properties":{"class":"separated"},"geometry":{"type":"LineString","coordinates":[[-99.18266,19.36261],[-99.18271,19.36246]]}},{"type":"Feature","properties":{"class":"separated"},"geometry":{"type":"LineString","coordinates":[[-99.18195,19.36432],[-99.18177,19.36486],[-99.1816,19.36539]]}},{"type":"Feature","properties":{"class":"separated"},"geometry":{"type":"LineString","coordinates":[[-99.18262,19.36226],[-99.1826,19.36231]]}},{"type":"Feature","properties":{"class":"separated"},"geometry":{"type":"LineString","coordinates":[[-99.18763,19.34736],[-99.18767,19.34725],[-99.1877,19.34716],[-99.18793,19.34656],[-99.18849,19.34506],[-99.18882,19.34422],[-99.189,19.34372],[-99.18925,19.34307],[-99.18927,19.34301]]}},{"type":"Feature","properties":{"class":"separated"},"geometry":{"type":"LineString","coordinates":[[-99.18734,19.34766],[-99.18716,19.34821]]}},{"type":"Feature","properties":{"class":"shared"},"geometry":{"type":"LineString","coordinates":[[-99.14484,19.45623],[-99.14489,19.45624],[-99.14499,19.45626]]}},{"type":"Feature","properties":{"class":"shared"},"geometry":{"type":"LineString","coordinates":[[-99.14499,19.45626],[-99.14577,19.45645],[-99.14669,19.45666],[-99.14714,19.45677],[-99.14813,19.45701],[-99.14857,19.45713],[-99.14862,19.45714]]}},{"type":"Feature","properties":{"class":"separated"},"geometry":{"type":"LineString","coordinates":[[-99.14381,19.44026],[-99.14396,19.44006],[-99.1441,19.43993],[-99.14435,19.43969],[-99.14476,19.43933],[-99.14557,19.43859],[-99.14569,19.43848],[-99.14591,19.43829],[-99.14637,19.43788],[-99.14657,19.4377],[-99.14681,19.4375]]}},{"type":"Feature","properties":{"class":"separated"},"geometry":{"type":"LineString","coordinates":[[-99.15442,19.43336],[-99.15455,19.43335],[-99.15471,19.43332],[-99.15483,19.43328],[-99.1549,19.43326],[-99.15495,19.43322],[-99.15504,19.43315],[-99.1552,19.43298]]}},{"type":"Feature","properties":{"class":"separated"},"geometry":{"type":"LineString","coordinates":[[-99.15359,19.43381],[-99.15367,19.43377],[-99.1538,19.43371],[-99.15392,19.43366],[-99.15427,19.43349],[-99.1543,19.43347],[-99.15432,19.43347],[-99.15434,19.43346],[-99.15437,19.43343],[-99.15442,19.43336]]}},{"type":"Feature","properties":{"class":"separated"},"geometry":{"type":"LineString","coordinates":[[-99.15345,19.43388],[-99.15351,19.43385],[-99.15359,19.43381]]}},{"type":"Feature","properties":{"class":"separated"},"geometry":{"type":"LineString","coordinates":[[-99.1552,19.43298],[-99.1553,19.43299],[-99.15538,19.43298],[-99.15538,19.43298],[-99.15549,19.43293],[-99.15601,19.43268],[-99.15605,19.43266],[-99.15662,19.43239],[-99.15672,19.43234],[-99.15676,19.43232],[-99.15679,19.43231],[-99.15689,19.43226],[-99.15697,19.43223],[-99.15701,19.4322],[-99.15767,19.43189],[-99.15815,19.43167],[-99.15819,19.43165],[-99.1582,19.43165],[-99.15823,19.43163],[-99.15835,19.43158],[-99.1585,19.43152]]}},{"type":"Feature","properties":{"class":"shared"},"geometry":{"type":"LineString","coordinates":[[-99.11067,19.44891],[-99.11089,19.44896],[-99.11111,19.449],[-99.11156,19.44909],[-99.11162,19.4491],[-99.112,19.44919],[-99.11216,19.44922],[-99.11242,19.44928],[-99.11272,19.44935],[-99.11289,19.44939],[-99.11307,19.44942],[-99.11329,19.44948],[-99.11381,19.44961],[-99.11432,19.44971],[-99.11487,19.44983],[-99.11495,19.44986],[-99.11531,19.44994],[-99.11568,19.45002],[-99.11577,19.45004],[-99.11595,19.45008],[-99.11603,19.45009],[-99.11644,19.45018],[-99.11691,19.45028],[-99.1174,19.45038],[-99.11793,19.45049],[-99.11822,19.45056],[-99.1185,19.45062],[-99.11876,19.45068],[-99.11906,19.45075],[-99.12021,19.45099],[-99.12131,19.45124],[-99.12141,19.45126],[-99.12194,19.45138],[-99.12244,19.45149],[-99.12355,19.45172],[-99.12409,19.45184],[-99.1244,19.45191],[-99.12447,19.45193],[-99.12455,19.45194],[-99.12478,19.45199]]}},{"type":"Feature","properties":{"class":"painted"},"geometry":{"type":"LineString","coordinates":[[-99.15417,19.4186],[-99.15399,19.41859],[-99.15335,19.41854],[-99.15242,19.41846],[-99.15059,19.41832],[-99.15054,19.41831],[-99.15049,19.41831],[-99.14909,19.41819],[-99.14776,19.41809]]}},{"type":"Feature","properties":{"class":"shared"},"geometry":{"type":"LineString","coordinates":[[-99.15437,19.41597],[-99.15393,19.41593]]}},{"type":"Feature","properties":{"class":"shared"},"geometry":{"type":"LineString","coordinates":[[-99.14981,19.41473],[-99.14968,19.41472],[-99.14909,19.41467],[-99.14875,19.41465]]}},{"type":"Feature","properties":{"class":"shared"},"geometry":{"type":"LineString","coordinates":[[-99.16245,19.45957],[-99.16282,19.45963],[-99.16354,19.45975],[-99.16405,19.45983],[-99.16432,19.45988],[-99.16494,19.45997],[-99.16499,19.45998],[-99.16551,19.46005],[-99.16562,19.46006],[-99.16619,19.46015],[-99.16675,19.46025],[-99.16731,19.46035],[-99.16742,19.46037],[-99.16786,19.46044],[-99.16835,19.46052],[-99.16884,19.4606],[-99.16894,19.46062],[-99.16943,19.46069],[-99.16988,19.46077],[-99.17034,19.46084]]}},{"type":"Feature","properties":{"class":"painted"},"geometry":{"type":"LineString","coordinates":[[-99.14746,19.41921],[-99.14756,19.41921]]}},{"type":"Feature","properties":{"class":"painted"},"geometry":{"type":"LineString","coordinates":[[-99.14756,19.41921],[-99.14886,19.41932],[-99.14934,19.41936],[-99.14956,19.41938],[-99.15036,19.41946],[-99.15038,19.41946]]}},{"type":"Feature","properties":{"class":"painted"},"geometry":{"type":"LineString","coordinates":[[-99.14767,19.41808],[-99.14608,19.41795],[-99.14467,19.41782],[-99.14445,19.4178],[-99.14442,19.4178],[-99.14433,19.41779],[-99.14357,19.41772]]}},{"type":"Feature","properties":{"class":"shared"},"geometry":{"type":"LineString","coordinates":[[-99.14822,19.4155],[-99.14818,19.4155],[-99.14811,19.41549]]}},{"type":"Feature","properties":{"class":"shared"},"geometry":{"type":"LineString","coordinates":[[-99.14811,19.41549],[-99.14773,19.41547],[-99.14709,19.41542]]}},{"type":"Feature","properties":{"class":"shared"},"geometry":{"type":"LineString","coordinates":[[-99.14522,19.41438],[-99.14502,19.41436],[-99.14445,19.41433]]}},{"type":"Feature","properties":{"class":"shared"},"geometry":{"type":"LineString","coordinates":[[-99.14975,19.40688],[-99.15069,19.40681],[-99.15105,19.40679],[-99.15149,19.40676]]}},{"type":"Feature","properties":{"class":"shared"},"geometry":{"type":"LineString","coordinates":[[-99.16095,19.39617],[-99.1603,19.39613]]}},{"type":"Feature","properties":{"class":"painted"},"geometry":{"type":"LineString","coordinates":[[-99.15253,19.39021],[-99.15257,19.39021],[-99.15286,19.39026],[-99.15349,19.39035],[-99.15413,19.39044],[-99.15492,19.39055],[-99.15563,19.39066],[-99.15636,19.39075],[-99.15643,19.39076],[-99.1565,19.39076],[-99.15726,19.39087],[-99.15793,19.39099],[-99.1586,19.39109],[-99.15925,19.39118],[-99.15931,19.39119],[-99.15996,19.39129]]}},{"type":"Feature","properties":{"class":"shared"},"geometry":{"type":"LineString","coordinates":[[-99.15194,19.38645],[-99.15187,19.38644],[-99.15103,19.38631],[-99.15036,19.38623],[-99.1497,19.38615]]}},{"type":"Feature","properties":{"class":"shared"},"geometry":{"type":"LineString","coordinates":[[-99.15871,19.37064],[-99.1595,19.37077],[-99.16034,19.37088],[-99.16064,19.37092],[-99.1611,19.371],[-99.16116,19.37101],[-99.16123,19.37102],[-99.16136,19.37104],[-99.16148,19.37105],[-99.16158,19.37105],[-99.16167,19.37105],[-99.16175,19.37104],[-99.16185,19.37103],[-99.16193,19.37101],[-99.16199,19.37099],[-99.16205,19.37098],[-99.16218,19.37093],[-99.16226,19.3709],[-99.16246,19.37081],[-99.16258,19.37076],[-99.16267,19.37072],[-99.16279,19.37067],[-99.16287,19.37064],[-99.16295,19.37062],[-99.16303,19.37059],[-99.16311,19.37057],[-99.16318,19.37056],[-99.16326,19.37054],[-99.16336,19.37053],[-99.16348,19.37052],[-99.16357,19.37051],[-99.16366,19.3705],[-99.16375,19.37049],[-99.16384,19.37049],[-99.16398,19.3705],[-99.16416,19.37052]]}},{"type":"Feature","properties":{"class":"separated"},"geometry":{"type":"LineString","coordinates":[[-99.1723,19.41177],[-99.1724,19.41154]]}},{"type":"Feature","properties":{"class":"separated"},"geometry":{"type":"LineString","coordinates":[[-99.1724,19.41154],[-99.17245,19.41142],[-99.17287,19.41045],[-99.17289,19.41035]]}},{"type":"Feature","properties":{"class":"separated"},"geometry":{"type":"LineString","coordinates":[[-99.17219,19.41171],[-99.17202,19.41207],[-99.17185,19.41244],[-99.17154,19.41312],[-99.17153,19.41314]]}},{"type":"Feature","properties":{"class":"separated"},"geometry":{"type":"LineString","coordinates":[[-99.17286,19.41023],[-99.17264,19.40933],[-99.17263,19.40926],[-99.17248,19.40866]]}},{"type":"Feature","properties":{"class":"separated"},"geometry":{"type":"LineString","coordinates":[[-99.17273,19.4103],[-99.17272,19.41039],[-99.17226,19.41154]]}},{"type":"Feature","properties":{"class":"separated"},"geometry":{"type":"LineString","coordinates":[[-99.17245,19.40857],[-99.17231,19.40785],[-99.17226,19.4076]]}},{"type":"Feature","properties":{"class":"painted"},"geometry":{"type":"LineString","coordinates":[[-99.17248,19.40866],[-99.17245,19.40857]]}},{"type":"Feature","properties":{"class":"separated"},"geometry":{"type":"LineString","coordinates":[[-99.17234,19.40851],[-99.17235,19.40859],[-99.17238,19.40873],[-99.17251,19.40931],[-99.17261,19.40974],[-99.17271,19.41016],[-99.17273,19.4103]]}},{"type":"Feature","properties":{"class":"separated"},"geometry":{"type":"LineString","coordinates":[[-99.17226,19.4076],[-99.17227,19.40752],[-99.17222,19.40732]]}},{"type":"Feature","properties":{"class":"separated"},"geometry":{"type":"LineString","coordinates":[[-99.17222,19.40732],[-99.17217,19.40724],[-99.17205,19.40656],[-99.17207,19.40644],[-99.17207,19.40638],[-99.17207,19.40636],[-99.17206,19.40631],[-99.17204,19.40625],[-99.17201,19.40617],[-99.17196,19.40607],[-99.1719,19.40596],[-99.17188,19.40588],[-99.17186,19.40583]]}},{"type":"Feature","properties":{"class":"separated"},"geometry":{"type":"LineString","coordinates":[[-99.17216,19.40772],[-99.17223,19.40802],[-99.17234,19.40851]]}},{"type":"Feature","properties":{"class":"separated"},"geometry":{"type":"LineString","coordinates":[[-99.17204,19.40736],[-99.17208,19.40754],[-99.17211,19.40759],[-99.17216,19.40772]]}},{"type":"Feature","properties":{"class":"shared"},"geometry":{"type":"LineString","coordinates":[[-99.17168,19.40583],[-99.17173,19.40583],[-99.17186,19.40583]]}},{"type":"Feature","properties":{"class":"separated"},"geometry":{"type":"LineString","coordinates":[[-99.17186,19.40583],[-99.17183,19.40568],[-99.17179,19.40553],[-99.17178,19.40548],[-99.17176,19.40543],[-99.17172,19.40527],[-99.17149,19.40434],[-99.17141,19.40403]]}},{"type":"Feature","properties":{"class":"shared"},"geometry":{"type":"LineString","coordinates":[[-99.17498,19.40576],[-99.17552,19.40575],[-99.17593,19.40573],[-99.17601,19.40572]]}},{"type":"Feature","properties":{"class":"separated"},"geometry":{"type":"LineString","coordinates":[[-99.17168,19.40583],[-99.17173,19.40605],[-99.1718,19.40637],[-99.17181,19.40639],[-99.17188,19.40666],[-99.17204,19.40736]]}},{"type":"Feature","properties":{"class":"separated"},"geometry":{"type":"LineString","coordinates":[[-99.17141,19.40403],[-99.17131,19.40363]]}},{"type":"Feature","properties":{"class":"separated"},"geometry":{"type":"LineString","coordinates":[[-99.17129,19.40428],[-99.17131,19.40436],[-99.17147,19.40501],[-99.17159,19.40547]]}},{"type":"Feature","properties":{"class":"separated"},"geometry":{"type":"LineString","coordinates":[[-99.17094,19.40225],[-99.17085,19.40192]]}},{"type":"Feature","properties":{"class":"separated"},"geometry":{"type":"LineString","coordinates":[[-99.17085,19.40192],[-99.17079,19.40165]]}},{"type":"Feature","properties":{"class":"shared"},"geometry":{"type":"LineString","coordinates":[[-99.18425,19.40631],[-99.18366,19.40612],[-99.18297,19.40589],[-99.18209,19.40561],[-99.18121,19.40533],[-99.1803,19.40503],[-99.17943,19.40473],[-99.17843,19.4044],[-99.17833,19.40437],[-99.1776,19.40412],[-99.17669,19.40384],[-99.17579,19.40354],[-99.17486,19.40322]]}},{"type":"Feature","properties":{"class":"separated"},"geometry":{"type":"LineString","coordinates":[[-99.17082,19.40229],[-99.17099,19.40298],[-99.1711,19.40344]]}},{"type":"Feature","properties":{"class":"separated"},"geometry":{"type":"LineString","coordinates":[[-99.17079,19.40165],[-99.17047,19.40046],[-99.17045,19.40041],[-99.17045,19.40039],[-99.17043,19.40034]]}},{"type":"Feature","properties":{"class":"separated"},"geometry":{"type":"LineString","coordinates":[[-99.17065,19.40167],[-99.17068,19.40178],[-99.17082,19.40229]]}},{"type":"Feature","properties":{"class":"separated"},"geometry":{"type":"LineString","coordinates":[[-99.16988,19.39817],[-99.16985,19.39803]]}},{"type":"Feature","properties":{"class":"separated"},"geometry":{"type":"LineString","coordinates":[[-99.16985,19.39803],[-99.1698,19.39778],[-99.16966,19.39716],[-99.16964,19.39707],[-99.16959,19.39684],[-99.16953,19.39666],[-99.16946,19.39648],[-99.16939,19.39633],[-99.16928,19.39615],[-99.16918,19.396]]}},{"type":"Feature","properties":{"class":"painted"},"geometry":{"type":"LineString","coordinates":[[-99.16914,19.39616],[-99.16924,19.3963],[-99.16932,19.39644],[-99.1694,19.39661],[-99.16942,19.39669],[-99.16946,19.39684],[-99.16952,19.39709],[-99.16963,19.39759]]}},{"type":"Feature","properties":{"class":"separated"},"geometry":{"type":"LineString","coordinates":[[-99.16918,19.396],[-99.16872,19.39546]]}},{"type":"Feature","properties":{"class":"separated"},"geometry":{"type":"LineString","coordinates":[[-99.16851,19.39541],[-99.16914,19.39616]]}},{"type":"Feature","properties":{"class":"separated"},"geometry":{"type":"LineString","coordinates":[[-99.16872,19.39546],[-99.16861,19.39534]]}},{"type":"Feature","properties":{"class":"separated"},"geometry":{"type":"LineString","coordinates":[[-99.16861,19.39534],[-99.16805,19.3947]]}},{"type":"Feature","properties":{"class":"separated"},"geometry":{"type":"LineString","coordinates":[[-99.16805,19.3947],[-99.16759,19.39417],[-99.16739,19.39393],[-99.16714,19.39364]]}},{"type":"Feature","properties":{"class":"separated"},"geometry":{"type":"LineString","coordinates":[[-99.16801,19.39486],[-99.16851,19.39541]]}},{"type":"Feature","properties":{"class":"separated"},"geometry":{"type":"LineString","coordinates":[[-99.16714,19.39364],[-99.16697,19.39345],[-99.16673,19.39319],[-99.1665,19.39293],[-99.16625,19.39266]]}},{"type":"Feature","properties":{"class":"separated"},"geometry":{"type":"LineString","coordinates":[[-99.16708,19.39383],[-99.16727,19.39403],[-99.16747,19.39426],[-99.16801,19.39486]]}},{"type":"Feature","properties":{"class":"separated"},"geometry":{"type":"LineString","coordinates":[[-99.16596,19.39251],[-99.16604,19.39262]]}},{"type":"Feature","properties":{"class":"separated"},"geometry":{"type":"LineString","coordinates":[[-99.16468,19.39089],[-99.16425,19.39037],[-99.16348,19.38951]]}},{"type":"Feature","properties":{"class":"shared"},"geometry":{"type":"LineString","coordinates":[[-99.16598,19.39261],[-99.16604,19.39262]]}},{"type":"Feature","properties":{"class":"separated"},"geometry":{"type":"LineString","coordinates":[[-99.16604,19.39262],[-99.16638,19.39301],[-99.16661,19.39328],[-99.16685,19.39356],[-99.16708,19.39383]]}},{"type":"Feature","properties":{"class":"shared"},"geometry":{"type":"LineString","coordinates":[[-99.16582,19.39258],[-99.16598,19.39261]]}},{"type":"Feature","properties":{"class":"painted"},"geometry":{"type":"LineString","coordinates":[[-99.16625,19.39266],[-99.16652,19.39271],[-99.16733,19.39288],[-99.1679,19.39301],[-99.16843,19.39313],[-99.16911,19.39329]]}},{"type":"Feature","properties":{"class":"separated"},"geometry":{"type":"LineString","coordinates":[[-99.16625,19.39266],[-99.16592,19.39227]]}},{"type":"Feature","properties":{"class":"painted"},"geometry":{"type":"LineString","coordinates":[[-99.16348,19.38951],[-99.16343,19.38968]]}},{"type":"Feature","properties":{"class":"separated"},"geometry":{"type":"LineString","coordinates":[[-99.16348,19.38951],[-99.16291,19.38885]]}},{"type":"Feature","properties":{"class":"separated"},"geometry":{"type":"LineString","coordinates":[[-99.16343,19.38968],[-99.16413,19.39047],[-99.16465,19.39105],[-99.16505,19.3915],[-99.16548,19.39199],[-99.16559,19.39211],[-99.16573,19.39226],[-99.16584,19.39238],[-99.16596,19.39251]]}},{"type":"Feature","properties":{"class":"separated"},"geometry":{"type":"LineString","coordinates":[[-99.16343,19.38968],[-99.16334,19.39005],[-99.16321,19.39059],[-99.16303,19.39137],[-99.1629,19.39193]]}},{"type":"Feature","properties":{"class":"shared"},"geometry":{"type":"LineString","coordinates":[[-99.16267,19.3888],[-99.16212,19.38868],[-99.1616,19.38857],[-99.1615,19.38854],[-99.16117,19.38848],[-99.16065,19.38837],[-99.15995,19.38821],[-99.15986,19.38819],[-99.15915,19.38804],[-99.15848,19.38789],[-99.15839,19.38787],[-99.1577,19.38771],[-99.15693,19.38754]]}},{"type":"Feature","properties":{"class":"separated"},"geometry":{"type":"LineString","coordinates":[[-99.16291,19.38885],[-99.1624,19.38827],[-99.16236,19.38823],[-99.16233,19.3882],[-99.16226,19.38812]]}},{"type":"Feature","properties":{"class":"separated"},"geometry":{"type":"LineString","coordinates":[[-99.16267,19.3888],[-99.16343,19.38968]]}},{"type":"Feature","properties":{"class":"shared"},"geometry":{"type":"LineString","coordinates":[[-99.17324,19.39118],[-99.17321,19.39117],[-99.17217,19.39094],[-99.17129,19.39074],[-99.17049,19.39056],[-99.16985,19.39041],[-99.16914,19.39025],[-99.16863,19.39014],[-99.16805,19.39001],[-99.16722,19.38982],[-99.16672,19.38971],[-99.16653,19.38967],[-99.16573,19.38949],[-99.16505,19.38933],[-99.16433,19.38918],[-99.16361,19.38901],[-99.16321,19.38892],[-99.16291,19.38885]]}},{"type":"Feature","properties":{"class":"separated"},"geometry":{"type":"LineString","coordinates":[[-99.16222,19.38829],[-99.16229,19.38837],[-99.16267,19.3888]]}},{"type":"Feature","properties":{"class":"separated"},"geometry":{"type":"LineString","coordinates":[[-99.16226,19.38812],[-99.16222,19.38805],[-99.16189,19.38768],[-99.16179,19.38754],[-99.1617,19.3874],[-99.16162,19.38725],[-99.16155,19.38707]]}},{"type":"Feature","properties":{"class":"separated"},"geometry":{"type":"LineString","coordinates":[[-99.15981,19.38142],[-99.15988,19.38164],[-99.1599,19.38173],[-99.15992,19.38181],[-99.15996,19.38191],[-99.16026,19.38296],[-99.16029,19.38305],[-99.16031,19.38312],[-99.16035,19.38325]]}},{"type":"Feature","properties":{"class":"painted"},"geometry":{"type":"LineString","coordinates":[[-99.15935,19.37967],[-99.15918,19.37946]]}},{"type":"Feature","properties":{"class":"separated"},"geometry":{"type":"LineString","coordinates":[[-99.15909,19.37928],[-99.15909,19.37921],[-99.15909,19.37899],[-99.1591,19.3785],[-99.15906,19.37826]]}},{"type":"Feature","properties":{"class":"painted"},"geometry":{"type":"LineString","coordinates":[[-99.15946,19.37981],[-99.15935,19.37967]]}},{"type":"Feature","properties":{"class":"painted"},"geometry":{"type":"LineString","coordinates":[[-99.15911,19.37969],[-99.15935,19.37985]]}},{"type":"Feature","properties":{"class":"separated"},"geometry":{"type":"LineString","coordinates":[[-99.15906,19.37826],[-99.15902,19.37813],[-99.15897,19.37796],[-99.15875,19.37719]]}},{"type":"Feature","properties":{"class":"separated"},"geometry":{"type":"LineString","coordinates":[[-99.15845,19.37621],[-99.15833,19.37578]]}},{"type":"Feature","properties":{"class":"separated"},"geometry":{"type":"LineString","coordinates":[[-99.15833,19.37578],[-99.1579,19.37428]]}},{"type":"Feature","properties":{"class":"separated"},"geometry":{"type":"LineString","coordinates":[[-99.15825,19.37616],[-99.15867,19.37747]]}},{"type":"Feature","properties":{"class":"separated"},"geometry":{"type":"LineString","coordinates":[[-99.1579,19.37428],[-99.15781,19.37394]]}},{"type":"Feature","properties":{"class":"separated"},"geometry":{"type":"LineString","coordinates":[[-99.15784,19.37462],[-99.15825,19.37616]]}},{"type":"Feature","properties":{"class":"separated"},"geometry":{"type":"LineString","coordinates":[[-99.15767,19.37393],[-99.15784,19.37462]]}},{"type":"Feature","properties":{"class":"separated"},"geometry":{"type":"LineString","coordinates":[[-99.15781,19.37394],[-99.15779,19.37385],[-99.15717,19.37169],[-99.15682,19.37045],[-99.15679,19.37033],[-99.15676,19.37024],[-99.15666,19.36991],[-99.15646,19.36919],[-99.15633,19.36874],[-99.15602,19.36767],[-99.15594,19.36739],[-99.15592,19.3673],[-99.15583,19.36702],[-99.15567,19.36639]]}},{"type":"Feature","properties":{"class":"separated"},"geometry":{"type":"LineString","coordinates":[[-99.15546,19.36625],[-99.1555,19.36635]]}},{"type":"Feature","properties":{"class":"separated"},"geometry":{"type":"LineString","coordinates":[[-99.1555,19.36635],[-99.15571,19.36718],[-99.15581,19.36755],[-99.15617,19.36876],[-99.15622,19.36893],[-99.15629,19.36914],[-99.1566,19.37022],[-99.15663,19.37031]]}},{"type":"Feature","properties":{"class":"separated"},"geometry":{"type":"LineString","coordinates":[[-99.15483,19.36342],[-99.1547,19.36294]]}},{"type":"Feature","properties":{"class":"separated"},"geometry":{"type":"LineString","coordinates":[[-99.15459,19.36256],[-99.15441,19.36194],[-99.1544,19.36193],[-99.15436,19.36179]]}},{"type":"Feature","properties":{"class":"separated"},"geometry":{"type":"LineString","coordinates":[[-99.15436,19.36179],[-99.15432,19.36166],[-99.15428,19.36153],[-99.15382,19.35996],[-99.1537,19.35954],[-99.15327,19.35806],[-99.15323,19.3579]]}},{"type":"Feature","properties":{"class":"separated"},"geometry":{"type":"LineString","coordinates":[[-99.15421,19.36176],[-99.15425,19.3619],[-99.15468,19.3634]]}},{"type":"Feature","properties":{"class":"shared"},"geometry":{"type":"LineString","coordinates":[[-99.15296,19.35748],[-99.15304,19.3578],[-99.15307,19.35789]]}},{"type":"Feature","properties":{"class":"shared"},"geometry":{"type":"LineString","coordinates":[[-99.1531,19.35749],[-99.15308,19.35743],[-99.15291,19.35679],[-99.15265,19.35578],[-99.15258,19.35552]]}},{"type":"Feature","properties":{"class":"shared"},"geometry":{"type":"LineString","coordinates":[[-99.15129,19.35158],[-99.15179,19.35335]]}},{"type":"Feature","properties":{"class":"shared"},"geometry":{"type":"LineString","coordinates":[[-99.15145,19.35155],[-99.15085,19.34951],[-99.15077,19.34925]]}},{"type":"Feature","properties":{"class":"shared"},"geometry":{"type":"LineString","coordinates":[[-99.15065,19.34885],[-99.1503,19.34754],[-99.15019,19.34712],[-99.14993,19.3462],[-99.14981,19.34576]]}},{"type":"Feature","properties":{"class":"shared"},"geometry":{"type":"LineString","coordinates":[[-99.1505,19.34877],[-99.14942,19.34827],[-99.14918,19.34816],[-99.14887,19.34801],[-99.14878,19.34797],[-99.1481,19.34765],[-99.14651,19.3469],[-99.14554,19.34641]]}},{"type":"Feature","properties":{"class":"shared"},"geometry":{"type":"LineString","coordinates":[[-99.15052,19.34887],[-99.15084,19.34996],[-99.15104,19.35067],[-99.15113,19.35101],[-99.15117,19.35114]]}},{"type":"Feature","properties":{"class":"shared"},"geometry":{"type":"LineString","coordinates":[[-99.1497,19.34537],[-99.14945,19.34452],[-99.14918,19.3436],[-99.14916,19.34353]]}},{"type":"Feature","properties":{"class":"shared"},"geometry":{"type":"LineString","coordinates":[[-99.14954,19.3454],[-99.14978,19.3462],[-99.15002,19.34708],[-99.15038,19.34837]]}},{"type":"Feature","properties":{"class":"shared"},"geometry":{"type":"LineString","coordinates":[[-99.16753,19.36631],[-99.16745,19.36628],[-99.16723,19.36621],[-99.16622,19.36588],[-99.16619,19.36587],[-99.16589,19.36577],[-99.16497,19.36545],[-99.16482,19.36541],[-99.16465,19.36536],[-99.16374,19.36504],[-99.16301,19.36479],[-99.16298,19.36478],[-99.16277,19.36471],[-99.16274,19.3647]]}},{"type":"Feature","properties":{"class":"shared"},"geometry":{"type":"LineString","coordinates":[[-99.16492,19.37069],[-99.165,19.3707],[-99.16506,19.37072],[-99.16509,19.37072],[-99.16551,19.37081],[-99.16572,19.37086],[-99.16632,19.37099],[-99.16647,19.37102],[-99.16661,19.37105],[-99.16721,19.37118]]}},{"type":"Feature","properties":{"class":"painted"},"geometry":{"type":"LineString","coordinates":[[-99.16243,19.37461],[-99.1629,19.37473],[-99.16299,19.37475],[-99.1631,19.37477],[-99.16324,19.37481],[-99.16393,19.37496],[-99.16468,19.37513],[-99.16542,19.37528],[-99.16615,19.37544],[-99.16689,19.37562],[-99.16739,19.37573],[-99.16751,19.37576],[-99.16835,19.37594],[-99.16888,19.37606],[-99.16907,19.3761],[-99.16914,19.37611],[-99.16983,19.37626],[-99.17072,19.37646],[-99.17159,19.37664],[-99.17231,19.3768],[-99.17307,19.37697],[-99.17381,19.37712],[-99.17453,19.37727],[-99.17554,19.37748],[-99.17632,19.37764],[-99.17716,19.37779],[-99.17748,19.37785],[-99.17752,19.37786],[-99.17756,19.37787]]}},{"type":"Feature","properties":{"class":"shared"},"geometry":{"type":"LineString","coordinates":[[-99.16093,19.37674],[-99.16055,19.37666],[-99.15991,19.37653],[-99.15982,19.37652],[-99.15978,19.37651],[-99.15901,19.37633],[-99.15845,19.37621]]}},{"type":"Feature","properties":{"class":"shared"},"geometry":{"type":"LineString","coordinates":[[-99.15568,19.38501],[-99.15566,19.38514],[-99.1556,19.38554],[-99.15559,19.38559],[-99.15558,19.38565],[-99.15535,19.38719],[-99.15534,19.38721],[-99.1551,19.38915],[-99.15492,19.39055],[-99.15466,19.39387]]}},{"type":"Feature","properties":{"class":"shared"},"geometry":{"type":"LineString","coordinates":[[-99.1483,19.39529],[-99.14752,19.39522],[-99.14607,19.39514]]}},{"type":"Feature","properties":{"class":"shared"},"geometry":{"type":"LineString","coordinates":[[-99.14845,19.3953],[-99.1483,19.39529]]}},{"type":"Feature","properties":{"class":"shared"},"geometry":{"type":"LineString","coordinates":[[-99.14873,19.42726],[-99.14875,19.42726],[-99.14884,19.42723]]}},{"type":"Feature","properties":{"class":"painted"},"geometry":{"type":"LineString","coordinates":[[-99.17097,19.44394],[-99.17101,19.44395],[-99.17191,19.44406],[-99.17302,19.44421],[-99.17411,19.44435],[-99.17519,19.4445],[-99.17627,19.44464],[-99.17736,19.44478],[-99.17844,19.44493]]}},{"type":"Feature","properties":{"class":"separated"},"geometry":{"type":"LineString","coordinates":[[-99.17124,19.44837],[-99.17087,19.44783],[-99.17076,19.44765],[-99.17073,19.44762],[-99.17071,19.44759],[-99.17025,19.44692],[-99.1701,19.4467],[-99.16987,19.44637],[-99.16984,19.44633],[-99.16979,19.44626],[-99.16953,19.44587],[-99.16947,19.44579],[-99.16938,19.44571],[-99.16924,19.44563],[-99.16854,19.44521],[-99.16795,19.44488],[-99.16786,19.44482],[-99.16719,19.44442],[-99.16645,19.44399],[-99.1659,19.44366]]}},{"type":"Feature","properties":{"class":"separated"},"geometry":{"type":"LineString","coordinates":[[-99.17515,19.43978],[-99.1759,19.44043],[-99.17607,19.44064],[-99.17612,19.4407],[-99.17707,19.44187],[-99.178,19.44294],[-99.17975,19.4451],[-99.18126,19.44692],[-99.18127,19.44693],[-99.18133,19.44701]]}},{"type":"Feature","properties":{"class":"separated"},"geometry":{"type":"LineString","coordinates":[[-99.17155,19.4374],[-99.17279,19.43822],[-99.17382,19.43891],[-99.17515,19.43978]]}},{"type":"Feature","properties":{"class":"separated"},"geometry":{"type":"LineString","coordinates":[[-99.16785,19.43577],[-99.1686,19.43606],[-99.16877,19.43612],[-99.16894,19.43619],[-99.1692,19.43628],[-99.16936,19.43635]]}},{"type":"Feature","properties":{"class":"separated"},"geometry":{"type":"LineString","coordinates":[[-99.16917,19.43598],[-99.16904,19.43594],[-99.16889,19.43588],[-99.16869,19.4358],[-99.16813,19.43559],[-99.16768,19.43544],[-99.16758,19.43543],[-99.16744,19.4354]]}},{"type":"Feature","properties":{"class":"separated"},"geometry":{"type":"LineString","coordinates":[[-99.16486,19.44305],[-99.1648,19.44303],[-99.16371,19.44278]]}},{"type":"Feature","properties":{"class":"separated"},"geometry":{"type":"LineString","coordinates":[[-99.16487,19.44319],[-99.16501,19.44326],[-99.16508,19.4433],[-99.16555,19.44359]]}},{"type":"Feature","properties":{"class":"separated"},"geometry":{"type":"LineString","coordinates":[[-99.15859,19.44095],[-99.1585,19.44091],[-99.15774,19.4406],[-99.15771,19.44058],[-99.15667,19.44015],[-99.15659,19.44012],[-99.15588,19.43982],[-99.15581,19.43979],[-99.15577,19.43978]]}},{"type":"Feature","properties":{"class":"separated"},"geometry":{"type":"LineString","coordinates":[[-99.1599,19.4306],[-99.15995,19.43051],[-99.1601,19.4302],[-99.16014,19.43011]]}},{"type":"Feature","properties":{"class":"separated"},"geometry":{"type":"LineString","coordinates":[[-99.16255,19.44265],[-99.16264,19.44266],[-99.16307,19.44276]]}},{"type":"Feature","properties":{"class":"separated"},"geometry":{"type":"LineString","coordinates":[[-99.17557,19.4236],[-99.17567,19.42352],[-99.17579,19.42346],[-99.17594,19.4234]]}},{"type":"Feature","properties":{"class":"painted"},"geometry":{"type":"LineString","coordinates":[[-99.16102,19.45539],[-99.16104,19.45531],[-99.16125,19.45423],[-99.16142,19.45326],[-99.16168,19.45189],[-99.16176,19.45142],[-99.16182,19.45114],[-99.16188,19.45083],[-99.16212,19.44959],[-99.16223,19.44897],[-99.16231,19.44854],[-99.16249,19.44785]]}},{"type":"Feature","properties":{"class":"separated"},"geometry":{"type":"LineString","coordinates":[[-99.17039,19.41632],[-99.17033,19.41623],[-99.17013,19.41596],[-99.1701,19.41591],[-99.17004,19.41583]]}},{"type":"Feature","properties":{"class":"painted"},"geometry":{"type":"LineString","coordinates":[[-99.16876,19.4222],[-99.16873,19.42231],[-99.16871,19.42243],[-99.16869,19.42253]]}},{"type":"Feature","properties":{"class":"shared"},"geometry":{"type":"LineString","coordinates":[[-99.16317,19.42275],[-99.16311,19.42296]]}},{"type":"Feature","properties":{"class":"painted"},"geometry":{"type":"LineString","coordinates":[[-99.17393,19.42105],[-99.17401,19.42114]]}},{"type":"Feature","properties":{"class":"separated"},"geometry":{"type":"LineString","coordinates":[[-99.17094,19.42382],[-99.17085,19.42363],[-99.17081,19.42356],[-99.17079,19.42352],[-99.17077,19.42348],[-99.17073,19.42341]]}},{"type":"Feature","properties":{"class":"separated"},"geometry":{"type":"LineString","coordinates":[[-99.16723,19.42628],[-99.16715,19.42633],[-99.16714,19.42633],[-99.16707,19.42639],[-99.16699,19.42646],[-99.16694,19.42655],[-99.16689,19.42663],[-99.16685,19.42673],[-99.16681,19.42687],[-99.16678,19.42693],[-99.16674,19.42699],[-99.16669,19.42703],[-99.16656,19.42709],[-99.16622,19.42725],[-99.16617,19.42728],[-99.1661,19.42731],[-99.1657,19.4275],[-99.16504,19.42781],[-99.16497,19.42784],[-99.16495,19.42785],[-99.16493,19.42786],[-99.16485,19.4279],[-99.16478,19.42793],[-99.16474,19.42795],[-99.16448,19.42807],[-99.16421,19.4282],[-99.16406,19.42827],[-99.16399,19.42829],[-99.16393,19.42829],[-99.16384,19.42828],[-99.16375,19.42827],[-99.16368,19.42827],[-99.16363,19.42827],[-99.16357,19.42828],[-99.16356,19.42829],[-99.16345,19.42833]]}},{"type":"Feature","properties":{"class":"separated"},"geometry":{"type":"LineString","coordinates":[[-99.16345,19.42833],[-99.16334,19.42839],[-99.16332,19.4284],[-99.16324,19.42847],[-99.16319,19.42854],[-99.16314,19.42863],[-99.16311,19.42869],[-99.16306,19.42875],[-99.16297,19.42879],[-99.16257,19.42898],[-99.1625,19.42902],[-99.16243,19.42905],[-99.16232,19.4291],[-99.16226,19.42913],[-99.16189,19.4293],[-99.16184,19.42932],[-99.1616,19.42944],[-99.16154,19.42947],[-99.16153,19.42947],[-99.16151,19.42948],[-99.16144,19.42952],[-99.16136,19.42955],[-99.16132,19.42957],[-99.16096,19.42974],[-99.16094,19.42975],[-99.16054,19.42994]]}},{"type":"Feature","properties":{"class":"separated"},"geometry":{"type":"LineString","coordinates":[[-99.15987,19.43028],[-99.15979,19.43034],[-99.15975,19.43037],[-99.15957,19.4305],[-99.15944,19.43059],[-99.15934,19.43064],[-99.15923,19.4307],[-99.15914,19.43074],[-99.15901,19.4308],[-99.1589,19.43084],[-99.15876,19.43091],[-99.15866,19.43097],[-99.15858,19.43102],[-99.15847,19.43112],[-99.15844,19.43115],[-99.15841,19.43117]]}},{"type":"Feature","properties":{"class":"separated"},"geometry":{"type":"LineString","coordinates":[[-99.15738,19.42509],[-99.1589,19.42473]]}},{"type":"Feature","properties":{"class":"shared"},"geometry":{"type":"LineString","coordinates":[[-99.15999,19.42429],[-99.15935,19.42446],[-99.15909,19.42456]]}},{"type":"Feature","properties":{"class":"separated"},"geometry":{"type":"LineString","coordinates":[[-99.15301,19.42755],[-99.15321,19.42706],[-99.15333,19.42677],[-99.15341,19.42658]]}},{"type":"Feature","properties":{"class":"painted"},"geometry":{"type":"LineString","coordinates":[[-99.15386,19.43304],[-99.15401,19.43307],[-99.15408,19.43311],[-99.1541,19.43312],[-99.15413,19.43315],[-99.15415,19.43316]]}},{"type":"Feature","properties":{"class":"separated"},"geometry":{"type":"LineString","coordinates":[[-99.14735,19.43524],[-99.14728,19.43523],[-99.14724,19.43523],[-99.14718,19.43522],[-99.14652,19.43516],[-99.14626,19.43513],[-99.14576,19.43505],[-99.14477,19.43488],[-99.14267,19.43453],[-99.14201,19.43442],[-99.14197,19.43441],[-99.14192,19.4344],[-99.14183,19.43439],[-99.14085,19.43424]]}},{"type":"Feature","properties":{"class":"separated"},"geometry":{"type":"LineString","coordinates":[[-99.14911,19.43796],[-99.14923,19.43798],[-99.14924,19.43798],[-99.15042,19.43825],[-99.15049,19.43827],[-99.15058,19.43829],[-99.151,19.43839],[-99.15207,19.43862],[-99.15216,19.43864],[-99.15317,19.43888],[-99.15323,19.4389]]}},{"type":"Feature","properties":{"class":"shared"},"geometry":{"type":"LineString","coordinates":[[-99.14404,19.43689],[-99.14609,19.43736],[-99.1462,19.43738],[-99.14631,19.43741],[-99.14634,19.43741]]}},{"type":"Feature","properties":{"class":"shared"},"geometry":{"type":"LineString","coordinates":[[-99.14056,19.43626],[-99.14069,19.43628],[-99.14106,19.43634],[-99.14149,19.43641],[-99.14247,19.43659],[-99.14287,19.43666],[-99.14384,19.43685],[-99.14391,19.43687],[-99.14404,19.43689]]}},{"type":"Feature","properties":{"class":"separated"},"geometry":{"type":"LineString","coordinates":[[-99.15458,19.4339],[-99.15457,19.43395],[-99.15456,19.43398],[-99.15436,19.43521],[-99.15435,19.43526],[-99.15435,19.43529],[-99.15433,19.4354],[-99.15431,19.43549],[-99.15431,19.43553]]}},{"type":"Feature","properties":{"class":"shared"},"geometry":{"type":"LineString","coordinates":[[-99.16088,19.42848],[-99.16114,19.42793]]}},{"type":"Feature","properties":{"class":"separated"},"geometry":{"type":"LineString","coordinates":[[-99.15633,19.43811],[-99.15578,19.43934]]}},{"type":"Feature","properties":{"class":"separated"},"geometry":{"type":"LineString","coordinates":[[-99.16108,19.43053],[-99.16115,19.43049],[-99.16177,19.4302],[-99.16225,19.42997],[-99.16233,19.42994],[-99.16237,19.42992],[-99.16257,19.42983],[-99.16279,19.42973],[-99.16285,19.4297],[-99.16291,19.42967],[-99.16338,19.42944],[-99.16345,19.42942],[-99.16353,19.42942],[-99.16366,19.42944],[-99.16376,19.42944],[-99.16386,19.42942],[-99.16398,19.42937],[-99.16409,19.42931],[-99.16417,19.42924],[-99.16422,19.42917],[-99.16426,19.42911],[-99.16431,19.42903],[-99.16439,19.42897],[-99.16449,19.42891],[-99.16516,19.42861],[-99.16522,19.42858],[-99.16527,19.42855],[-99.16646,19.42799],[-99.16652,19.42796],[-99.1666,19.42793],[-99.16701,19.42774],[-99.16704,19.42773],[-99.16708,19.42771],[-99.16715,19.42771],[-99.16728,19.42774],[-99.16745,19.42779],[-99.16751,19.42781],[-99.16754,19.42781],[-99.16763,19.42782],[-99.16773,19.42782],[-99.16784,19.4278],[-99.16793,19.42779],[-99.16794,19.42778],[-99.16806,19.42774],[-99.16816,19.42769],[-99.16817,19.42768],[-99.16829,19.4276],[-99.16841,19.42745],[-99.16846,19.42734],[-99.1685,19.42722],[-99.16855,19.42704],[-99.1686,19.427],[-99.16866,19.42696],[-99.16908,19.42676],[-99.16914,19.42673],[-99.16921,19.4267],[-99.17041,19.42612],[-99.1705,19.42609],[-99.17056,19.42606],[-99.17135,19.4257],[-99.17147,19.42566],[-99.1716,19.42565],[-99.17175,19.42563],[-99.17177,19.42562],[-99.17186,19.42558],[-99.17197,19.42554],[-99.17201,19.42551],[-99.17204,19.42547],[-99.17208,19.42542],[-99.17212,19.42537],[-99.17216,19.42533],[-99.17222,19.42529],[-99.17227,19.42526],[-99.17275,19.42504],[-99.17308,19.42488],[-99.17314,19.42486],[-99.1732,19.42482],[-99.17438,19.42427],[-99.17446,19.42423],[-99.17453,19.42419],[-99.17532,19.42377],[-99.17551,19.42366],[-99.17551,19.42365],[-99.17557,19.4236]]}},{"type":"Feature","properties":{"class":"shared"},"geometry":{"type":"LineString","coordinates":[[-99.17915,19.42674],[-99.17954,19.42774],[-99.17978,19.42827],[-99.17989,19.42852],[-99.17992,19.4286],[-99.17995,19.42867]]}},{"type":"Feature","properties":{"class":"separated"},"geometry":{"type":"LineString","coordinates":[[-99.16817,19.41969],[-99.16837,19.42051],[-99.16858,19.42135],[-99.16868,19.42176],[-99.16877,19.42212],[-99.16877,19.42216],[-99.16876,19.4222]]}},{"type":"Feature","properties":{"class":"separated"},"geometry":{"type":"LineString","coordinates":[[-99.16881,19.41661],[-99.16863,19.41651],[-99.16853,19.41646]]}},{"type":"Feature","properties":{"class":"separated"},"geometry":{"type":"LineString","coordinates":[[-99.17624,19.41554],[-99.17601,19.41543],[-99.17578,19.41532],[-99.1754,19.41512],[-99.17494,19.4149],[-99.17449,19.41467],[-99.17413,19.41449]]}},{"type":"Feature","properties":{"class":"shared"},"geometry":{"type":"LineString","coordinates":[[-99.17601,19.40572],[-99.17605,19.40572],[-99.1761,19.40572],[-99.17688,19.40559],[-99.17709,19.40558]]}},{"type":"Feature","properties":{"class":"shared"},"geometry":{"type":"LineString","coordinates":[[-99.18941,19.40771],[-99.18899,19.40772],[-99.18793,19.40775],[-99.18736,19.40777],[-99.1868,19.40779],[-99.18602,19.40781],[-99.18543,19.40784],[-99.18465,19.40787]]}},{"type":"Feature","properties":{"class":"shared"},"geometry":{"type":"LineString","coordinates":[[-99.18465,19.40787],[-99.18433,19.40782]]}},{"type":"Feature","properties":{"class":"shared"},"geometry":{"type":"LineString","coordinates":[[-99.14592,19.36487],[-99.14572,19.36604],[-99.14551,19.36727],[-99.14529,19.36856]]}},{"type":"Feature","properties":{"class":"shared"},"geometry":{"type":"LineString","coordinates":[[-99.14913,19.36527],[-99.14936,19.36386],[-99.14958,19.3626],[-99.14983,19.36106],[-99.14986,19.36093],[-99.15004,19.36],[-99.15022,19.35893],[-99.15036,19.35775]]}},{"type":"Feature","properties":{"class":"separated"},"geometry":{"type":"LineString","coordinates":[[-99.14293,19.3626],[-99.14293,19.36257],[-99.14297,19.36232],[-99.14311,19.36159],[-99.14323,19.36084],[-99.14326,19.36066],[-99.14328,19.3605],[-99.14329,19.36047],[-99.14347,19.35956],[-99.14359,19.35905],[-99.14361,19.35899],[-99.14381,19.35813]]}},{"type":"Feature","properties":{"class":"separated"},"geometry":{"type":"LineString","coordinates":[[-99.14381,19.35813],[-99.14395,19.35752],[-99.14396,19.35748]]}},{"type":"Feature","properties":{"class":"shared"},"geometry":{"type":"LineString","coordinates":[[-99.1477,19.38172],[-99.14762,19.38243],[-99.1476,19.38252],[-99.14751,19.3834],[-99.14749,19.38357]]}},{"type":"Feature","properties":{"class":"shared"},"geometry":{"type":"LineString","coordinates":[[-99.14481,19.39496],[-99.14447,19.39491],[-99.14408,19.39485],[-99.14321,19.39472],[-99.14248,19.39462],[-99.14238,19.39461],[-99.14158,19.39449],[-99.14151,19.39448],[-99.14142,19.39447],[-99.1406,19.39436],[-99.13967,19.39422]]}},{"type":"Feature","properties":{"class":"shared"},"geometry":{"type":"LineString","coordinates":[[-99.14459,19.37264],[-99.14439,19.37373],[-99.14421,19.37478],[-99.14399,19.37588],[-99.14395,19.37644],[-99.14391,19.37684],[-99.14378,19.37769],[-99.14378,19.37778],[-99.14379,19.37786],[-99.14382,19.37793],[-99.1442,19.37859]]}},{"type":"Feature","properties":{"class":"painted"},"geometry":{"type":"LineString","coordinates":[[-99.15784,19.37462],[-99.15752,19.376],[-99.15716,19.37753],[-99.15681,19.37906],[-99.15642,19.38075],[-99.15635,19.38106],[-99.15602,19.38245]]}},{"type":"Feature","properties":{"class":"separated"},"geometry":{"type":"LineString","coordinates":[[-99.15899,19.37848],[-99.15897,19.3787],[-99.15894,19.37878],[-99.15883,19.37909],[-99.15883,19.37911],[-99.15881,19.37927]]}},{"type":"Feature","properties":{"class":"painted"},"geometry":{"type":"LineString","coordinates":[[-99.15602,19.38245],[-99.15576,19.38457]]}},{"type":"Feature","properties":{"class":"shared"},"geometry":{"type":"LineString","coordinates":[[-99.15439,19.38697],[-99.15395,19.38688],[-99.15332,19.38673],[-99.15269,19.3866],[-99.15211,19.38648],[-99.15206,19.38647]]}},{"type":"Feature","properties":{"class":"separated"},"geometry":{"type":"LineString","coordinates":[[-99.16155,19.38707],[-99.1615,19.38689],[-99.16124,19.38602]]}},{"type":"Feature","properties":{"class":"separated"},"geometry":{"type":"LineString","coordinates":[[-99.16148,19.38717],[-99.16155,19.38736],[-99.16163,19.3875],[-99.1618,19.38778],[-99.16188,19.38789],[-99.16203,19.38808],[-99.16208,19.38813],[-99.16212,19.38818],[-99.16216,19.38822],[-99.16222,19.38829]]}},{"type":"Feature","properties":{"class":"painted"},"geometry":{"type":"LineString","coordinates":[[-99.15996,19.39129],[-99.16074,19.39146],[-99.16138,19.3916],[-99.16198,19.39173],[-99.1629,19.39193],[-99.16303,19.39196],[-99.16436,19.39226],[-99.16537,19.39248],[-99.16557,19.39252],[-99.16582,19.39258]]}},{"type":"Feature","properties":{"class":"separated"},"geometry":{"type":"LineString","coordinates":[[-99.1629,19.39193],[-99.16272,19.39258],[-99.16253,19.39334],[-99.16246,19.39363],[-99.16237,19.39398],[-99.16236,19.39404]]}},{"type":"Feature","properties":{"class":"separated"},"geometry":{"type":"LineString","coordinates":[[-99.16177,19.39646],[-99.16171,19.39667],[-99.16163,19.39705],[-99.16151,19.39753],[-99.16146,19.39803],[-99.16139,19.39873],[-99.16121,19.40064],[-99.16115,19.40119],[-99.16114,19.40125]]}},{"type":"Feature","properties":{"class":"shared"},"geometry":{"type":"LineString","coordinates":[[-99.1545,19.39589],[-99.15442,19.39687],[-99.15441,19.39699],[-99.15432,19.39821],[-99.15431,19.39834],[-99.15422,19.39953],[-99.15418,19.40012],[-99.15402,19.40177]]}},{"type":"Feature","properties":{"class":"shared"},"geometry":{"type":"LineString","coordinates":[[-99.145,19.40376],[-99.14498,19.40398]]}},{"type":"Feature","properties":{"class":"shared"},"geometry":{"type":"LineString","coordinates":[[-99.14498,19.40398],[-99.14497,19.40406]]}},{"type":"Feature","properties":{"class":"painted"},"geometry":{"type":"LineString","coordinates":[[-99.14149,19.39462],[-99.14126,19.39597],[-99.14101,19.39755],[-99.14078,19.39898]]}},{"type":"Feature","properties":{"class":"painted"},"geometry":{"type":"LineString","coordinates":[[-99.14078,19.39898],[-99.14055,19.40042],[-99.14032,19.40186],[-99.1402,19.40262]]}},{"type":"Feature","properties":{"class":"shared"},"geometry":{"type":"LineString","coordinates":[[-99.14514,19.40224],[-99.14512,19.40238]]}},{"type":"Feature","properties":{"class":"separated"},"geometry":{"type":"LineString","coordinates":[[-99.13809,19.39412],[-99.13812,19.39392],[-99.13838,19.39226],[-99.13839,19.3922],[-99.13844,19.39186],[-99.13845,19.39175],[-99.13849,19.39154],[-99.13859,19.39082],[-99.13867,19.39034],[-99.13875,19.38981],[-99.13882,19.38928],[-99.13896,19.38831],[-99.13899,19.38813],[-99.1391,19.38746],[-99.13923,19.38657],[-99.13924,19.38647],[-99.13929,19.38611],[-99.13948,19.38483],[-99.13951,19.38463],[-99.13951,19.38459],[-99.13953,19.38448],[-99.13961,19.38396],[-99.13966,19.38367],[-99.13975,19.38312],[-99.13977,19.38291],[-99.13981,19.38272],[-99.13991,19.38202],[-99.13998,19.38159],[-99.14005,19.38113],[-99.14012,19.3807],[-99.14022,19.38006],[-99.14029,19.37963],[-99.14033,19.37937],[-99.14042,19.37881],[-99.14052,19.37821],[-99.14058,19.37787],[-99.1406,19.37771],[-99.14062,19.37755],[-99.14063,19.37745]]}},{"type":"Feature","properties":{"class":"separated"},"geometry":{"type":"LineString","coordinates":[[-99.14075,19.37667],[-99.14085,19.37585],[-99.14095,19.37507],[-99.14106,19.37435],[-99.14128,19.37289],[-99.14137,19.37214],[-99.1414,19.37189],[-99.14152,19.37111],[-99.14163,19.37021],[-99.14166,19.37003]]}},{"type":"Feature","properties":{"class":"shared"},"geometry":{"type":"LineString","coordinates":[[-99.14311,19.4223],[-99.14303,19.42274],[-99.14287,19.42345],[-99.1428,19.42374],[-99.14268,19.42421]]}},{"type":"Feature","properties":{"class":"shared"},"geometry":{"type":"LineString","coordinates":[[-99.14416,19.41197],[-99.1441,19.4126],[-99.14408,19.41282]]}},{"type":"Feature","properties":{"class":"separated"},"geometry":{"type":"LineString","coordinates":[[-99.13797,19.42101],[-99.1371,19.42162],[-99.13597,19.42239]]}},{"type":"Feature","properties":{"class":"shared"},"geometry":{"type":"LineString","coordinates":[[-99.14366,19.41692],[-99.14361,19.41734]]}},{"type":"Feature","properties":{"class":"separated"},"geometry":{"type":"LineString","coordinates":[[-99.15358,19.4257],[-99.15277,19.42565],[-99.15147,19.42558],[-99.15124,19.42556],[-99.15116,19.42556]]}},{"type":"Feature","properties":{"class":"separated"},"geometry":{"type":"LineString","coordinates":[[-99.13467,19.41593],[-99.13471,19.41568],[-99.13478,19.4152],[-99.13483,19.41487],[-99.13488,19.41457],[-99.13506,19.41343],[-99.13507,19.41333],[-99.1351,19.41313],[-99.13517,19.41267],[-99.13525,19.41218],[-99.13531,19.41177],[-99.13533,19.4117],[-99.13534,19.41162],[-99.13538,19.41134],[-99.13546,19.41081],[-99.13554,19.41029],[-99.13565,19.40988],[-99.13577,19.40952],[-99.1358,19.40936],[-99.13585,19.4091],[-99.13587,19.40893],[-99.13587,19.4089],[-99.13588,19.40837]]}},{"type":"Feature","properties":{"class":"separated"},"geometry":{"type":"LineString","coordinates":[[-99.13392,19.41934],[-99.13389,19.41952],[-99.13386,19.41972],[-99.13383,19.41992],[-99.13382,19.42004],[-99.13374,19.42062]]}},{"type":"Feature","properties":{"class":"shared"},"geometry":{"type":"LineString","coordinates":[[-99.13428,19.42609],[-99.13527,19.42618],[-99.13578,19.42622],[-99.13616,19.42625],[-99.13731,19.42635],[-99.13892,19.4265]]}},{"type":"Feature","properties":{"class":"shared"},"geometry":{"type":"LineString","coordinates":[[-99.14331,19.4203],[-99.14325,19.4209],[-99.14323,19.4211]]}},{"type":"Feature","properties":{"class":"shared"},"geometry":{"type":"LineString","coordinates":[[-99.14739,19.42732],[-99.1482,19.42737],[-99.14826,19.42737],[-99.14833,19.42736],[-99.14845,19.42734],[-99.14873,19.42726]]}},{"type":"Feature","properties":{"class":"shared"},"geometry":{"type":"LineString","coordinates":[[-99.14077,19.43481],[-99.14076,19.43487],[-99.14069,19.43531],[-99.14065,19.43565]]}},{"type":"Feature","properties":{"class":"separated"},"geometry":{"type":"LineString","coordinates":[[-99.14,19.43973],[-99.13987,19.43967],[-99.13908,19.43962],[-99.13867,19.4396],[-99.13742,19.43959],[-99.1367,19.43955],[-99.13632,19.43957],[-99.13562,19.43959],[-99.13533,19.43962],[-99.13476,19.4397],[-99.13383,19.43982],[-99.13323,19.43988]]}},{"type":"Feature","properties":{"class":"separated"},"geometry":{"type":"LineString","coordinates":[[-99.13323,19.42457],[-99.13331,19.42399]]}},{"type":"Feature","properties":{"class":"separated"},"geometry":{"type":"LineString","coordinates":[[-99.13259,19.42909],[-99.13267,19.42856],[-99.13272,19.42826],[-99.13285,19.42737],[-99.13296,19.42654]]}},{"type":"Feature","properties":{"class":"separated"},"geometry":{"type":"LineString","coordinates":[[-99.13304,19.42589],[-99.13309,19.42554],[-99.13317,19.42495],[-99.13323,19.42457]]}},{"type":"Feature","properties":{"class":"shared"},"geometry":{"type":"LineString","coordinates":[[-99.14164,19.42903],[-99.14164,19.42908],[-99.14157,19.42957],[-99.14155,19.42974],[-99.14153,19.42988]]}},{"type":"Feature","properties":{"class":"shared"},"geometry":{"type":"LineString","coordinates":[[-99.13074,19.45312],[-99.13099,19.45314]]}},{"type":"Feature","properties":{"class":"shared"},"geometry":{"type":"LineString","coordinates":[[-99.12971,19.45422],[-99.12952,19.45453],[-99.1291,19.45518],[-99.12868,19.45583],[-99.12796,19.45697],[-99.12774,19.45751],[-99.12769,19.45764],[-99.12747,19.45821],[-99.12737,19.45847],[-99.12713,19.45907],[-99.12694,19.45957],[-99.12689,19.4597],[-99.12667,19.46028],[-99.12639,19.46095]]}},{"type":"Feature","properties":{"class":"shared"},"geometry":{"type":"LineString","coordinates":[[-99.13135,19.45318],[-99.13176,19.45323],[-99.13206,19.45329],[-99.13208,19.45329],[-99.13221,19.45333],[-99.1333,19.45357],[-99.13415,19.45376],[-99.13435,19.45381],[-99.13483,19.45392],[-99.13591,19.45417],[-99.13603,19.4542],[-99.13627,19.45426],[-99.13635,19.45428],[-99.13675,19.45437],[-99.13701,19.45444],[-99.13784,19.45464],[-99.13812,19.45471],[-99.13817,19.45472],[-99.13822,19.45473],[-99.13833,19.45476],[-99.13847,19.4548],[-99.13936,19.45501],[-99.13943,19.45503],[-99.1395,19.45504],[-99.13954,19.45505],[-99.1399,19.45513],[-99.14035,19.45523],[-99.1411,19.4554],[-99.14112,19.45541],[-99.14222,19.45565],[-99.14239,19.45569],[-99.14249,19.45571],[-99.14277,19.45577],[-99.14327,19.45588]]}},{"type":"Feature","properties":{"class":"shared"},"geometry":{"type":"LineString","coordinates":[[-99.13065,19.45397],[-99.13078,19.45367],[-99.1308,19.45362],[-99.13095,19.45326],[-99.13099,19.45314]]}},{"type":"Feature","properties":{"class":"shared"},"geometry":{"type":"LineString","coordinates":[[-99.14862,19.45714],[-99.1489,19.45722]]}},{"type":"Feature","properties":{"class":"shared"},"geometry":{"type":"LineString","coordinates":[[-99.12797,19.45269],[-99.1288,19.45286],[-99.1296,19.45297],[-99.12976,19.45299],[-99.13025,19.45307],[-99.1303,19.45307],[-99.13041,19.45309],[-99.13074,19.45312]]}},{"type":"Feature","properties":{"class":"separated"},"geometry":{"type":"LineString","coordinates":[[-99.17328,19.46562],[-99.17402,19.46634],[-99.1743,19.46661],[-99.17485,19.46714],[-99.17555,19.46782],[-99.17589,19.46815],[-99.1759,19.46816],[-99.17605,19.4683]]}},{"type":"Feature","properties":{"class":"separated"},"geometry":{"type":"LineString","coordinates":[[-99.18467,19.47769],[-99.18461,19.47763],[-99.18455,19.47755],[-99.18404,19.4768],[-99.18354,19.47615],[-99.18335,19.47593],[-99.18322,19.47578],[-99.18311,19.47565],[-99.18211,19.47448],[-99.18197,19.47431],[-99.18188,19.4742],[-99.18144,19.47369],[-99.18085,19.47298],[-99.18054,19.47261],[-99.18016,19.47217],[-99.17987,19.47182],[-99.17975,19.47168],[-99.17973,19.47166],[-99.17911,19.47091],[-99.17905,19.47084],[-99.1789,19.47068],[-99.17875,19.47051],[-99.17863,19.4704],[-99.17845,19.47022],[-99.17833,19.4701],[-99.17822,19.47],[-99.17817,19.46995],[-99.17787,19.46965],[-99.17772,19.4695],[-99.17746,19.46926],[-99.17738,19.46918]]}},{"type":"Feature","properties":{"class":"separated"},"geometry":{"type":"LineString","coordinates":[[-99.18175,19.43287],[-99.18163,19.43288]]}},{"type":"Feature","properties":{"class":"separated"},"geometry":{"type":"LineString","coordinates":[[-99.18968,19.43357],[-99.19038,19.43362],[-99.19069,19.43364],[-99.19094,19.43365],[-99.1917,19.43372],[-99.19251,19.4338],[-99.19326,19.43384]]}},{"type":"Feature","properties":{"class":"separated"},"geometry":{"type":"LineString","coordinates":[[-99.18969,19.43339],[-99.189,19.43335],[-99.18889,19.43334],[-99.18885,19.43334],[-99.18869,19.43333],[-99.18815,19.43329],[-99.18807,19.43328],[-99.18801,19.43328],[-99.18728,19.43323],[-99.18637,19.43317],[-99.18564,19.43312],[-99.18539,19.43311],[-99.18517,19.43309],[-99.18489,19.43307],[-99.18414,19.43302],[-99.18377,19.433],[-99.18341,19.43298],[-99.18175,19.43287]]}},{"type":"Feature","properties":{"class":"shared"},"geometry":{"type":"LineString","coordinates":[[-99.18108,19.43134],[-99.18263,19.43137],[-99.18269,19.43138],[-99.18303,19.43138],[-99.18347,19.43139],[-99.18419,19.43141],[-99.18493,19.43142],[-99.18567,19.43144],[-99.18645,19.43145],[-99.18733,19.43147],[-99.18811,19.43149],[-99.18973,19.43152],[-99.19091,19.43155],[-99.19102,19.43155]]}},{"type":"Feature","properties":{"class":"separated"},"geometry":{"type":"LineString","coordinates":[[-99.18969,19.43339],[-99.1897,19.43274],[-99.18973,19.43152]]}},{"type":"Feature","properties":{"class":"shared"},"geometry":{"type":"LineString","coordinates":[[-99.20197,19.4322],[-99.20256,19.43225],[-99.20339,19.43233],[-99.20415,19.43239],[-99.20438,19.4324],[-99.20489,19.43246],[-99.20565,19.43252],[-99.20568,19.43252],[-99.20577,19.43254],[-99.20644,19.43262]]}},{"type":"Feature","properties":{"class":"shared"},"geometry":{"type":"LineString","coordinates":[[-99.20061,19.43199],[-99.20051,19.43198],[-99.20047,19.43198],[-99.20028,19.43196],[-99.19995,19.43193],[-99.19985,19.43192],[-99.19973,19.43191],[-99.19912,19.43185],[-99.19844,19.43178],[-99.19836,19.43178]]}},{"type":"Feature","properties":{"class":"shared"},"geometry":{"type":"LineString","coordinates":[[-99.20687,19.43256],[-99.2067,19.43253],[-99.20643,19.4325],[-99.20626,19.43249],[-99.20577,19.43245],[-99.20507,19.43237],[-99.20454,19.43232],[-99.2044,19.4323],[-99.20416,19.43229],[-99.20372,19.43225],[-99.2034,19.43223],[-99.20315,19.4322],[-99.20258,19.43216],[-99.20198,19.43211]]}},{"type":"Feature","properties":{"class":"shared"},"geometry":{"type":"LineString","coordinates":[[-99.19579,19.43166],[-99.19593,19.43167],[-99.19618,19.43169],[-99.19669,19.43173],[-99.19675,19.43174],[-99.19681,19.43174],[-99.19747,19.43179],[-99.19758,19.4318],[-99.19769,19.43181],[-99.19826,19.43186],[-99.19835,19.43187]]}},{"type":"Feature","properties":{"class":"shared"},"geometry":{"type":"LineString","coordinates":[[-99.19579,19.43157],[-99.19565,19.43156],[-99.19557,19.43155],[-99.19535,19.43153],[-99.19503,19.4315],[-99.19497,19.4315],[-99.19436,19.43145],[-99.19427,19.43144],[-99.19418,19.43144],[-99.19413,19.43144],[-99.19393,19.43144],[-99.19361,19.43144],[-99.19352,19.43144],[-99.19341,19.43145],[-99.19285,19.43148],[-99.19274,19.43148],[-99.19264,19.43148],[-99.19197,19.43149],[-99.19171,19.43149],[-99.19144,19.43149]]}},{"type":"Feature","properties":{"class":"separated"},"geometry":{"type":"LineString","coordinates":[[-99.20821,19.4356],[-99.20874,19.43562],[-99.20942,19.43565],[-99.21009,19.43569],[-99.2102,19.43569],[-99.21097,19.43573],[-99.21175,19.43578],[-99.21228,19.43581],[-99.21245,19.43582]]}},{"type":"Feature","properties":{"class":"separated"},"geometry":{"type":"LineString","coordinates":[[-99.20722,19.43529],[-99.20631,19.43511],[-99.20554,19.43496],[-99.20481,19.43483],[-99.20414,19.43471],[-99.20407,19.4347],[-99.20329,19.43456],[-99.20256,19.43443],[-99.20243,19.4344],[-99.20164,19.43426]]}},{"type":"Feature","properties":{"class":"separated"},"geometry":{"type":"LineString","coordinates":[[-99.20162,19.43454],[-99.20184,19.43458],[-99.2024,19.43468],[-99.20308,19.4348],[-99.20327,19.43483],[-99.20402,19.43496],[-99.20411,19.43497],[-99.20479,19.43509],[-99.20552,19.43522],[-99.2063,19.43537]]}},{"type":"Feature","properties":{"class":"separated"},"geometry":{"type":"LineString","coordinates":[[-99.19747,19.43389],[-99.19743,19.43377],[-99.19737,19.43369],[-99.1973,19.43363],[-99.19718,19.43356],[-99.19703,19.43349],[-99.19678,19.43342],[-99.19668,19.43341],[-99.19656,19.4334],[-99.19648,19.4334],[-99.19638,19.4334],[-99.19626,19.43342],[-99.1961,19.43346],[-99.19599,19.43351],[-99.19588,19.43357],[-99.19577,19.43364],[-99.19565,19.43375]]}},{"type":"Feature","properties":{"class":"separated"},"geometry":{"type":"LineString","coordinates":[[-99.19563,19.43399],[-99.19577,19.43416],[-99.19587,19.43425],[-99.19603,19.43434],[-99.19617,19.43439],[-99.19631,19.43443],[-99.19641,19.43445],[-99.19655,19.43446],[-99.19666,19.43446],[-99.19678,19.43445],[-99.19696,19.43443],[-99.19711,19.43437],[-99.19724,19.43431],[-99.19735,19.43423],[-99.19747,19.43412]]}},{"type":"Feature","properties":{"class":"separated"},"geometry":{"type":"LineString","coordinates":[[-99.19328,19.4336],[-99.19253,19.43355],[-99.19174,19.43351],[-99.19096,19.43348],[-99.19067,19.43346],[-99.19031,19.43343],[-99.18969,19.43339]]}},{"type":"Feature","properties":{"class":"separated"},"geometry":{"type":"LineString","coordinates":[[-99.13534,19.37728],[-99.13523,19.3778],[-99.1351,19.3784],[-99.13489,19.37933],[-99.13457,19.38068],[-99.13438,19.38153],[-99.13428,19.38201],[-99.134,19.38326],[-99.13372,19.38451],[-99.13346,19.38574],[-99.13329,19.38645],[-99.13328,19.3865],[-99.13327,19.38654],[-99.13287,19.38841],[-99.13284,19.38852],[-99.13275,19.38888],[-99.13267,19.38925],[-99.13256,19.38975],[-99.13244,19.39025],[-99.13233,19.39077],[-99.13227,19.39119],[-99.13196,19.39253],[-99.13173,19.39351]]}},{"type":"Feature","properties":{"class":"separated"},"geometry":{"type":"LineString","coordinates":[[-99.14279,19.36154],[-99.14275,19.3618],[-99.14267,19.36227],[-99.14252,19.36305],[-99.14242,19.36365],[-99.14232,19.36415],[-99.14231,19.36419],[-99.14229,19.36431],[-99.14219,19.36488],[-99.1421,19.36548],[-99.142,19.3661],[-99.14196,19.36632],[-99.1419,19.36671],[-99.14179,19.36732],[-99.14167,19.36805],[-99.14157,19.36863],[-99.14147,19.36928],[-99.14138,19.37001],[-99.1414,19.37027]]}},{"type":"Feature","properties":{"class":"shared"},"geometry":{"type":"LineString","coordinates":[[-99.15997,19.42122],[-99.15997,19.42125],[-99.16008,19.42174],[-99.16009,19.42178],[-99.16011,19.4218],[-99.16014,19.4218],[-99.16017,19.42179],[-99.16055,19.4217],[-99.16064,19.42168],[-99.161,19.4216],[-99.16103,19.42159],[-99.16105,19.42157],[-99.16106,19.42155],[-99.16106,19.42152],[-99.16096,19.42112],[-99.16094,19.42108],[-99.16094,19.42104],[-99.16093,19.42101]]}},{"type":"Feature","properties":{"class":"painted"},"geometry":{"type":"LineString","coordinates":[[-99.16815,19.40012],[-99.16817,19.40005],[-99.16842,19.39908],[-99.16871,19.39791],[-99.16914,19.39616]]}},{"type":"Feature","properties":{"class":"painted"},"geometry":{"type":"LineString","coordinates":[[-99.16918,19.396],[-99.16929,19.39559],[-99.16981,19.39344],[-99.17012,19.39213],[-99.17049,19.39056],[-99.17108,19.38822],[-99.17139,19.38697],[-99.1716,19.38608],[-99.17183,19.38515],[-99.17202,19.38438],[-99.17211,19.38406],[-99.17217,19.38384],[-99.17229,19.38333],[-99.17236,19.38304],[-99.17242,19.38277],[-99.17248,19.38253],[-99.17251,19.38237],[-99.17265,19.38179],[-99.17268,19.38167],[-99.17268,19.38166]]}},{"type":"Feature","properties":{"class":"separated"},"geometry":{"type":"LineString","coordinates":[[-99.14063,19.37745],[-99.14068,19.37715],[-99.14072,19.37687],[-99.14075,19.37667]]}},{"type":"Feature","properties":{"class":"separated"},"geometry":{"type":"LineString","coordinates":[[-99.13978,19.38135],[-99.13975,19.38156],[-99.13957,19.38262],[-99.13954,19.38284],[-99.13951,19.38307],[-99.13945,19.38345],[-99.13944,19.38355],[-99.13938,19.38395]]}},{"type":"Feature","properties":{"class":"separated"},"geometry":{"type":"LineString","coordinates":[[-99.1414,19.37027],[-99.14131,19.37074],[-99.14121,19.37137],[-99.14116,19.3717],[-99.14112,19.372],[-99.141,19.37275],[-99.14085,19.37379],[-99.14072,19.37477],[-99.14051,19.37626],[-99.14046,19.37672],[-99.14044,19.37689]]}},{"type":"Feature","properties":{"class":"separated"},"geometry":{"type":"LineString","coordinates":[[-99.16328,19.41426],[-99.16332,19.41441],[-99.16352,19.41507],[-99.16376,19.416],[-99.16392,19.41664],[-99.16409,19.41727],[-99.1641,19.41732]]}},{"type":"Feature","properties":{"class":"separated"},"geometry":{"type":"LineString","coordinates":[[-99.16288,19.4049],[-99.16263,19.40389],[-99.16243,19.4031],[-99.16233,19.40268],[-99.16232,19.40263]]}},{"type":"Feature","properties":{"class":"separated"},"geometry":{"type":"LineString","coordinates":[[-99.19158,19.44664],[-99.19162,19.44642],[-99.19169,19.44589]]}},{"type":"Feature","properties":{"class":"separated"},"geometry":{"type":"LineString","coordinates":[[-99.1916,19.44589],[-99.19148,19.44663]]}},{"type":"Feature","properties":{"class":"painted"},"geometry":{"type":"LineString","coordinates":[[-99.13111,19.39622],[-99.13101,19.39646],[-99.1309,19.39665],[-99.13075,19.39686],[-99.13062,19.39701],[-99.13049,19.39713],[-99.13038,19.39722],[-99.13024,19.39731],[-99.13,19.39745],[-99.12981,19.39755],[-99.12956,19.39764],[-99.12943,19.39767],[-99.12928,19.3977],[-99.1291,19.39771],[-99.1289,19.39773],[-99.1288,19.39773],[-99.12824,19.39777]]}},{"type":"Feature","properties":{"class":"painted"},"geometry":{"type":"LineString","coordinates":[[-99.21397,19.43881],[-99.21256,19.43876],[-99.21242,19.43875],[-99.2117,19.43872],[-99.21112,19.43869],[-99.21086,19.43867],[-99.21057,19.43866],[-99.21007,19.43864],[-99.20993,19.43863],[-99.20932,19.43861],[-99.20861,19.43857],[-99.20809,19.43855],[-99.20794,19.43854],[-99.20785,19.43854],[-99.20723,19.43852],[-99.20647,19.43848],[-99.2063,19.43847]]}},{"type":"Feature","properties":{"class":"painted"},"geometry":{"type":"LineString","coordinates":[[-99.20097,19.43848],[-99.20158,19.43851],[-99.20293,19.43857],[-99.20381,19.43861],[-99.20518,19.43868],[-99.20575,19.4387],[-99.20586,19.4387],[-99.20587,19.4387],[-99.20596,19.43871],[-99.20614,19.43872]]}},{"type":"Feature","properties":{"class":"painted"},"geometry":{"type":"LineString","coordinates":[[-99.1956,19.438],[-99.19546,19.43799],[-99.1954,19.43799],[-99.19479,19.43796],[-99.19473,19.43796],[-99.19378,19.43789],[-99.19299,19.43786],[-99.19214,19.43783],[-99.19134,19.43779],[-99.19125,19.43779],[-99.19048,19.43776],[-99.19017,19.43775],[-99.19006,19.43775],[-99.18959,19.43773],[-99.18875,19.4377],[-99.18806,19.43766],[-99.18798,19.43767],[-99.1878,19.43766],[-99.18764,19.43768],[-99.18751,19.43771]]}},{"type":"Feature","properties":{"class":"painted"},"geometry":{"type":"LineString","coordinates":[[-99.18812,19.4379],[-99.18832,19.43791],[-99.18838,19.43791],[-99.18868,19.43793],[-99.18904,19.43794],[-99.18969,19.43797],[-99.19046,19.438],[-99.19129,19.43804],[-99.19134,19.43804],[-99.19214,19.43808],[-99.19263,19.4381],[-99.19296,19.43812],[-99.19376,19.43815],[-99.19473,19.4382],[-99.19479,19.4382],[-99.19539,19.43823],[-99.19548,19.43823],[-99.19558,19.43823]]}},{"type":"Feature","properties":{"class":"shared"},"geometry":{"type":"LineString","coordinates":[[-99.16114,19.42793],[-99.16132,19.42752]]}},{"type":"Feature","properties":{"class":"shared"},"geometry":{"type":"LineString","coordinates":[[-99.15149,19.40676],[-99.1523,19.4067],[-99.15357,19.40661],[-99.15466,19.40655],[-99.15504,19.40656],[-99.1551,19.40656]]}},{"type":"Feature","properties":{"class":"separated"},"geometry":{"type":"LineString","coordinates":[[-99.16653,19.38967],[-99.16676,19.38873],[-99.16708,19.38745],[-99.1671,19.38736],[-99.16712,19.38726],[-99.1673,19.38653],[-99.16736,19.38627],[-99.16748,19.38581],[-99.16767,19.38506],[-99.16784,19.38436],[-99.16787,19.38425],[-99.16805,19.38352],[-99.16812,19.38324]]}},{"type":"Feature","properties":{"class":"separated"},"geometry":{"type":"LineString","coordinates":[[-99.18296,19.47587],[-99.18332,19.4763],[-99.18409,19.4772],[-99.18436,19.47752],[-99.1845,19.47769]]}},{"type":"Feature","properties":{"class":"shared"},"geometry":{"type":"LineString","coordinates":[[-99.1216,19.41097],[-99.1216,19.41105]]}},{"type":"Feature","properties":{"class":"shared"},"geometry":{"type":"LineString","coordinates":[[-99.12161,19.40917],[-99.12161,19.40954],[-99.12159,19.41011],[-99.1216,19.41075]]}},{"type":"Feature","properties":{"class":"separated"},"geometry":{"type":"LineString","coordinates":[[-99.13466,19.41597],[-99.13467,19.41593]]}},{"type":"Feature","properties":{"class":"separated"},"geometry":{"type":"LineString","coordinates":[[-99.13413,19.41937],[-99.13416,19.41915],[-99.13423,19.41871],[-99.13433,19.41812],[-99.13433,19.41808],[-99.13436,19.41788],[-99.13442,19.41751],[-99.1345,19.41702],[-99.13453,19.4168],[-99.13454,19.41673],[-99.13463,19.41616],[-99.13466,19.41597]]}},{"type":"Feature","properties":{"class":"separated"},"geometry":{"type":"LineString","coordinates":[[-99.17306,19.42124],[-99.17231,19.42141],[-99.1717,19.42154],[-99.17164,19.42156],[-99.17158,19.42157]]}},{"type":"Feature","properties":{"class":"separated"},"geometry":{"type":"LineString","coordinates":[[-99.17364,19.42145],[-99.17387,19.4214],[-99.17396,19.42138],[-99.174,19.42137],[-99.17405,19.42136],[-99.17416,19.42133]]}},{"type":"Feature","properties":{"class":"separated"},"geometry":{"type":"LineString","coordinates":[[-99.18027,19.42527],[-99.18028,19.42515]]}},{"type":"Feature","properties":{"class":"shared"},"geometry":{"type":"LineString","coordinates":[[-99.18491,19.4246],[-99.18463,19.42455],[-99.18199,19.42415]]}},{"type":"Feature","properties":{"class":"separated"},"geometry":{"type":"LineString","coordinates":[[-99.18136,19.39554],[-99.18128,19.39544],[-99.18108,19.39524],[-99.18092,19.39508]]}},{"type":"Feature","properties":{"class":"separated"},"geometry":{"type":"LineString","coordinates":[[-99.18085,19.39517],[-99.18093,19.39523],[-99.18124,19.39557],[-99.18132,19.39567]]}},{"type":"Feature","properties":{"class":"painted"},"geometry":{"type":"LineString","coordinates":[[-99.17987,19.39392],[-99.17987,19.39402],[-99.17996,19.39426],[-99.18004,19.39445]]}},{"type":"Feature","properties":{"class":"separated"},"geometry":{"type":"LineString","coordinates":[[-99.18016,19.39443],[-99.18007,19.39428],[-99.18002,19.39417],[-99.17995,19.39401],[-99.17987,19.39392]]}},{"type":"Feature","properties":{"class":"painted"},"geometry":{"type":"LineString","coordinates":[[-99.17673,19.38584],[-99.17748,19.38775],[-99.17785,19.38871],[-99.17787,19.38878],[-99.1779,19.38884],[-99.1783,19.38985],[-99.17831,19.38986],[-99.17832,19.38989],[-99.17875,19.39101],[-99.17897,19.39156],[-99.17907,19.39183],[-99.17914,19.392],[-99.17919,19.39214],[-99.17929,19.39238],[-99.1794,19.39266],[-99.17959,19.39321]]}},{"type":"Feature","properties":{"class":"shared"},"geometry":{"type":"LineString","coordinates":[[-99.18966,19.393],[-99.18964,19.39309],[-99.18946,19.39397],[-99.18926,19.39495]]}},{"type":"Feature","properties":{"class":"separated"},"geometry":{"type":"LineString","coordinates":[[-99.14491,19.35311],[-99.1449,19.35315]]}},{"type":"Feature","properties":{"class":"separated"},"geometry":{"type":"LineString","coordinates":[[-99.1449,19.35315],[-99.14481,19.35344],[-99.14477,19.35356],[-99.14465,19.35396],[-99.14452,19.35439],[-99.14435,19.35496],[-99.14431,19.3551],[-99.14428,19.35524],[-99.14409,19.35583],[-99.14405,19.35599],[-99.14397,19.35633]]}},{"type":"Feature","properties":{"class":"separated"},"geometry":{"type":"LineString","coordinates":[[-99.1451,19.35339],[-99.14512,19.35335]]}},{"type":"Feature","properties":{"class":"separated"},"geometry":{"type":"LineString","coordinates":[[-99.14424,19.35627],[-99.14429,19.35604],[-99.14476,19.35463],[-99.14501,19.35371],[-99.14508,19.35349],[-99.1451,19.35339]]}},{"type":"Feature","properties":{"class":"separated"},"geometry":{"type":"LineString","coordinates":[[-99.19011,19.42578],[-99.18998,19.42589],[-99.18974,19.42609],[-99.18944,19.42624],[-99.18912,19.42637],[-99.18868,19.42652],[-99.18837,19.4266],[-99.18813,19.42666],[-99.18716,19.42692],[-99.18657,19.42709],[-99.18635,19.42719],[-99.18605,19.42733],[-99.18602,19.42735],[-99.18536,19.42763],[-99.18485,19.4278]]}},{"type":"Feature","properties":{"class":"shared"},"geometry":{"type":"LineString","coordinates":[[-99.19034,19.42543],[-99.19002,19.42538],[-99.18795,19.42506],[-99.18769,19.42502],[-99.18758,19.42501],[-99.18723,19.42495],[-99.18513,19.42463],[-99.18491,19.4246]]}},{"type":"Feature","properties":{"class":"shared"},"geometry":{"type":"LineString","coordinates":[[-99.17631,19.42343],[-99.17672,19.42349]]}},{"type":"Feature","properties":{"class":"painted"},"geometry":{"type":"LineString","coordinates":[[-99.19281,19.44492],[-99.19254,19.44489],[-99.19233,19.44486]]}},{"type":"Feature","properties":{"class":"painted"},"geometry":{"type":"LineString","coordinates":[[-99.17763,19.44289],[-99.17656,19.44274],[-99.17547,19.44259],[-99.17523,19.44255],[-99.1744,19.44244],[-99.17331,19.44229],[-99.17269,19.4422],[-99.1722,19.44213],[-99.17197,19.4421],[-99.1711,19.44198]]}},{"type":"Feature","properties":{"class":"separated"},"geometry":{"type":"LineString","coordinates":[[-99.1356,19.42383],[-99.13563,19.42352],[-99.13568,19.42289]]}},{"type":"Feature","properties":{"class":"painted"},"geometry":{"type":"LineString","coordinates":[[-99.1354,19.42515],[-99.13548,19.42458],[-99.13556,19.42412],[-99.13557,19.42406]]}},{"type":"Feature","properties":{"class":"separated"},"geometry":{"type":"LineString","coordinates":[[-99.18004,19.39445],[-99.1801,19.39456],[-99.18018,19.39467],[-99.18032,19.39484],[-99.1804,19.39491],[-99.18048,19.39496]]}},{"type":"Feature","properties":{"class":"shared"},"geometry":{"type":"LineString","coordinates":[[-99.14618,19.40214],[-99.14586,19.40215],[-99.14581,19.40215],[-99.14578,19.40214],[-99.14576,19.40211],[-99.14576,19.40207],[-99.14578,19.40204]]}},{"type":"Feature","properties":{"class":"shared"},"geometry":{"type":"LineString","coordinates":[[-99.15327,19.40181],[-99.15317,19.40179],[-99.1525,19.40182]]}},{"type":"Feature","properties":{"class":"shared"},"geometry":{"type":"LineString","coordinates":[[-99.15427,19.40176],[-99.15402,19.40177],[-99.15327,19.40181]]}},{"type":"Feature","properties":{"class":"painted"},"geometry":{"type":"LineString","coordinates":[[-99.16014,19.40155],[-99.16003,19.4016],[-99.15996,19.40168],[-99.15991,19.4018]]}},{"type":"Feature","properties":{"class":"painted"},"geometry":{"type":"LineString","coordinates":[[-99.1621,19.40129],[-99.162,19.4012],[-99.16193,19.40117],[-99.16186,19.40116],[-99.16114,19.40125],[-99.16059,19.40131],[-99.15986,19.40141],[-99.15915,19.40147],[-99.1585,19.40153],[-99.15781,19.40158],[-99.1571,19.40162],[-99.15642,19.40165],[-99.15564,19.40169]]}},{"type":"Feature","properties":{"class":"painted"},"geometry":{"type":"LineString","coordinates":[[-99.16613,19.40068],[-99.16533,19.40081],[-99.16375,19.40105],[-99.16313,19.40114],[-99.16253,19.40123]]}},{"type":"Feature","properties":{"class":"painted"},"geometry":{"type":"LineString","coordinates":[[-99.17832,19.38989],[-99.17827,19.38997],[-99.17789,19.39046],[-99.17754,19.39092],[-99.17717,19.39144],[-99.17704,19.39163],[-99.17649,19.3924],[-99.17605,19.39312]]}},{"type":"Feature","properties":{"class":"painted"},"geometry":{"type":"LineString","coordinates":[[-99.17289,19.39275],[-99.17293,19.39276],[-99.17298,19.39277],[-99.17338,19.39286],[-99.17382,19.39295],[-99.17439,19.39308],[-99.17482,19.39317],[-99.1752,19.39325],[-99.17552,19.39332]]}},{"type":"Feature","properties":{"class":"painted"},"geometry":{"type":"LineString","coordinates":[[-99.17629,19.38934],[-99.17614,19.38939],[-99.17524,19.38969],[-99.17499,19.38978],[-99.17483,19.38983]]}},{"type":"Feature","properties":{"class":"separated"},"geometry":{"type":"LineString","coordinates":[[-99.19203,19.40789],[-99.1919,19.40793],[-99.1915,19.40805],[-99.19131,19.40811]]}},{"type":"Feature","properties":{"class":"painted"},"geometry":{"type":"LineString","coordinates":[[-99.19125,19.40801],[-99.19127,19.40802],[-99.19129,19.40805],[-99.19131,19.40811]]}},{"type":"Feature","properties":{"class":"painted"},"geometry":{"type":"LineString","coordinates":[[-99.19021,19.40917],[-99.19013,19.40918],[-99.18891,19.40922],[-99.18864,19.40923],[-99.18796,19.40925]]}},{"type":"Feature","properties":{"class":"separated"},"geometry":{"type":"LineString","coordinates":[[-99.1843,19.4094],[-99.1838,19.40942],[-99.18363,19.40942],[-99.18355,19.40941]]}},{"type":"Feature","properties":{"class":"separated"},"geometry":{"type":"LineString","coordinates":[[-99.19417,19.41027],[-99.19404,19.41025]]}},{"type":"Feature","properties":{"class":"shared"},"geometry":{"type":"LineString","coordinates":[[-99.15327,19.40181],[-99.15318,19.40181]]}},{"type":"Feature","properties":{"class":"shared"},"geometry":{"type":"LineString","coordinates":[[-99.15048,19.40193],[-99.14987,19.40197],[-99.14924,19.402],[-99.14891,19.40202],[-99.14853,19.40204],[-99.14786,19.40207]]}},{"type":"Feature","properties":{"class":"painted"},"geometry":{"type":"LineString","coordinates":[[-99.19074,19.4103],[-99.19081,19.41015]]}},{"type":"Feature","properties":{"class":"shared"},"geometry":{"type":"LineString","coordinates":[[-99.19359,19.38994],[-99.19363,19.38991],[-99.19372,19.38981]]}},{"type":"Feature","properties":{"class":"painted"},"geometry":{"type":"LineString","coordinates":[[-99.16918,19.38556],[-99.16864,19.38768],[-99.16837,19.38874],[-99.16805,19.39001],[-99.16776,19.39116],[-99.16766,19.39157],[-99.16733,19.39288],[-99.16725,19.39321],[-99.16714,19.39364]]}},{"type":"Feature","properties":{"class":"separated"},"geometry":{"type":"LineString","coordinates":[[-99.14342,19.44112],[-99.14355,19.44107],[-99.14366,19.44098],[-99.14375,19.44088],[-99.14382,19.44076],[-99.14385,19.44066],[-99.14386,19.44055],[-99.14386,19.44045],[-99.14385,19.44038],[-99.14383,19.44033],[-99.14381,19.44026],[-99.14374,19.44017]]}},{"type":"Feature","properties":{"class":"separated"},"geometry":{"type":"LineString","coordinates":[[-99.1429,19.43993],[-99.1428,19.43999],[-99.14272,19.44005],[-99.14265,19.44012],[-99.14262,19.44017],[-99.14258,19.44022]]}},{"type":"Feature","properties":{"class":"shared"},"geometry":{"type":"LineString","coordinates":[[-99.13578,19.40808],[-99.13587,19.40803],[-99.13607,19.40791],[-99.13618,19.40786],[-99.13633,19.4078],[-99.13652,19.40777],[-99.13709,19.40772],[-99.13744,19.40769]]}},{"type":"Feature","properties":{"class":"separated"},"geometry":{"type":"LineString","coordinates":[[-99.15117,19.43828],[-99.15069,19.43817],[-99.15064,19.43816],[-99.1506,19.43815],[-99.1505,19.43812]]}},{"type":"Feature","properties":{"class":"painted"},"geometry":{"type":"LineString","coordinates":[[-99.17485,19.37286],[-99.17488,19.37273],[-99.17518,19.37152],[-99.17541,19.37058]]}},{"type":"Feature","properties":{"class":"separated"},"geometry":{"type":"LineString","coordinates":[[-99.13441,19.42507],[-99.13441,19.42514],[-99.13429,19.426]]}},{"type":"Feature","properties":{"class":"separated"},"geometry":{"type":"LineString","coordinates":[[-99.17856,19.47077],[-99.17869,19.47091],[-99.17881,19.47103],[-99.17901,19.47125],[-99.17939,19.47171],[-99.17952,19.47186],[-99.18104,19.47364],[-99.18143,19.47406],[-99.18168,19.47436],[-99.1819,19.47462],[-99.18225,19.47503],[-99.18237,19.47517],[-99.18254,19.47536],[-99.18272,19.47556],[-99.1829,19.47578],[-99.18296,19.47587]]}},{"type":"Feature","properties":{"class":"separated"},"geometry":{"type":"LineString","coordinates":[[-99.1956,19.43375],[-99.19493,19.43371],[-99.19408,19.43365],[-99.19337,19.43361]]}},{"type":"Feature","properties":{"class":"separated"},"geometry":{"type":"LineString","coordinates":[[-99.19335,19.43385],[-99.19406,19.43389],[-99.19489,19.43394]]}},{"type":"Feature","properties":{"class":"separated"},"geometry":{"type":"LineString","coordinates":[[-99.13571,19.42256],[-99.13516,19.42294],[-99.13508,19.42301],[-99.13505,19.42307],[-99.13503,19.42314],[-99.13498,19.42348]]}},{"type":"Feature","properties":{"class":"painted"},"geometry":{"type":"LineString","coordinates":[[-99.16253,19.40123],[-99.16232,19.40126],[-99.1621,19.40129]]}},{"type":"Feature","properties":{"class":"separated"},"geometry":{"type":"LineString","coordinates":[[-99.18759,19.3722],[-99.1875,19.37226],[-99.18741,19.37232],[-99.18734,19.37238],[-99.18728,19.37243],[-99.18724,19.37247],[-99.1872,19.37251],[-99.18718,19.37255]]}},{"type":"Feature","properties":{"class":"separated"},"geometry":{"type":"LineString","coordinates":[[-99.18861,19.36669],[-99.18849,19.36763],[-99.18838,19.36859],[-99.18835,19.36878],[-99.18834,19.36894]]}},{"type":"Feature","properties":{"class":"separated"},"geometry":{"type":"LineString","coordinates":[[-99.18091,19.39717],[-99.18081,19.39754],[-99.18064,19.39817],[-99.18061,19.39827],[-99.18056,19.39845],[-99.18054,19.39853],[-99.18048,19.39874]]}},{"type":"Feature","properties":{"class":"separated"},"geometry":{"type":"LineString","coordinates":[[-99.17162,19.42189],[-99.17171,19.42187],[-99.17175,19.42187],[-99.17183,19.42185],[-99.17226,19.42175],[-99.1726,19.42168],[-99.17265,19.42167],[-99.1727,19.42166]]}},{"type":"Feature","properties":{"class":"shared"},"geometry":{"type":"LineString","coordinates":[[-99.16495,19.39707],[-99.16472,19.39701]]}},{"type":"Feature","properties":{"class":"separated"},"geometry":{"type":"LineString","coordinates":[[-99.18852,19.4608],[-99.1886,19.46081],[-99.18936,19.46103],[-99.18955,19.46111],[-99.18977,19.46125],[-99.18991,19.4614],[-99.18997,19.46149],[-99.19017,19.46176],[-99.19029,19.462],[-99.19042,19.46243],[-99.19043,19.46246],[-99.19046,19.46254],[-99.1905,19.46267],[-99.19048,19.4627],[-99.19046,19.46274],[-99.19039,19.46284]]}},{"type":"Feature","properties":{"class":"separated"},"geometry":{"type":"LineString","coordinates":[[-99.18078,19.36763],[-99.18073,19.36765],[-99.1807,19.36768],[-99.18066,19.3677],[-99.18063,19.36774],[-99.18061,19.36777],[-99.1806,19.36779]]}},{"type":"Feature","properties":{"class":"painted"},"geometry":{"type":"LineString","coordinates":[[-99.18905,19.36288],[-99.18903,19.36306]]}},{"type":"Feature","properties":{"class":"separated"},"geometry":{"type":"LineString","coordinates":[[-99.19058,19.4076],[-99.19064,19.40772],[-99.19083,19.40777],[-99.19084,19.40773],[-99.19104,19.40778],[-99.19095,19.40741],[-99.19094,19.40733],[-99.19094,19.40732],[-99.19088,19.40703],[-99.19091,19.40702],[-99.19095,19.40699],[-99.19096,19.40694],[-99.19088,19.40675],[-99.19077,19.40664],[-99.19073,19.40649],[-99.19068,19.40633],[-99.19066,19.40628],[-99.19053,19.40631],[-99.1904,19.40635],[-99.19024,19.40639]]}},{"type":"Feature","properties":{"class":"separated"},"geometry":{"type":"LineString","coordinates":[[-99.1898,19.39628],[-99.1899,19.39556]]}},{"type":"Feature","properties":{"class":"separated"},"geometry":{"type":"LineString","coordinates":[[-99.21055,19.34583],[-99.21054,19.34577],[-99.21049,19.34567],[-99.21044,19.34554],[-99.21038,19.34542],[-99.21032,19.34535],[-99.21021,19.34524],[-99.2101,19.34516],[-99.21002,19.34511],[-99.20996,19.34508],[-99.20987,19.34504],[-99.20982,19.34503],[-99.20975,19.34501],[-99.20966,19.345],[-99.20953,19.34498],[-99.20944,19.34499],[-99.20935,19.34499],[-99.20919,19.34503],[-99.20904,19.34509],[-99.20895,19.34514],[-99.20884,19.34524],[-99.20868,19.3454],[-99.20859,19.3455],[-99.20856,19.34555],[-99.20851,19.34561],[-99.20832,19.34587],[-99.20822,19.346],[-99.20808,19.34611],[-99.20798,19.34619],[-99.20783,19.34626],[-99.20765,19.34631],[-99.20744,19.34634],[-99.20724,19.34634],[-99.20707,19.34632],[-99.20689,19.34626],[-99.20673,19.34619],[-99.2066,19.34612],[-99.20643,19.346],[-99.20616,19.34577],[-99.20594,19.34553],[-99.20574,19.3453],[-99.20557,19.34507],[-99.20545,19.34488],[-99.20536,19.3447],[-99.20526,19.34446],[-99.2052,19.34429]]}},{"type":"Feature","properties":{"class":"separated"},"geometry":{"type":"LineString","coordinates":[[-99.20029,19.42703],[-99.19853,19.42676]]}},{"type":"Feature","properties":{"class":"separated"},"geometry":{"type":"LineString","coordinates":[[-99.1217,19.47328],[-99.12168,19.47334],[-99.12167,19.47338]]}},{"type":"Feature","properties":{"class":"separated"},"geometry":{"type":"LineString","coordinates":[[-99.12167,19.47338],[-99.12106,19.47494],[-99.121,19.47508],[-99.12044,19.47653]]}},{"type":"Feature","properties":{"class":"separated"},"geometry":{"type":"LineString","coordinates":[[-99.12232,19.47167],[-99.1217,19.47328]]}},{"type":"Feature","properties":{"class":"separated"},"geometry":{"type":"LineString","coordinates":[[-99.12244,19.47137],[-99.12241,19.47144],[-99.12238,19.47154],[-99.12234,19.47162],[-99.12232,19.47167]]}},{"type":"Feature","properties":{"class":"separated"},"geometry":{"type":"LineString","coordinates":[[-99.12376,19.46799],[-99.12375,19.46803],[-99.12247,19.47131],[-99.12244,19.47137]]}},{"type":"Feature","properties":{"class":"separated"},"geometry":{"type":"LineString","coordinates":[[-99.12384,19.46777],[-99.12383,19.4678],[-99.12378,19.46794],[-99.12376,19.46799]]}},{"type":"Feature","properties":{"class":"separated"},"geometry":{"type":"LineString","coordinates":[[-99.12536,19.4639],[-99.12534,19.46393],[-99.12531,19.46401]]}},{"type":"Feature","properties":{"class":"separated"},"geometry":{"type":"LineString","coordinates":[[-99.12531,19.46401],[-99.12503,19.46474],[-99.12474,19.46548],[-99.12448,19.46615],[-99.12386,19.46774],[-99.12384,19.46777]]}},{"type":"Feature","properties":{"class":"separated"},"geometry":{"type":"LineString","coordinates":[[-99.12634,19.46136],[-99.12536,19.4639]]}},{"type":"Feature","properties":{"class":"separated"},"geometry":{"type":"LineString","coordinates":[[-99.12648,19.46098],[-99.12636,19.46132],[-99.12634,19.46136]]}},{"type":"Feature","properties":{"class":"separated"},"geometry":{"type":"LineString","coordinates":[[-99.12721,19.45912],[-99.12648,19.46098]]}},{"type":"Feature","properties":{"class":"separated"},"geometry":{"type":"LineString","coordinates":[[-99.12725,19.45901],[-99.12723,19.45907],[-99.12721,19.45912]]}},{"type":"Feature","properties":{"class":"separated"},"geometry":{"type":"LineString","coordinates":[[-99.12809,19.4569],[-99.12804,19.45699],[-99.12802,19.45705]]}},{"type":"Feature","properties":{"class":"separated"},"geometry":{"type":"LineString","coordinates":[[-99.12802,19.45705],[-99.12725,19.45901]]}},{"type":"Feature","properties":{"class":"separated"},"geometry":{"type":"LineString","coordinates":[[-99.19057,19.40611],[-99.19057,19.40613],[-99.19057,19.40615],[-99.19055,19.40616],[-99.19054,19.40617],[-99.19052,19.40618],[-99.1905,19.40618],[-99.19048,19.40617],[-99.19047,19.40616],[-99.19046,19.40614],[-99.19045,19.40612],[-99.19045,19.4061],[-99.19046,19.40609],[-99.19047,19.40607],[-99.19049,19.40607],[-99.19051,19.40606],[-99.19053,19.40607],[-99.19055,19.40608],[-99.19056,19.40609],[-99.19057,19.40611]]}},{"type":"Feature","properties":{"class":"separated"},"geometry":{"type":"LineString","coordinates":[[-99.19049,19.40607],[-99.19048,19.40601],[-99.19029,19.40603]]}},{"type":"Feature","properties":{"class":"separated"},"geometry":{"type":"LineString","coordinates":[[-99.1901,19.4061],[-99.19,19.40586],[-99.18985,19.40565],[-99.18958,19.40534],[-99.18947,19.4053],[-99.18935,19.40531],[-99.18918,19.40539],[-99.18908,19.40544],[-99.18885,19.40554],[-99.18878,19.40557]]}},{"type":"Feature","properties":{"class":"separated"},"geometry":{"type":"LineString","coordinates":[[-99.19029,19.40603],[-99.1902,19.40568],[-99.19021,19.40548],[-99.18991,19.40548],[-99.18973,19.40513],[-99.18969,19.40476],[-99.18963,19.40423]]}},{"type":"Feature","properties":{"class":"separated"},"geometry":{"type":"LineString","coordinates":[[-99.18962,19.40414],[-99.18963,19.40414],[-99.18965,19.40415],[-99.18966,19.40416],[-99.18967,19.40417],[-99.18967,19.40418],[-99.18967,19.4042],[-99.18967,19.40421],[-99.18966,19.40422],[-99.18964,19.40423],[-99.18963,19.40423],[-99.18961,19.40423],[-99.1896,19.40422],[-99.18959,19.40421],[-99.18958,19.4042],[-99.18958,19.40418],[-99.18958,19.40417],[-99.18959,19.40416],[-99.1896,19.40415],[-99.18962,19.40414]]}},{"type":"Feature","properties":{"class":"separated"},"geometry":{"type":"LineString","coordinates":[[-99.18962,19.40414],[-99.18961,19.40406],[-99.1896,19.40401]]}},{"type":"Feature","properties":{"class":"painted"},"geometry":{"type":"LineString","coordinates":[[-99.21836,19.46582],[-99.2188,19.46624],[-99.21895,19.46628]]}},{"type":"Feature","properties":{"class":"separated"},"geometry":{"type":"LineString","coordinates":[[-99.18433,19.40782],[-99.18433,19.40767],[-99.18434,19.4075],[-99.18438,19.40699],[-99.18435,19.40686]]}},{"type":"Feature","properties":{"class":"separated"},"geometry":{"type":"LineString","coordinates":[[-99.1845,19.37048],[-99.18512,19.37089],[-99.18544,19.3711],[-99.18616,19.37157]]}},{"type":"Feature","properties":{"class":"shared"},"geometry":{"type":"LineString","coordinates":[[-99.13881,19.41388],[-99.13723,19.41377]]}},{"type":"Feature","properties":{"class":"separated"},"geometry":{"type":"LineString","coordinates":[[-99.1988,19.48018],[-99.19869,19.48009],[-99.19848,19.48002],[-99.19816,19.47992],[-99.1979,19.47984],[-99.19764,19.47976],[-99.197,19.47955],[-99.1963,19.47933],[-99.19593,19.47921],[-99.19559,19.47911],[-99.19548,19.47908],[-99.19446,19.47877],[-99.19287,19.47829],[-99.19226,19.4781]]}},{"type":"Feature","properties":{"class":"separated"},"geometry":{"type":"LineString","coordinates":[[-99.19088,19.40675],[-99.19105,19.40672],[-99.19112,19.40663]]}},{"type":"Feature","properties":{"class":"separated"},"geometry":{"type":"LineString","coordinates":[[-99.19053,19.40631],[-99.19052,19.40618]]}},{"type":"Feature","properties":{"class":"separated"},"geometry":{"type":"LineString","coordinates":[[-99.1901,19.4061],[-99.19017,19.40626],[-99.19024,19.40639]]}},{"type":"Feature","properties":{"class":"separated"},"geometry":{"type":"LineString","coordinates":[[-99.1871,19.37411],[-99.1871,19.37419],[-99.1871,19.37433],[-99.1871,19.37445],[-99.18708,19.37463],[-99.18704,19.37483],[-99.18692,19.37521],[-99.1869,19.37526]]}},{"type":"Feature","properties":{"class":"separated"},"geometry":{"type":"LineString","coordinates":[[-99.18358,19.38394],[-99.18324,19.3848]]}},{"type":"Feature","properties":{"class":"separated"},"geometry":{"type":"LineString","coordinates":[[-99.1896,19.35933],[-99.18976,19.3578],[-99.18979,19.35748],[-99.18992,19.35624],[-99.18997,19.35587],[-99.18997,19.35584],[-99.19012,19.35466],[-99.19019,19.35409],[-99.19022,19.35391],[-99.19034,19.35279],[-99.19041,19.35223],[-99.19047,19.35168],[-99.19052,19.35123],[-99.19055,19.35094],[-99.19067,19.34991],[-99.19071,19.34947],[-99.19071,19.34927],[-99.19071,19.3492],[-99.1907,19.34899],[-99.19067,19.34879],[-99.19065,19.34869]]}},{"type":"Feature","properties":{"class":"separated"},"geometry":{"type":"LineString","coordinates":[[-99.18611,19.38906],[-99.18616,19.38861],[-99.18618,19.38842],[-99.18622,19.38811],[-99.18626,19.38777],[-99.18634,19.3871],[-99.18637,19.38685]]}},{"type":"Feature","properties":{"class":"shared"},"geometry":{"type":"LineString","coordinates":[[-99.1844,19.40636],[-99.18425,19.40631]]}},{"type":"Feature","properties":{"class":"separated"},"geometry":{"type":"LineString","coordinates":[[-99.18419,19.40831],[-99.18429,19.4081],[-99.1843,19.40806],[-99.18434,19.40793]]}},{"type":"Feature","properties":{"class":"separated"},"geometry":{"type":"LineString","coordinates":[[-99.18098,19.41092],[-99.18104,19.41106],[-99.18108,19.41118],[-99.18111,19.41128],[-99.18114,19.41138],[-99.18116,19.41146]]}},{"type":"Feature","properties":{"class":"separated"},"geometry":{"type":"LineString","coordinates":[[-99.18186,19.41128],[-99.18213,19.4114]]}},{"type":"Feature","properties":{"class":"separated"},"geometry":{"type":"LineString","coordinates":[[-99.16687,19.43561],[-99.16751,19.43571],[-99.16785,19.43577]]}},{"type":"Feature","properties":{"class":"separated"},"geometry":{"type":"LineString","coordinates":[[-99.16276,19.42435],[-99.16282,19.42431],[-99.16288,19.42429],[-99.16297,19.42428],[-99.16309,19.42427],[-99.16322,19.42424],[-99.1633,19.4242],[-99.16334,19.42418],[-99.16342,19.42412],[-99.1635,19.42404],[-99.16357,19.42395],[-99.16361,19.42385],[-99.16363,19.42378],[-99.16364,19.42366],[-99.16363,19.42355],[-99.16359,19.42342],[-99.16353,19.42333],[-99.16348,19.42326],[-99.16339,19.42318],[-99.16327,19.42309],[-99.16324,19.42305],[-99.16323,19.423]]}},{"type":"Feature","properties":{"class":"separated"},"geometry":{"type":"LineString","coordinates":[[-99.16311,19.42296],[-99.16306,19.42301],[-99.16302,19.42303],[-99.16295,19.42304],[-99.16281,19.42307],[-99.16269,19.42312],[-99.16258,19.42318],[-99.16248,19.42325],[-99.16242,19.42332],[-99.16237,19.42342],[-99.16235,19.42353],[-99.16233,19.42365],[-99.16234,19.42374],[-99.16235,19.42382],[-99.16238,19.42391],[-99.16243,19.42399],[-99.16247,19.42404],[-99.16251,19.4241],[-99.16257,19.42416],[-99.1626,19.42422],[-99.16261,19.42429]]}},{"type":"Feature","properties":{"class":"separated"},"geometry":{"type":"LineString","coordinates":[[-99.16559,19.42289],[-99.16549,19.42291],[-99.16522,19.42296],[-99.16469,19.42308],[-99.16455,19.42311],[-99.16406,19.42322],[-99.1638,19.42327],[-99.16361,19.42331]]}},{"type":"Feature","properties":{"class":"separated"},"geometry":{"type":"LineString","coordinates":[[-99.16672,19.4253],[-99.16702,19.42588],[-99.16705,19.42594]]}},{"type":"Feature","properties":{"class":"painted"},"geometry":{"type":"LineString","coordinates":[[-99.1657,19.42322],[-99.16569,19.42329],[-99.16575,19.42344],[-99.16576,19.42347],[-99.16579,19.42353]]}},{"type":"Feature","properties":{"class":"separated"},"geometry":{"type":"LineString","coordinates":[[-99.16447,19.41878],[-99.1645,19.41888],[-99.16452,19.41893],[-99.16454,19.41901],[-99.16472,19.41967],[-99.16484,19.42014],[-99.16499,19.42068],[-99.16512,19.42117],[-99.16514,19.42123]]}},{"type":"Feature","properties":{"class":"painted"},"geometry":{"type":"LineString","coordinates":[[-99.16562,19.42298],[-99.16566,19.42312]]}},{"type":"Feature","properties":{"class":"painted"},"geometry":{"type":"LineString","coordinates":[[-99.16566,19.42312],[-99.1657,19.42322]]}},{"type":"Feature","properties":{"class":"painted"},"geometry":{"type":"LineString","coordinates":[[-99.16559,19.42289],[-99.16562,19.42298]]}},{"type":"Feature","properties":{"class":"separated"},"geometry":{"type":"LineString","coordinates":[[-99.16869,19.42253],[-99.16879,19.42251],[-99.16995,19.42226],[-99.17,19.42225],[-99.17004,19.42224],[-99.17025,19.4222]]}},{"type":"Feature","properties":{"class":"shared"},"geometry":{"type":"LineString","coordinates":[[-99.13394,19.4493],[-99.13419,19.44901],[-99.13426,19.44893],[-99.13435,19.44885],[-99.13442,19.44878]]}},{"type":"Feature","properties":{"class":"shared"},"geometry":{"type":"LineString","coordinates":[[-99.14,19.43973],[-99.13993,19.4402],[-99.13991,19.44034]]}},{"type":"Feature","properties":{"class":"separated"},"geometry":{"type":"LineString","coordinates":[[-99.17131,19.44846],[-99.17124,19.44837]]}},{"type":"Feature","properties":{"class":"separated"},"geometry":{"type":"LineString","coordinates":[[-99.17341,19.45141],[-99.17329,19.45132],[-99.17319,19.45123],[-99.17312,19.45115],[-99.17305,19.45107]]}},{"type":"Feature","properties":{"class":"painted"},"geometry":{"type":"LineString","coordinates":[[-99.17116,19.44841],[-99.17123,19.44851]]}},{"type":"Feature","properties":{"class":"separated"},"geometry":{"type":"LineString","coordinates":[[-99.17149,19.44889],[-99.17178,19.44929],[-99.17188,19.44944],[-99.17297,19.45112]]}},{"type":"Feature","properties":{"class":"separated"},"geometry":{"type":"LineString","coordinates":[[-99.17998,19.4562],[-99.1804,19.45641]]}},{"type":"Feature","properties":{"class":"separated"},"geometry":{"type":"LineString","coordinates":[[-99.17334,19.45151],[-99.1745,19.45227],[-99.17468,19.4524],[-99.1747,19.45242],[-99.17491,19.45255],[-99.17506,19.45266],[-99.17527,19.4528],[-99.17556,19.453],[-99.1761,19.45337],[-99.17672,19.45379],[-99.17675,19.45381],[-99.17746,19.4543],[-99.17752,19.45435],[-99.17759,19.45441],[-99.17793,19.45471],[-99.17851,19.45527],[-99.17855,19.4553],[-99.17886,19.45559],[-99.17896,19.45567],[-99.17925,19.45583],[-99.1794,19.45591],[-99.1797,19.45606],[-99.17998,19.4562]]}},{"type":"Feature","properties":{"class":"separated"},"geometry":{"type":"LineString","coordinates":[[-99.1593,19.44138],[-99.15946,19.44145],[-99.15952,19.44148]]}},{"type":"Feature","properties":{"class":"separated"},"geometry":{"type":"LineString","coordinates":[[-99.15572,19.43989],[-99.15576,19.4399],[-99.15583,19.43993],[-99.15655,19.44022],[-99.15685,19.44034],[-99.15769,19.4407],[-99.15782,19.44076],[-99.15841,19.44101],[-99.1585,19.44105]]}},{"type":"Feature","properties":{"class":"separated"},"geometry":{"type":"LineString","coordinates":[[-99.16076,19.44186],[-99.16061,19.44179],[-99.16052,19.44176]]}},{"type":"Feature","properties":{"class":"separated"},"geometry":{"type":"LineString","coordinates":[[-99.16261,19.44254],[-99.16253,19.44252],[-99.16239,19.44248],[-99.16226,19.44245],[-99.1621,19.44239],[-99.16168,19.44223],[-99.16152,19.44217],[-99.16143,19.44213],[-99.16076,19.44186]]}},{"type":"Feature","properties":{"class":"shared"},"geometry":{"type":"LineString","coordinates":[[-99.20835,19.43252],[-99.20831,19.43257],[-99.20828,19.4326],[-99.20823,19.43264],[-99.20818,19.43267],[-99.20812,19.43269],[-99.20806,19.43271],[-99.208,19.43272],[-99.20794,19.43273],[-99.20788,19.43273],[-99.20782,19.43272]]}},{"type":"Feature","properties":{"class":"separated"},"geometry":{"type":"LineString","coordinates":[[-99.18051,19.4565],[-99.18095,19.45686],[-99.18106,19.45695],[-99.18147,19.45728],[-99.18183,19.45757],[-99.18223,19.45788],[-99.18251,19.45804],[-99.18282,19.45816],[-99.18294,19.45819],[-99.18398,19.45842],[-99.18408,19.45844],[-99.18461,19.45856],[-99.18516,19.45868],[-99.18576,19.4588],[-99.18635,19.45894],[-99.18665,19.45904],[-99.1869,19.45913],[-99.18708,19.45921],[-99.18722,19.45924],[-99.18745,19.45929],[-99.18819,19.45945],[-99.18863,19.45956],[-99.18907,19.45972],[-99.18979,19.45998]]}},{"type":"Feature","properties":{"class":"painted"},"geometry":{"type":"LineString","coordinates":[[-99.18196,19.44346],[-99.18089,19.44331]]}},{"type":"Feature","properties":{"class":"separated"},"geometry":{"type":"LineString","coordinates":[[-99.20102,19.43443],[-99.20145,19.43451]]}},{"type":"Feature","properties":{"class":"separated"},"geometry":{"type":"LineString","coordinates":[[-99.19972,19.43427],[-99.19976,19.43427],[-99.20048,19.43433],[-99.20102,19.43443]]}},{"type":"Feature","properties":{"class":"separated"},"geometry":{"type":"LineString","coordinates":[[-99.19933,19.43425],[-99.1997,19.43427],[-99.19972,19.43427]]}},{"type":"Feature","properties":{"class":"separated"},"geometry":{"type":"LineString","coordinates":[[-99.19752,19.43412],[-99.19821,19.43417],[-99.19899,19.43422],[-99.19933,19.43425]]}},{"type":"Feature","properties":{"class":"painted"},"geometry":{"type":"LineString","coordinates":[[-99.18751,19.43787],[-99.18805,19.4379],[-99.18812,19.4379]]}},{"type":"Feature","properties":{"class":"painted"},"geometry":{"type":"LineString","coordinates":[[-99.13898,19.4436],[-99.13885,19.44383],[-99.13877,19.44396]]}},{"type":"Feature","properties":{"class":"separated"},"geometry":{"type":"LineString","coordinates":[[-99.16371,19.44278],[-99.16331,19.44269],[-99.16308,19.44264],[-99.16268,19.44255],[-99.16261,19.44254]]}},{"type":"Feature","properties":{"class":"shared"},"geometry":{"type":"LineString","coordinates":[[-99.17431,19.42143],[-99.17441,19.42156],[-99.17447,19.42165],[-99.17452,19.42172]]}},{"type":"Feature","properties":{"class":"separated"},"geometry":{"type":"LineString","coordinates":[[-99.17073,19.42341],[-99.1707,19.42334],[-99.17056,19.42308],[-99.17046,19.42288]]}},{"type":"Feature","properties":{"class":"separated"},"geometry":{"type":"LineString","coordinates":[[-99.14927,19.43716],[-99.14956,19.43624]]}},{"type":"Feature","properties":{"class":"separated"},"geometry":{"type":"LineString","coordinates":[[-99.159,19.43205],[-99.15893,19.43221],[-99.15891,19.43225],[-99.1589,19.43227],[-99.15881,19.43246]]}},{"type":"Feature","properties":{"class":"separated"},"geometry":{"type":"LineString","coordinates":[[-99.15881,19.43246],[-99.15875,19.43257],[-99.15856,19.43302],[-99.15816,19.43392]]}},{"type":"Feature","properties":{"class":"shared"},"geometry":{"type":"LineString","coordinates":[[-99.16472,19.39701],[-99.16326,19.39667]]}},{"type":"Feature","properties":{"class":"separated"},"geometry":{"type":"LineString","coordinates":[[-99.1366,19.40208],[-99.13658,19.40219],[-99.13653,19.40251]]}},{"type":"Feature","properties":{"class":"separated"},"geometry":{"type":"LineString","coordinates":[[-99.15933,19.43174],[-99.15937,19.43167],[-99.15949,19.43145],[-99.15951,19.43141],[-99.15954,19.43133],[-99.15957,19.43126],[-99.15959,19.43123]]}},{"type":"Feature","properties":{"class":"separated"},"geometry":{"type":"LineString","coordinates":[[-99.15813,19.4344],[-99.15817,19.43431],[-99.15819,19.43427],[-99.15884,19.43282]]}},{"type":"Feature","properties":{"class":"shared"},"geometry":{"type":"LineString","coordinates":[[-99.16399,19.41994],[-99.16387,19.42034]]}},{"type":"Feature","properties":{"class":"shared"},"geometry":{"type":"LineString","coordinates":[[-99.16387,19.42034],[-99.16358,19.42132],[-99.16346,19.42176]]}},{"type":"Feature","properties":{"class":"shared"},"geometry":{"type":"LineString","coordinates":[[-99.1639,19.42069],[-99.16397,19.42045],[-99.16401,19.42031]]}},{"type":"Feature","properties":{"class":"shared"},"geometry":{"type":"LineString","coordinates":[[-99.14108,19.43281],[-99.14094,19.43368]]}},{"type":"Feature","properties":{"class":"separated"},"geometry":{"type":"LineString","coordinates":[[-99.17023,19.42187],[-99.17022,19.4218],[-99.1702,19.42171]]}},{"type":"Feature","properties":{"class":"separated"},"geometry":{"type":"LineString","coordinates":[[-99.17027,19.42252],[-99.17026,19.42237],[-99.17026,19.42233],[-99.17025,19.42227],[-99.17025,19.4222]]}},{"type":"Feature","properties":{"class":"painted"},"geometry":{"type":"LineString","coordinates":[[-99.19233,19.44486],[-99.19187,19.44479]]}},{"type":"Feature","properties":{"class":"shared"},"geometry":{"type":"LineString","coordinates":[[-99.1497,19.38615],[-99.14965,19.38614],[-99.14888,19.38603],[-99.14852,19.38599],[-99.14826,19.38596],[-99.14809,19.38594],[-99.14756,19.38588],[-99.14724,19.38585]]}},{"type":"Feature","properties":{"class":"separated"},"geometry":{"type":"LineString","coordinates":[[-99.14981,19.43796],[-99.14934,19.43786],[-99.14929,19.43785],[-99.14926,19.43784],[-99.14914,19.43782]]}},{"type":"Feature","properties":{"class":"painted"},"geometry":{"type":"LineString","coordinates":[[-99.18343,19.44366],[-99.1831,19.44361]]}},{"type":"Feature","properties":{"class":"painted"},"geometry":{"type":"LineString","coordinates":[[-99.18294,19.44359],[-99.1821,19.44348],[-99.18196,19.44346]]}},{"type":"Feature","properties":{"class":"shared"},"geometry":{"type":"LineString","coordinates":[[-99.17447,19.42165],[-99.17435,19.42171],[-99.17388,19.42193],[-99.17385,19.42195]]}},{"type":"Feature","properties":{"class":"separated"},"geometry":{"type":"LineString","coordinates":[[-99.19668,19.41062],[-99.19623,19.41088],[-99.19547,19.41127],[-99.19541,19.4113],[-99.19535,19.41134],[-99.1953,19.41138],[-99.19525,19.41144],[-99.19522,19.41148],[-99.1952,19.41154],[-99.19518,19.41161],[-99.19518,19.41166],[-99.19518,19.4117],[-99.19518,19.41175]]}},{"type":"Feature","properties":{"class":"separated"},"geometry":{"type":"LineString","coordinates":[[-99.17297,19.45112],[-99.1732,19.45139],[-99.17329,19.45146],[-99.17334,19.45151]]}},{"type":"Feature","properties":{"class":"separated"},"geometry":{"type":"LineString","coordinates":[[-99.17305,19.45107],[-99.17259,19.45038],[-99.17185,19.44925],[-99.1718,19.44916]]}},{"type":"Feature","properties":{"class":"separated"},"geometry":{"type":"LineString","coordinates":[[-99.15957,19.44137],[-99.15951,19.44134],[-99.15869,19.44099],[-99.15859,19.44095]]}},{"type":"Feature","properties":{"class":"separated"},"geometry":{"type":"LineString","coordinates":[[-99.1585,19.44105],[-99.15863,19.44111],[-99.1593,19.44138]]}},{"type":"Feature","properties":{"class":"separated"},"geometry":{"type":"LineString","coordinates":[[-99.16052,19.44176],[-99.16045,19.44173],[-99.15964,19.4414],[-99.15957,19.44137]]}},{"type":"Feature","properties":{"class":"painted"},"geometry":{"type":"LineString","coordinates":[[-99.15329,19.43875],[-99.15323,19.4389]]}},{"type":"Feature","properties":{"class":"separated"},"geometry":{"type":"LineString","coordinates":[[-99.15329,19.43875],[-99.15322,19.43874],[-99.15232,19.43853],[-99.15221,19.43851]]}},{"type":"Feature","properties":{"class":"separated"},"geometry":{"type":"LineString","coordinates":[[-99.1505,19.43812],[-99.15044,19.4381],[-99.14981,19.43796]]}},{"type":"Feature","properties":{"class":"shared"},"geometry":{"type":"LineString","coordinates":[[-99.15376,19.43794],[-99.15378,19.43788],[-99.15394,19.43748],[-99.15394,19.43746],[-99.15397,19.43739]]}},{"type":"Feature","properties":{"class":"shared"},"geometry":{"type":"LineString","coordinates":[[-99.15343,19.43881],[-99.15344,19.43876],[-99.15346,19.43871],[-99.15372,19.43803],[-99.15374,19.438],[-99.15376,19.43794]]}},{"type":"Feature","properties":{"class":"shared"},"geometry":{"type":"LineString","coordinates":[[-99.15383,19.43736],[-99.1538,19.43743],[-99.15364,19.43784],[-99.15363,19.43786],[-99.15361,19.43792]]}},{"type":"Feature","properties":{"class":"shared"},"geometry":{"type":"LineString","coordinates":[[-99.15361,19.43792],[-99.15358,19.43799],[-99.15334,19.43863],[-99.15333,19.43866],[-99.15331,19.43871],[-99.15329,19.43875]]}},{"type":"Feature","properties":{"class":"separated"},"geometry":{"type":"LineString","coordinates":[[-99.18998,19.47946],[-99.19007,19.47961]]}},{"type":"Feature","properties":{"class":"shared"},"geometry":{"type":"LineString","coordinates":[[-99.15881,19.43246],[-99.15874,19.43249],[-99.15869,19.43251],[-99.15825,19.43272],[-99.1582,19.43274],[-99.15753,19.43306],[-99.15733,19.43315]]}},{"type":"Feature","properties":{"class":"separated"},"geometry":{"type":"LineString","coordinates":[[-99.18852,19.47897],[-99.18883,19.47907]]}},{"type":"Feature","properties":{"class":"shared"},"geometry":{"type":"LineString","coordinates":[[-99.19054,19.42546],[-99.19034,19.42543]]}},{"type":"Feature","properties":{"class":"separated"},"geometry":{"type":"LineString","coordinates":[[-99.15959,19.43123],[-99.15966,19.4312],[-99.15976,19.43116],[-99.16039,19.43086],[-99.16091,19.43061],[-99.16101,19.43056],[-99.16108,19.43053]]}},{"type":"Feature","properties":{"class":"separated"},"geometry":{"type":"LineString","coordinates":[[-99.15936,19.43129],[-99.15959,19.43123]]}},{"type":"Feature","properties":{"class":"separated"},"geometry":{"type":"LineString","coordinates":[[-99.19034,19.33968],[-99.19031,19.33982],[-99.18982,19.34112]]}},{"type":"Feature","properties":{"class":"shared"},"geometry":{"type":"LineString","coordinates":[[-99.19021,19.33805],[-99.19027,19.33851],[-99.19027,19.33852]]}},{"type":"Feature","properties":{"class":"shared"},"geometry":{"type":"LineString","coordinates":[[-99.19047,19.33872],[-99.19044,19.33861],[-99.1904,19.33842]]}},{"type":"Feature","properties":{"class":"separated"},"geometry":{"type":"LineString","coordinates":[[-99.1905,19.33967],[-99.19051,19.33963],[-99.19053,19.33952],[-99.19053,19.33942]]}},{"type":"Feature","properties":{"class":"shared"},"geometry":{"type":"LineString","coordinates":[[-99.20644,19.43262],[-99.20656,19.43264],[-99.20685,19.43269]]}},{"type":"Feature","properties":{"class":"shared"},"geometry":{"type":"LineString","coordinates":[[-99.20685,19.43269],[-99.20755,19.43283],[-99.2078,19.43287],[-99.20804,19.43286],[-99.20823,19.43282]]}},{"type":"Feature","properties":{"class":"shared"},"geometry":{"type":"LineString","coordinates":[[-99.2006,19.43207],[-99.20071,19.43208],[-99.20124,19.43213],[-99.2017,19.43217],[-99.20183,19.43218],[-99.20197,19.4322]]}},{"type":"Feature","properties":{"class":"shared"},"geometry":{"type":"LineString","coordinates":[[-99.20198,19.43211],[-99.20179,19.43209],[-99.20171,19.43209],[-99.20161,19.43208],[-99.20128,19.43205],[-99.20109,19.43203],[-99.20076,19.432],[-99.20072,19.432],[-99.20061,19.43199]]}},{"type":"Feature","properties":{"class":"painted"},"geometry":{"type":"LineString","coordinates":[[-99.18701,19.47842],[-99.18698,19.47854]]}},{"type":"Feature","properties":{"class":"shared"},"geometry":{"type":"LineString","coordinates":[[-99.16159,19.4266],[-99.16155,19.42668],[-99.16147,19.42685],[-99.16145,19.4269],[-99.16141,19.42698]]}},{"type":"Feature","properties":{"class":"shared"},"geometry":{"type":"LineString","coordinates":[[-99.1615,19.42714],[-99.16153,19.42705],[-99.16166,19.42674],[-99.16168,19.42668],[-99.16171,19.42661],[-99.16175,19.42652]]}},{"type":"Feature","properties":{"class":"painted"},"geometry":{"type":"LineString","coordinates":[[-99.1545,19.43265],[-99.15444,19.43269],[-99.15439,19.43272],[-99.15433,19.43278],[-99.15429,19.43284],[-99.15426,19.43291],[-99.15423,19.43301],[-99.15422,19.43305],[-99.15421,19.43308],[-99.15415,19.43316]]}},{"type":"Feature","properties":{"class":"separated"},"geometry":{"type":"LineString","coordinates":[[-99.15959,19.43123],[-99.1597,19.431],[-99.15982,19.43077]]}},{"type":"Feature","properties":{"class":"separated"},"geometry":{"type":"LineString","coordinates":[[-99.18045,19.45634],[-99.1803,19.45624]]}},{"type":"Feature","properties":{"class":"separated"},"geometry":{"type":"LineString","coordinates":[[-99.1803,19.45624],[-99.18001,19.45609],[-99.17947,19.45583],[-99.17911,19.45564],[-99.17902,19.45557],[-99.17893,19.4555],[-99.17872,19.4553],[-99.1787,19.45528],[-99.1786,19.45519],[-99.17844,19.45505],[-99.17842,19.45502],[-99.17838,19.45499],[-99.17818,19.45481],[-99.17778,19.45443],[-99.17766,19.45433],[-99.17759,19.45427],[-99.17678,19.45371],[-99.17624,19.45334],[-99.17564,19.45292],[-99.17498,19.45246],[-99.17486,19.45237],[-99.17481,19.45234],[-99.17477,19.45231],[-99.1746,19.4522],[-99.17448,19.45212],[-99.17341,19.45141]]}},{"type":"Feature","properties":{"class":"separated"},"geometry":{"type":"LineString","coordinates":[[-99.17582,19.42319],[-99.17583,19.42321],[-99.17586,19.42327],[-99.17589,19.42331]]}},{"type":"Feature","properties":{"class":"shared"},"geometry":{"type":"LineString","coordinates":[[-99.19038,19.33916],[-99.19039,19.33927],[-99.19039,19.33936],[-99.19038,19.33944]]}},{"type":"Feature","properties":{"class":"separated"},"geometry":{"type":"LineString","coordinates":[[-99.1874,19.34803],[-99.18753,19.34763]]}},{"type":"Feature","properties":{"class":"separated"},"geometry":{"type":"LineString","coordinates":[[-99.18645,19.35041],[-99.18641,19.35051]]}},{"type":"Feature","properties":{"class":"separated"},"geometry":{"type":"LineString","coordinates":[[-99.19157,19.33983],[-99.19148,19.3401]]}},{"type":"Feature","properties":{"class":"separated"},"geometry":{"type":"LineString","coordinates":[[-99.19206,19.3387],[-99.19173,19.33946],[-99.19157,19.33983]]}},{"type":"Feature","properties":{"class":"separated"},"geometry":{"type":"LineString","coordinates":[[-99.1916,19.3401],[-99.19169,19.33984]]}},{"type":"Feature","properties":{"class":"separated"},"geometry":{"type":"LineString","coordinates":[[-99.19169,19.33984],[-99.19198,19.33917],[-99.19209,19.33891]]}},{"type":"Feature","properties":{"class":"separated"},"geometry":{"type":"LineString","coordinates":[[-99.19209,19.33891],[-99.19216,19.33875],[-99.1922,19.33865]]}},{"type":"Feature","properties":{"class":"shared"},"geometry":{"type":"LineString","coordinates":[[-99.17218,19.4186],[-99.1716,19.41784],[-99.17131,19.41747],[-99.17123,19.41736]]}},{"type":"Feature","properties":{"class":"separated"},"geometry":{"type":"LineString","coordinates":[[-99.17335,19.42029],[-99.17342,19.42038],[-99.17382,19.42091],[-99.17385,19.42094],[-99.17387,19.42097],[-99.17393,19.42105]]}},{"type":"Feature","properties":{"class":"separated"},"geometry":{"type":"LineString","coordinates":[[-99.18465,19.40331],[-99.1847,19.40268],[-99.18473,19.40223],[-99.18475,19.40186]]}},{"type":"Feature","properties":{"class":"separated"},"geometry":{"type":"LineString","coordinates":[[-99.18701,19.38112],[-99.18703,19.38101],[-99.18703,19.38098],[-99.18703,19.38094],[-99.18704,19.38089],[-99.18705,19.38085],[-99.18705,19.3808],[-99.18706,19.38076],[-99.18706,19.38071],[-99.18711,19.38035],[-99.18712,19.38026],[-99.18714,19.38011],[-99.18715,19.38],[-99.18721,19.37951],[-99.18722,19.37939]]}},{"type":"Feature","properties":{"class":"separated"},"geometry":{"type":"LineString","coordinates":[[-99.18767,19.37645],[-99.18768,19.37639],[-99.18771,19.37614],[-99.18773,19.37597]]}},{"type":"Feature","properties":{"class":"separated"},"geometry":{"type":"LineString","coordinates":[[-99.19088,19.38967],[-99.1909,19.38951]]}},{"type":"Feature","properties":{"class":"separated"},"geometry":{"type":"LineString","coordinates":[[-99.19154,19.38589],[-99.19165,19.38538]]}},{"type":"Feature","properties":{"class":"painted"},"geometry":{"type":"LineString","coordinates":[[-99.15061,19.40193],[-99.15048,19.40193]]}},{"type":"Feature","properties":{"class":"shared"},"geometry":{"type":"LineString","coordinates":[[-99.15194,19.40187],[-99.1511,19.40191],[-99.15061,19.40193]]}},{"type":"Feature","properties":{"class":"separated"},"geometry":{"type":"LineString","coordinates":[[-99.18125,19.41196],[-99.18127,19.41206],[-99.18128,19.4122],[-99.18129,19.41233],[-99.18129,19.41242],[-99.1813,19.41248],[-99.1813,19.41256],[-99.1813,19.41272]]}},{"type":"Feature","properties":{"class":"separated"},"geometry":{"type":"LineString","coordinates":[[-99.18498,19.40938],[-99.1843,19.4094]]}},{"type":"Feature","properties":{"class":"separated"},"geometry":{"type":"LineString","coordinates":[[-99.18098,19.41092],[-99.1818,19.41126],[-99.18186,19.41128]]}},{"type":"Feature","properties":{"class":"separated"},"geometry":{"type":"LineString","coordinates":[[-99.18876,19.3667],[-99.18879,19.36644]]}},{"type":"Feature","properties":{"class":"separated"},"geometry":{"type":"LineString","coordinates":[[-99.18812,19.37252],[-99.18823,19.37186],[-99.18831,19.37108],[-99.18834,19.37085],[-99.18839,19.37032],[-99.1884,19.37019],[-99.18843,19.36982],[-99.18844,19.36972],[-99.1885,19.36918],[-99.18854,19.36871],[-99.18855,19.36863],[-99.18856,19.36851],[-99.18866,19.36766],[-99.18872,19.36705],[-99.18876,19.3667]]}},{"type":"Feature","properties":{"class":"separated"},"geometry":{"type":"LineString","coordinates":[[-99.18864,19.36643],[-99.18862,19.36655],[-99.18861,19.36669]]}},{"type":"Feature","properties":{"class":"separated"},"geometry":{"type":"LineString","coordinates":[[-99.18903,19.36306],[-99.18891,19.36414],[-99.18885,19.36461],[-99.18872,19.36567],[-99.18864,19.36643]]}},{"type":"Feature","properties":{"class":"separated"},"geometry":{"type":"LineString","coordinates":[[-99.18834,19.36894],[-99.18823,19.36978],[-99.18819,19.37031],[-99.18814,19.37083],[-99.18802,19.37185]]}},{"type":"Feature","properties":{"class":"separated"},"geometry":{"type":"LineString","coordinates":[[-99.18386,19.35843],[-99.18369,19.35895]]}},{"type":"Feature","properties":{"class":"separated"},"geometry":{"type":"LineString","coordinates":[[-99.18465,19.35599],[-99.18386,19.35843]]}},{"type":"Feature","properties":{"class":"separated"},"geometry":{"type":"LineString","coordinates":[[-99.18397,19.40861],[-99.18408,19.40851],[-99.18419,19.40831]]}},{"type":"Feature","properties":{"class":"separated"},"geometry":{"type":"LineString","coordinates":[[-99.18355,19.40941],[-99.18394,19.40868],[-99.18397,19.40861]]}},{"type":"Feature","properties":{"class":"painted"},"geometry":{"type":"LineString","coordinates":[[-99.17582,19.39339],[-99.1762,19.39348]]}},{"type":"Feature","properties":{"class":"painted"},"geometry":{"type":"LineString","coordinates":[[-99.1762,19.39348],[-99.17648,19.39354],[-99.17687,19.39363],[-99.17766,19.39384],[-99.17819,19.39395],[-99.17927,19.39425],[-99.17985,19.3944],[-99.18004,19.39445]]}},{"type":"Feature","properties":{"class":"separated"},"geometry":{"type":"LineString","coordinates":[[-99.18499,19.35497],[-99.18476,19.35566]]}},{"type":"Feature","properties":{"class":"shared"},"geometry":{"type":"LineString","coordinates":[[-99.18062,19.37411],[-99.18096,19.37419],[-99.1812,19.37425],[-99.18187,19.37441]]}},{"type":"Feature","properties":{"class":"shared"},"geometry":{"type":"LineString","coordinates":[[-99.18677,19.37571],[-99.18687,19.37574],[-99.18694,19.37575],[-99.18742,19.37589],[-99.18745,19.3759]]}},{"type":"Feature","properties":{"class":"separated"},"geometry":{"type":"LineString","coordinates":[[-99.1834,19.40986],[-99.18359,19.40951]]}},{"type":"Feature","properties":{"class":"separated"},"geometry":{"type":"LineString","coordinates":[[-99.18677,19.37571],[-99.18674,19.37579],[-99.18667,19.37601],[-99.18664,19.37611],[-99.18662,19.37617]]}},{"type":"Feature","properties":{"class":"separated"},"geometry":{"type":"LineString","coordinates":[[-99.178,19.40567],[-99.17808,19.40592]]}},{"type":"Feature","properties":{"class":"separated"},"geometry":{"type":"LineString","coordinates":[[-99.17907,19.40266],[-99.17858,19.404]]}},{"type":"Feature","properties":{"class":"separated"},"geometry":{"type":"LineString","coordinates":[[-99.17839,19.40579],[-99.178,19.40567]]}},{"type":"Feature","properties":{"class":"separated"},"geometry":{"type":"LineString","coordinates":[[-99.178,19.40567],[-99.17791,19.40563],[-99.17787,19.40562],[-99.17715,19.40539],[-99.17623,19.40509]]}},{"type":"Feature","properties":{"class":"separated"},"geometry":{"type":"LineString","coordinates":[[-99.1861,19.35148],[-99.18593,19.352]]}},{"type":"Feature","properties":{"class":"painted"},"geometry":{"type":"LineString","coordinates":[[-99.17552,19.39332],[-99.17582,19.39339]]}},{"type":"Feature","properties":{"class":"shared"},"geometry":{"type":"LineString","coordinates":[[-99.17486,19.40322],[-99.17398,19.40294],[-99.17305,19.40263],[-99.17214,19.40233]]}},{"type":"Feature","properties":{"class":"shared"},"geometry":{"type":"LineString","coordinates":[[-99.17214,19.40233],[-99.17169,19.40219],[-99.17125,19.40205],[-99.17085,19.40192]]}},{"type":"Feature","properties":{"class":"shared"},"geometry":{"type":"LineString","coordinates":[[-99.16458,19.41793],[-99.16448,19.41829],[-99.16441,19.41855]]}},{"type":"Feature","properties":{"class":"separated"},"geometry":{"type":"LineString","coordinates":[[-99.18006,19.37015],[-99.18003,19.37024],[-99.17985,19.37079],[-99.17984,19.37083],[-99.1797,19.37124]]}},{"type":"Feature","properties":{"class":"painted"},"geometry":{"type":"LineString","coordinates":[[-99.18087,19.36816],[-99.18094,19.36815],[-99.18099,19.36815],[-99.18104,19.36816]]}},{"type":"Feature","properties":{"class":"painted"},"geometry":{"type":"LineString","coordinates":[[-99.18071,19.36811],[-99.18074,19.36813],[-99.18077,19.36814],[-99.1808,19.36815],[-99.18083,19.36816],[-99.18087,19.36816]]}},{"type":"Feature","properties":{"class":"shared"},"geometry":{"type":"LineString","coordinates":[[-99.12637,19.461],[-99.12627,19.46126]]}},{"type":"Feature","properties":{"class":"separated"},"geometry":{"type":"LineString","coordinates":[[-99.12654,19.46105],[-99.12644,19.46132]]}},{"type":"Feature","properties":{"class":"separated"},"geometry":{"type":"LineString","coordinates":[[-99.18435,19.40686],[-99.18439,19.4065],[-99.1844,19.40636]]}},{"type":"Feature","properties":{"class":"shared"},"geometry":{"type":"LineString","coordinates":[[-99.18422,19.40776],[-99.18406,19.40768]]}},{"type":"Feature","properties":{"class":"shared"},"geometry":{"type":"LineString","coordinates":[[-99.13701,19.46744],[-99.13638,19.46816],[-99.13628,19.46828],[-99.1362,19.4684],[-99.13614,19.46849],[-99.1361,19.46856]]}},{"type":"Feature","properties":{"class":"shared"},"geometry":{"type":"LineString","coordinates":[[-99.1361,19.46856],[-99.13607,19.46865],[-99.13604,19.46873],[-99.13602,19.46883],[-99.136,19.46892],[-99.136,19.46901],[-99.136,19.4691],[-99.13601,19.4692],[-99.13603,19.46929],[-99.13606,19.46937],[-99.13609,19.46946],[-99.13613,19.46954],[-99.13617,19.46963]]}},{"type":"Feature","properties":{"class":"shared"},"geometry":{"type":"LineString","coordinates":[[-99.13676,19.47049],[-99.13685,19.47063],[-99.1369,19.47071],[-99.13695,19.47079],[-99.137,19.47087],[-99.13703,19.47096],[-99.13714,19.47124],[-99.1372,19.47139],[-99.13726,19.47147],[-99.13731,19.47156],[-99.13739,19.47167],[-99.13745,19.47177],[-99.13753,19.47189],[-99.13757,19.47196]]}},{"type":"Feature","properties":{"class":"shared"},"geometry":{"type":"LineString","coordinates":[[-99.13621,19.46859],[-99.13624,19.46852],[-99.13628,19.46846],[-99.13666,19.46799],[-99.13718,19.46739],[-99.13727,19.46726],[-99.1373,19.46721],[-99.13735,19.46711],[-99.1374,19.46699],[-99.13744,19.46688],[-99.13748,19.46678],[-99.1375,19.46669],[-99.13751,19.46662],[-99.13745,19.46654],[-99.13741,19.46649]]}},{"type":"Feature","properties":{"class":"shared"},"geometry":{"type":"LineString","coordinates":[[-99.13726,19.47049],[-99.13714,19.4703],[-99.13668,19.46963],[-99.13646,19.46931]]}},{"type":"Feature","properties":{"class":"shared"},"geometry":{"type":"LineString","coordinates":[[-99.13845,19.4726],[-99.13831,19.47239],[-99.13811,19.47211],[-99.13805,19.47202],[-99.138,19.47194],[-99.13795,19.47186],[-99.13791,19.47178],[-99.13787,19.47169],[-99.1378,19.4715]]}},{"type":"Feature","properties":{"class":"painted"},"geometry":{"type":"LineString","coordinates":[[-99.17531,19.40479],[-99.17528,19.40487],[-99.17523,19.40502],[-99.17498,19.40576]]}},{"type":"Feature","properties":{"class":"separated"},"geometry":{"type":"LineString","coordinates":[[-99.17623,19.40509],[-99.17531,19.40479]]}},{"type":"Feature","properties":{"class":"separated"},"geometry":{"type":"LineString","coordinates":[[-99.18487,19.40047],[-99.1849,19.40008]]}},{"type":"Feature","properties":{"class":"painted"},"geometry":{"type":"LineString","coordinates":[[-99.19263,19.42096],[-99.1926,19.4212],[-99.19232,19.42282]]}},{"type":"Feature","properties":{"class":"separated"},"geometry":{"type":"LineString","coordinates":[[-99.14351,19.41832],[-99.14332,19.41842],[-99.14258,19.41878]]}},{"type":"Feature","properties":{"class":"shared"},"geometry":{"type":"LineString","coordinates":[[-99.12904,19.45784],[-99.12922,19.45739]]}},{"type":"Feature","properties":{"class":"shared"},"geometry":{"type":"LineString","coordinates":[[-99.12922,19.45739],[-99.12942,19.4569],[-99.1296,19.45646],[-99.12979,19.45602],[-99.12997,19.45558],[-99.13015,19.45515],[-99.13048,19.45435],[-99.13063,19.45402],[-99.13065,19.45397]]}},{"type":"Feature","properties":{"class":"painted"},"geometry":{"type":"LineString","coordinates":[[-99.15798,19.37396],[-99.15874,19.37403],[-99.15955,19.37412],[-99.16033,19.37421]]}},{"type":"Feature","properties":{"class":"separated"},"geometry":{"type":"LineString","coordinates":[[-99.1604,19.38302],[-99.16037,19.3829],[-99.16031,19.38269],[-99.16009,19.38189],[-99.16008,19.38183],[-99.16004,19.38173],[-99.15995,19.38145]]}},{"type":"Feature","properties":{"class":"separated"},"geometry":{"type":"LineString","coordinates":[[-99.16035,19.38325],[-99.16036,19.38331],[-99.16039,19.3834]]}},{"type":"Feature","properties":{"class":"separated"},"geometry":{"type":"LineString","coordinates":[[-99.16114,19.386],[-99.16119,19.38618],[-99.16128,19.38649],[-99.16146,19.3871],[-99.16148,19.38717]]}},{"type":"Feature","properties":{"class":"separated"},"geometry":{"type":"LineString","coordinates":[[-99.16052,19.38343],[-99.16049,19.38334],[-99.16046,19.38323],[-99.16044,19.38315],[-99.1604,19.38302]]}},{"type":"Feature","properties":{"class":"separated"},"geometry":{"type":"LineString","coordinates":[[-99.19062,19.39119],[-99.19064,19.39104],[-99.19064,19.39102]]}},{"type":"Feature","properties":{"class":"separated"},"geometry":{"type":"LineString","coordinates":[[-99.19064,19.39102],[-99.19065,19.39098],[-99.19063,19.39092],[-99.19083,19.38972]]}},{"type":"Feature","properties":{"class":"shared"},"geometry":{"type":"LineString","coordinates":[[-99.14018,19.43865],[-99.14007,19.4393]]}},{"type":"Feature","properties":{"class":"shared"},"geometry":{"type":"LineString","coordinates":[[-99.14052,19.4365],[-99.14048,19.43678],[-99.14047,19.43682],[-99.14046,19.43693]]}},{"type":"Feature","properties":{"class":"shared"},"geometry":{"type":"LineString","coordinates":[[-99.14046,19.43693],[-99.14038,19.43738]]}},{"type":"Feature","properties":{"class":"shared"},"geometry":{"type":"LineString","coordinates":[[-99.13285,19.42596],[-99.13287,19.42596],[-99.13291,19.42596],[-99.13303,19.42598]]}},{"type":"Feature","properties":{"class":"shared"},"geometry":{"type":"LineString","coordinates":[[-99.1308,19.42605],[-99.13106,19.4259],[-99.13112,19.42587],[-99.13119,19.42585],[-99.13126,19.42583],[-99.13133,19.42583],[-99.1314,19.42583],[-99.13147,19.42583],[-99.13251,19.42593],[-99.13285,19.42596]]}},{"type":"Feature","properties":{"class":"separated"},"geometry":{"type":"LineString","coordinates":[[-99.13373,19.42992],[-99.1337,19.4301]]}},{"type":"Feature","properties":{"class":"separated"},"geometry":{"type":"LineString","coordinates":[[-99.13395,19.42836],[-99.13382,19.42927],[-99.13378,19.42957],[-99.13373,19.42992]]}},{"type":"Feature","properties":{"class":"separated"},"geometry":{"type":"LineString","coordinates":[[-99.13399,19.4281],[-99.13395,19.42836]]}},{"type":"Feature","properties":{"class":"separated"},"geometry":{"type":"LineString","coordinates":[[-99.13419,19.4267],[-99.13407,19.42753],[-99.13399,19.4281]]}},{"type":"Feature","properties":{"class":"separated"},"geometry":{"type":"LineString","coordinates":[[-99.13428,19.42609],[-99.13419,19.4267]]}},{"type":"Feature","properties":{"class":"separated"},"geometry":{"type":"LineString","coordinates":[[-99.13041,19.45309],[-99.13036,19.45316],[-99.13033,19.45322],[-99.13009,19.45357],[-99.12976,19.45415]]}},{"type":"Feature","properties":{"class":"shared"},"geometry":{"type":"LineString","coordinates":[[-99.12478,19.45199],[-99.12493,19.45202],[-99.1253,19.4521],[-99.12591,19.45223],[-99.12627,19.45231],[-99.12661,19.45239],[-99.12787,19.45267],[-99.12797,19.45269]]}},{"type":"Feature","properties":{"class":"separated"},"geometry":{"type":"LineString","coordinates":[[-99.17284,19.46509],[-99.17305,19.4654],[-99.17316,19.46551],[-99.17328,19.46562]]}},{"type":"Feature","properties":{"class":"separated"},"geometry":{"type":"LineString","coordinates":[[-99.17402,19.46595],[-99.17375,19.46569],[-99.17354,19.46549]]}},{"type":"Feature","properties":{"class":"separated"},"geometry":{"type":"LineString","coordinates":[[-99.17602,19.46791],[-99.17586,19.46776],[-99.17561,19.46751],[-99.1753,19.46721],[-99.17526,19.46717],[-99.17474,19.46665],[-99.17441,19.46632],[-99.17424,19.46617],[-99.17402,19.46595]]}},{"type":"Feature","properties":{"class":"separated"},"geometry":{"type":"LineString","coordinates":[[-99.18212,19.36433],[-99.18252,19.36305]]}},{"type":"Feature","properties":{"class":"separated"},"geometry":{"type":"LineString","coordinates":[[-99.16993,19.46019],[-99.17003,19.46035],[-99.17011,19.46048],[-99.17014,19.46053],[-99.17022,19.46065]]}},{"type":"Feature","properties":{"class":"separated"},"geometry":{"type":"LineString","coordinates":[[-99.17022,19.46065],[-99.17034,19.46084],[-99.17056,19.46122],[-99.17087,19.46174],[-99.17108,19.46209],[-99.17125,19.46239],[-99.17137,19.46258],[-99.17164,19.46303],[-99.17169,19.46311],[-99.17177,19.46324],[-99.17203,19.46367],[-99.17218,19.46393],[-99.17236,19.46426],[-99.17256,19.46463],[-99.17284,19.46509]]}},{"type":"Feature","properties":{"class":"painted"},"geometry":{"type":"LineString","coordinates":[[-99.15254,19.44258],[-99.15255,19.44238]]}},{"type":"Feature","properties":{"class":"shared"},"geometry":{"type":"LineString","coordinates":[[-99.15235,19.44255],[-99.15235,19.44261],[-99.15222,19.44411],[-99.15221,19.44418]]}},{"type":"Feature","properties":{"class":"separated"},"geometry":{"type":"LineString","coordinates":[[-99.16499,19.45998],[-99.16492,19.46003],[-99.16487,19.46016],[-99.16484,19.46022],[-99.16443,19.46115],[-99.16398,19.4622],[-99.16376,19.4627],[-99.16363,19.46299],[-99.1635,19.46314],[-99.16335,19.46328],[-99.16307,19.46355],[-99.16276,19.46381],[-99.1626,19.46393],[-99.16253,19.46398],[-99.16246,19.46405],[-99.16245,19.46406]]}},{"type":"Feature","properties":{"class":"painted"},"geometry":{"type":"LineString","coordinates":[[-99.17605,19.4683],[-99.17616,19.46842]]}},{"type":"Feature","properties":{"class":"painted"},"geometry":{"type":"LineString","coordinates":[[-99.17639,19.46826],[-99.17627,19.46815]]}},{"type":"Feature","properties":{"class":"painted"},"geometry":{"type":"LineString","coordinates":[[-99.17616,19.46842],[-99.17624,19.4685]]}},{"type":"Feature","properties":{"class":"painted"},"geometry":{"type":"LineString","coordinates":[[-99.17941,19.38823],[-99.17842,19.38972],[-99.17832,19.38989]]}},{"type":"Feature","properties":{"class":"separated"},"geometry":{"type":"LineString","coordinates":[[-99.14836,19.4576],[-99.14873,19.45734],[-99.1489,19.45722]]}},{"type":"Feature","properties":{"class":"separated"},"geometry":{"type":"LineString","coordinates":[[-99.16921,19.45838],[-99.16894,19.4579],[-99.16885,19.45775],[-99.16877,19.4576]]}},{"type":"Feature","properties":{"class":"separated"},"geometry":{"type":"LineString","coordinates":[[-99.16877,19.4576],[-99.16855,19.45723],[-99.16854,19.45722],[-99.16853,19.45721],[-99.16844,19.45706],[-99.16843,19.45705],[-99.16841,19.45701],[-99.16835,19.45689],[-99.16826,19.45674]]}},{"type":"Feature","properties":{"class":"shared"},"geometry":{"type":"LineString","coordinates":[[-99.13762,19.46156],[-99.1376,19.46226]]}},{"type":"Feature","properties":{"class":"shared"},"geometry":{"type":"LineString","coordinates":[[-99.13746,19.46579],[-99.13741,19.46649]]}},{"type":"Feature","properties":{"class":"shared"},"geometry":{"type":"LineString","coordinates":[[-99.15243,19.45796],[-99.15369,19.45817]]}},{"type":"Feature","properties":{"class":"shared"},"geometry":{"type":"LineString","coordinates":[[-99.157,19.45869],[-99.1581,19.45887]]}},{"type":"Feature","properties":{"class":"separated"},"geometry":{"type":"LineString","coordinates":[[-99.15444,19.4429],[-99.15442,19.44295],[-99.15439,19.44312],[-99.15436,19.44327],[-99.15433,19.44337],[-99.15431,19.44344],[-99.15428,19.44354],[-99.15423,19.44368],[-99.15412,19.44392],[-99.15403,19.44414]]}},{"type":"Feature","properties":{"class":"separated"},"geometry":{"type":"LineString","coordinates":[[-99.15456,19.44234],[-99.1545,19.44261],[-99.15448,19.44269]]}},{"type":"Feature","properties":{"class":"separated"},"geometry":{"type":"LineString","coordinates":[[-99.15484,19.44149],[-99.15471,19.44179],[-99.15468,19.44189],[-99.15464,19.44201],[-99.15461,19.44212],[-99.15456,19.44234]]}},{"type":"Feature","properties":{"class":"separated"},"geometry":{"type":"LineString","coordinates":[[-99.14996,19.4562],[-99.14929,19.45668]]}},{"type":"Feature","properties":{"class":"separated"},"geometry":{"type":"LineString","coordinates":[[-99.16856,19.45784],[-99.16866,19.45802],[-99.16887,19.45837]]}},{"type":"Feature","properties":{"class":"separated"},"geometry":{"type":"LineString","coordinates":[[-99.16887,19.45837],[-99.16908,19.45871],[-99.16915,19.45885],[-99.16932,19.45913],[-99.16935,19.4592],[-99.16956,19.45955],[-99.16993,19.46019]]}},{"type":"Feature","properties":{"class":"shared"},"geometry":{"type":"LineString","coordinates":[[-99.1581,19.45887],[-99.15923,19.45905]]}},{"type":"Feature","properties":{"class":"shared"},"geometry":{"type":"LineString","coordinates":[[-99.15605,19.45855],[-99.15606,19.45855],[-99.1563,19.45859],[-99.157,19.45869]]}},{"type":"Feature","properties":{"class":"shared"},"geometry":{"type":"LineString","coordinates":[[-99.15189,19.45786],[-99.15195,19.45787],[-99.15213,19.4579],[-99.15243,19.45796]]}},{"type":"Feature","properties":{"class":"painted"},"geometry":{"type":"LineString","coordinates":[[-99.16114,19.40141],[-99.16052,19.40148],[-99.16014,19.40155]]}},{"type":"Feature","properties":{"class":"separated"},"geometry":{"type":"LineString","coordinates":[[-99.17222,19.41355],[-99.17214,19.41353],[-99.17213,19.41353],[-99.17203,19.41353],[-99.17194,19.41353],[-99.17183,19.41355],[-99.17176,19.41357]]}},{"type":"Feature","properties":{"class":"painted"},"geometry":{"type":"LineString","coordinates":[[-99.17025,19.4222],[-99.17024,19.4221]]}},{"type":"Feature","properties":{"class":"separated"},"geometry":{"type":"LineString","coordinates":[[-99.13084,19.45258],[-99.13064,19.4528],[-99.13053,19.45294],[-99.13049,19.45298],[-99.13041,19.45309]]}},{"type":"Feature","properties":{"class":"separated"},"geometry":{"type":"LineString","coordinates":[[-99.15299,19.44808],[-99.15309,19.44753],[-99.1531,19.44749],[-99.15321,19.44685]]}},{"type":"Feature","properties":{"class":"shared"},"geometry":{"type":"LineString","coordinates":[[-99.1489,19.45722],[-99.14898,19.45725],[-99.14903,19.45726],[-99.14931,19.45734],[-99.14979,19.45748]]}},{"type":"Feature","properties":{"class":"painted"},"geometry":{"type":"LineString","coordinates":[[-99.16368,19.44289],[-99.16371,19.44278]]}},{"type":"Feature","properties":{"class":"separated"},"geometry":{"type":"LineString","coordinates":[[-99.16307,19.44276],[-99.16368,19.44289]]}},{"type":"Feature","properties":{"class":"separated"},"geometry":{"type":"LineString","coordinates":[[-99.16368,19.44289],[-99.16472,19.44313],[-99.16475,19.44314],[-99.16481,19.44316],[-99.16487,19.44319]]}},{"type":"Feature","properties":{"class":"shared"},"geometry":{"type":"LineString","coordinates":[[-99.15923,19.45905],[-99.15978,19.45914],[-99.16028,19.45922]]}},{"type":"Feature","properties":{"class":"shared"},"geometry":{"type":"LineString","coordinates":[[-99.13495,19.39345],[-99.13438,19.39337],[-99.13386,19.3933],[-99.13365,19.3933]]}},{"type":"Feature","properties":{"class":"shared"},"geometry":{"type":"LineString","coordinates":[[-99.13509,19.39347],[-99.13495,19.39345]]}},{"type":"Feature","properties":{"class":"shared"},"geometry":{"type":"LineString","coordinates":[[-99.13561,19.39353],[-99.13555,19.39353],[-99.13509,19.39347]]}},{"type":"Feature","properties":{"class":"shared"},"geometry":{"type":"LineString","coordinates":[[-99.13577,19.39356],[-99.13569,19.39355],[-99.13561,19.39353]]}},{"type":"Feature","properties":{"class":"shared"},"geometry":{"type":"LineString","coordinates":[[-99.13635,19.39366],[-99.13617,19.39362],[-99.13577,19.39356]]}},{"type":"Feature","properties":{"class":"shared"},"geometry":{"type":"LineString","coordinates":[[-99.17277,19.41955],[-99.17327,19.42019],[-99.17335,19.42029]]}},{"type":"Feature","properties":{"class":"shared"},"geometry":{"type":"LineString","coordinates":[[-99.17247,19.41915],[-99.17259,19.4193]]}},{"type":"Feature","properties":{"class":"shared"},"geometry":{"type":"LineString","coordinates":[[-99.17221,19.41881],[-99.17247,19.41915]]}},{"type":"Feature","properties":{"class":"shared"},"geometry":{"type":"LineString","coordinates":[[-99.17109,19.4174],[-99.17149,19.41791],[-99.17198,19.41853],[-99.17206,19.41863]]}},{"type":"Feature","properties":{"class":"separated"},"geometry":{"type":"LineString","coordinates":[[-99.17005,19.42102],[-99.16984,19.42019],[-99.16964,19.41937]]}},{"type":"Feature","properties":{"class":"separated"},"geometry":{"type":"LineString","coordinates":[[-99.16944,19.41857],[-99.16926,19.41782]]}},{"type":"Feature","properties":{"class":"separated"},"geometry":{"type":"LineString","coordinates":[[-99.16959,19.41918],[-99.16944,19.41857]]}},{"type":"Feature","properties":{"class":"separated"},"geometry":{"type":"LineString","coordinates":[[-99.17134,19.41362],[-99.1713,19.41372],[-99.17127,19.41379],[-99.17113,19.41415]]}},{"type":"Feature","properties":{"class":"shared"},"geometry":{"type":"LineString","coordinates":[[-99.17194,19.40582],[-99.17228,19.40582],[-99.17283,19.4058],[-99.1729,19.4058]]}},{"type":"Feature","properties":{"class":"separated"},"geometry":{"type":"LineString","coordinates":[[-99.1547,19.36294],[-99.1546,19.36258],[-99.1546,19.36257],[-99.15459,19.36256]]}},{"type":"Feature","properties":{"class":"shared"},"geometry":{"type":"LineString","coordinates":[[-99.14714,19.38669],[-99.14712,19.3869]]}},{"type":"Feature","properties":{"class":"separated"},"geometry":{"type":"LineString","coordinates":[[-99.17159,19.40547],[-99.17168,19.40583]]}},{"type":"Feature","properties":{"class":"shared"},"geometry":{"type":"LineString","coordinates":[[-99.17393,19.40577],[-99.17446,19.40576]]}},{"type":"Feature","properties":{"class":"shared"},"geometry":{"type":"LineString","coordinates":[[-99.17343,19.40578],[-99.17393,19.40577]]}},{"type":"Feature","properties":{"class":"shared"},"geometry":{"type":"LineString","coordinates":[[-99.1729,19.4058],[-99.17343,19.40578]]}},{"type":"Feature","properties":{"class":"shared"},"geometry":{"type":"LineString","coordinates":[[-99.17601,19.40572],[-99.17604,19.40563],[-99.17614,19.40532],[-99.1762,19.40517],[-99.17623,19.40509]]}},{"type":"Feature","properties":{"class":"separated"},"geometry":{"type":"LineString","coordinates":[[-99.17348,19.42026],[-99.17395,19.42088],[-99.17398,19.42092],[-99.17399,19.42094],[-99.17405,19.42102]]}},{"type":"Feature","properties":{"class":"painted"},"geometry":{"type":"LineString","coordinates":[[-99.15138,19.39004],[-99.1515,19.39006]]}},{"type":"Feature","properties":{"class":"painted"},"geometry":{"type":"LineString","coordinates":[[-99.14681,19.38938],[-99.14744,19.38947],[-99.14793,19.38954],[-99.14878,19.38966],[-99.1494,19.38977],[-99.14954,19.38979],[-99.15008,19.38987],[-99.15074,19.38994],[-99.15131,19.39003],[-99.15138,19.39004]]}},{"type":"Feature","properties":{"class":"separated"},"geometry":{"type":"LineString","coordinates":[[-99.1702,19.42171],[-99.17014,19.42142],[-99.17005,19.42102]]}},{"type":"Feature","properties":{"class":"separated"},"geometry":{"type":"LineString","coordinates":[[-99.15867,19.37747],[-99.15896,19.3783],[-99.15899,19.37848]]}},{"type":"Feature","properties":{"class":"separated"},"geometry":{"type":"LineString","coordinates":[[-99.15875,19.37719],[-99.15845,19.37621]]}},{"type":"Feature","properties":{"class":"separated"},"geometry":{"type":"LineString","coordinates":[[-99.16926,19.41782],[-99.16909,19.41712],[-99.16907,19.41702]]}},{"type":"Feature","properties":{"class":"separated"},"geometry":{"type":"LineString","coordinates":[[-99.16399,19.40944],[-99.16387,19.40896],[-99.16363,19.40793]]}},{"type":"Feature","properties":{"class":"separated"},"geometry":{"type":"LineString","coordinates":[[-99.16363,19.40793],[-99.16351,19.40742],[-99.16339,19.40691],[-99.16321,19.40616],[-99.16313,19.40585],[-99.16288,19.4049]]}},{"type":"Feature","properties":{"class":"painted"},"geometry":{"type":"LineString","coordinates":[[-99.15243,19.39019],[-99.15253,19.39021]]}},{"type":"Feature","properties":{"class":"painted"},"geometry":{"type":"LineString","coordinates":[[-99.1515,19.39006],[-99.15222,19.39016],[-99.15243,19.39019]]}},{"type":"Feature","properties":{"class":"shared"},"geometry":{"type":"LineString","coordinates":[[-99.13773,19.39388],[-99.13635,19.39366]]}},{"type":"Feature","properties":{"class":"shared"},"geometry":{"type":"LineString","coordinates":[[-99.13967,19.39422],[-99.13829,19.394]]}},{"type":"Feature","properties":{"class":"separated"},"geometry":{"type":"LineString","coordinates":[[-99.16094,19.40528],[-99.1612,19.40627],[-99.16148,19.4073],[-99.16159,19.40779],[-99.16174,19.40831],[-99.16186,19.40881]]}},{"type":"Feature","properties":{"class":"separated"},"geometry":{"type":"LineString","coordinates":[[-99.16043,19.40323],[-99.16045,19.4033],[-99.16069,19.40427],[-99.16094,19.40528]]}},{"type":"Feature","properties":{"class":"shared"},"geometry":{"type":"LineString","coordinates":[[-99.16484,19.40606],[-99.16638,19.406],[-99.16704,19.40597],[-99.16774,19.40595],[-99.16837,19.40592],[-99.16841,19.40591],[-99.16845,19.40591]]}},{"type":"Feature","properties":{"class":"separated"},"geometry":{"type":"LineString","coordinates":[[-99.16186,19.40881],[-99.16199,19.40932],[-99.16212,19.40982],[-99.16225,19.4103],[-99.16234,19.41067],[-99.16237,19.41076],[-99.16252,19.41134],[-99.16267,19.41193],[-99.16278,19.41234]]}},{"type":"Feature","properties":{"class":"separated"},"geometry":{"type":"LineString","coordinates":[[-99.16461,19.41199],[-99.1645,19.41158],[-99.16435,19.41099],[-99.16419,19.41029],[-99.16411,19.40995],[-99.16399,19.40944]]}},{"type":"Feature","properties":{"class":"separated"},"geometry":{"type":"LineString","coordinates":[[-99.16306,19.41343],[-99.16321,19.41401]]}},{"type":"Feature","properties":{"class":"separated"},"geometry":{"type":"LineString","coordinates":[[-99.16278,19.41234],[-99.16288,19.41273],[-99.16306,19.41343]]}},{"type":"Feature","properties":{"class":"shared"},"geometry":{"type":"LineString","coordinates":[[-99.16274,19.41396],[-99.16267,19.41392],[-99.16239,19.41377]]}},{"type":"Feature","properties":{"class":"shared"},"geometry":{"type":"LineString","coordinates":[[-99.15101,19.39548],[-99.15031,19.39542],[-99.14964,19.39538],[-99.14897,19.39534],[-99.14845,19.3953]]}},{"type":"Feature","properties":{"class":"shared"},"geometry":{"type":"LineString","coordinates":[[-99.15112,19.39549],[-99.15101,19.39548]]}},{"type":"Feature","properties":{"class":"shared"},"geometry":{"type":"LineString","coordinates":[[-99.16744,19.39859],[-99.16726,19.39839],[-99.16703,19.39823]]}},{"type":"Feature","properties":{"class":"shared"},"geometry":{"type":"LineString","coordinates":[[-99.16659,19.39579],[-99.16622,19.39735]]}},{"type":"Feature","properties":{"class":"shared"},"geometry":{"type":"LineString","coordinates":[[-99.16708,19.39383],[-99.16678,19.39502]]}},{"type":"Feature","properties":{"class":"shared"},"geometry":{"type":"LineString","coordinates":[[-99.1611,19.371],[-99.16129,19.37016],[-99.16142,19.36965],[-99.16154,19.36915],[-99.16157,19.36904],[-99.16202,19.36713],[-99.16263,19.36467]]}},{"type":"Feature","properties":{"class":"separated"},"geometry":{"type":"LineString","coordinates":[[-99.16963,19.39759],[-99.16968,19.39781],[-99.16977,19.39814]]}},{"type":"Feature","properties":{"class":"shared"},"geometry":{"type":"LineString","coordinates":[[-99.15519,19.37008],[-99.15531,19.3701],[-99.15599,19.37021],[-99.15609,19.37022]]}},{"type":"Feature","properties":{"class":"separated"},"geometry":{"type":"LineString","coordinates":[[-99.17698,19.38007],[-99.17701,19.37999],[-99.17701,19.37998],[-99.17736,19.37894],[-99.1775,19.37849],[-99.17762,19.37813],[-99.17768,19.37795],[-99.17782,19.37754],[-99.17801,19.37696]]}},{"type":"Feature","properties":{"class":"shared"},"geometry":{"type":"LineString","coordinates":[[-99.16477,19.41776],[-99.16485,19.41752],[-99.16488,19.4174]]}},{"type":"Feature","properties":{"class":"shared"},"geometry":{"type":"LineString","coordinates":[[-99.16432,19.4193],[-99.1644,19.41904],[-99.16447,19.41878]]}},{"type":"Feature","properties":{"class":"separated"},"geometry":{"type":"LineString","coordinates":[[-99.16638,19.41277],[-99.16639,19.41274]]}},{"type":"Feature","properties":{"class":"separated"},"geometry":{"type":"LineString","coordinates":[[-99.16429,19.41752],[-99.16472,19.41743]]}},{"type":"Feature","properties":{"class":"painted"},"geometry":{"type":"LineString","coordinates":[[-99.15881,19.37927],[-99.15884,19.3794],[-99.15889,19.37949],[-99.15895,19.37955],[-99.15899,19.37959],[-99.15904,19.37963],[-99.15911,19.37969]]}},{"type":"Feature","properties":{"class":"separated"},"geometry":{"type":"LineString","coordinates":[[-99.1768,19.3802],[-99.17677,19.38028],[-99.17671,19.3805],[-99.17668,19.3806],[-99.17666,19.38065],[-99.17648,19.38119],[-99.17628,19.38181],[-99.1762,19.38206],[-99.17618,19.38212],[-99.1761,19.38234],[-99.17608,19.3824],[-99.17605,19.38252]]}},{"type":"Feature","properties":{"class":"separated"},"geometry":{"type":"LineString","coordinates":[[-99.15883,19.42462],[-99.15809,19.4248],[-99.1576,19.42491],[-99.15735,19.42497],[-99.1569,19.42507],[-99.15642,19.42517]]}},{"type":"Feature","properties":{"class":"separated"},"geometry":{"type":"LineString","coordinates":[[-99.15909,19.42456],[-99.15899,19.42459],[-99.15883,19.42462]]}},{"type":"Feature","properties":{"class":"painted"},"geometry":{"type":"LineString","coordinates":[[-99.16648,19.38985],[-99.16653,19.38967]]}},{"type":"Feature","properties":{"class":"shared"},"geometry":{"type":"LineString","coordinates":[[-99.16291,19.38885],[-99.16267,19.3888]]}},{"type":"Feature","properties":{"class":"separated"},"geometry":{"type":"LineString","coordinates":[[-99.15423,19.41954],[-99.15428,19.41946],[-99.15431,19.41944],[-99.15485,19.41934],[-99.15491,19.41932]]}},{"type":"Feature","properties":{"class":"separated"},"geometry":{"type":"LineString","coordinates":[[-99.15989,19.38124],[-99.15949,19.37989],[-99.15946,19.37981]]}},{"type":"Feature","properties":{"class":"separated"},"geometry":{"type":"LineString","coordinates":[[-99.15995,19.38145],[-99.15989,19.38124]]}},{"type":"Feature","properties":{"class":"separated"},"geometry":{"type":"LineString","coordinates":[[-99.16096,19.38499],[-99.16084,19.38458]]}},{"type":"Feature","properties":{"class":"separated"},"geometry":{"type":"LineString","coordinates":[[-99.1608,19.38442],[-99.16056,19.38359],[-99.16055,19.38355],[-99.16054,19.38351],[-99.16052,19.38343]]}},{"type":"Feature","properties":{"class":"shared"},"geometry":{"type":"LineString","coordinates":[[-99.17904,19.38291],[-99.17889,19.38269],[-99.17874,19.38256],[-99.17855,19.38245],[-99.17827,19.38238],[-99.17784,19.38239]]}},{"type":"Feature","properties":{"class":"painted"},"geometry":{"type":"LineString","coordinates":[[-99.14346,19.41886],[-99.1437,19.41888]]}},{"type":"Feature","properties":{"class":"separated"},"geometry":{"type":"LineString","coordinates":[[-99.15935,19.37985],[-99.15938,19.37993],[-99.15959,19.38064],[-99.15961,19.3807]]}},{"type":"Feature","properties":{"class":"separated"},"geometry":{"type":"LineString","coordinates":[[-99.15491,19.36369],[-99.15483,19.36342]]}},{"type":"Feature","properties":{"class":"separated"},"geometry":{"type":"LineString","coordinates":[[-99.13597,19.42239],[-99.13571,19.42256]]}},{"type":"Feature","properties":{"class":"shared"},"geometry":{"type":"LineString","coordinates":[[-99.17994,19.38529],[-99.17949,19.38412]]}},{"type":"Feature","properties":{"class":"painted"},"geometry":{"type":"LineString","coordinates":[[-99.15408,19.41973],[-99.15413,19.41974],[-99.15421,19.41974]]}},{"type":"Feature","properties":{"class":"separated"},"geometry":{"type":"LineString","coordinates":[[-99.14746,19.42531],[-99.14663,19.42519]]}},{"type":"Feature","properties":{"class":"separated"},"geometry":{"type":"LineString","coordinates":[[-99.14926,19.42544],[-99.14875,19.4254],[-99.14768,19.42532]]}},{"type":"Feature","properties":{"class":"separated"},"geometry":{"type":"LineString","coordinates":[[-99.14962,19.42547],[-99.14933,19.42545]]}},{"type":"Feature","properties":{"class":"separated"},"geometry":{"type":"LineString","coordinates":[[-99.14768,19.42532],[-99.14746,19.42531]]}},{"type":"Feature","properties":{"class":"shared"},"geometry":{"type":"LineString","coordinates":[[-99.14256,19.42466],[-99.14253,19.42481]]}},{"type":"Feature","properties":{"class":"shared"},"geometry":{"type":"LineString","coordinates":[[-99.14253,19.42481],[-99.14238,19.4254],[-99.14222,19.42599],[-99.14218,19.42615]]}},{"type":"Feature","properties":{"class":"separated"},"geometry":{"type":"LineString","coordinates":[[-99.14341,19.42476],[-99.14256,19.42466]]}},{"type":"Feature","properties":{"class":"separated"},"geometry":{"type":"LineString","coordinates":[[-99.14509,19.42498],[-99.1448,19.42494]]}},{"type":"Feature","properties":{"class":"separated"},"geometry":{"type":"LineString","coordinates":[[-99.13568,19.42289],[-99.13571,19.42256]]}},{"type":"Feature","properties":{"class":"separated"},"geometry":{"type":"LineString","coordinates":[[-99.13844,19.42415],[-99.13766,19.42406],[-99.13761,19.42405]]}},{"type":"Feature","properties":{"class":"separated"},"geometry":{"type":"LineString","coordinates":[[-99.13761,19.42405],[-99.13711,19.42403]]}},{"type":"Feature","properties":{"class":"shared"},"geometry":{"type":"LineString","coordinates":[[-99.14208,19.42657],[-99.14202,19.42681],[-99.142,19.42693]]}},{"type":"Feature","properties":{"class":"shared"},"geometry":{"type":"LineString","coordinates":[[-99.14614,19.42724],[-99.14621,19.42725],[-99.14732,19.42731],[-99.14739,19.42732]]}},{"type":"Feature","properties":{"class":"separated"},"geometry":{"type":"LineString","coordinates":[[-99.1536,19.42613],[-99.15363,19.42603],[-99.15367,19.42592]]}},{"type":"Feature","properties":{"class":"separated"},"geometry":{"type":"LineString","coordinates":[[-99.15367,19.42592],[-99.15383,19.42589],[-99.15418,19.4258],[-99.15512,19.42558],[-99.15534,19.42553]]}},{"type":"Feature","properties":{"class":"separated"},"geometry":{"type":"LineString","coordinates":[[-99.13364,19.42263],[-99.13369,19.42229]]}},{"type":"Feature","properties":{"class":"shared"},"geometry":{"type":"LineString","coordinates":[[-99.12671,19.40896],[-99.12695,19.40897],[-99.12717,19.40897],[-99.12764,19.40898]]}},{"type":"Feature","properties":{"class":"separated"},"geometry":{"type":"LineString","coordinates":[[-99.13641,19.40464],[-99.13645,19.40438],[-99.13648,19.40421],[-99.13658,19.40357],[-99.13659,19.40352]]}},{"type":"Feature","properties":{"class":"shared"},"geometry":{"type":"LineString","coordinates":[[-99.12109,19.40915],[-99.12145,19.40917],[-99.12161,19.40917]]}},{"type":"Feature","properties":{"class":"separated"},"geometry":{"type":"LineString","coordinates":[[-99.13976,19.42431],[-99.13856,19.42417],[-99.13844,19.42415]]}},{"type":"Feature","properties":{"class":"separated"},"geometry":{"type":"LineString","coordinates":[[-99.14023,19.42437],[-99.13986,19.42433],[-99.13976,19.42431]]}},{"type":"Feature","properties":{"class":"separated"},"geometry":{"type":"LineString","coordinates":[[-99.15926,19.42138],[-99.15877,19.42149],[-99.15808,19.42166]]}},{"type":"Feature","properties":{"class":"separated"},"geometry":{"type":"LineString","coordinates":[[-99.15997,19.42122],[-99.1595,19.42132]]}},{"type":"Feature","properties":{"class":"shared"},"geometry":{"type":"LineString","coordinates":[[-99.15994,19.42108],[-99.15996,19.42119],[-99.15997,19.42122]]}},{"type":"Feature","properties":{"class":"separated"},"geometry":{"type":"LineString","coordinates":[[-99.16361,19.38901],[-99.16348,19.38951]]}},{"type":"Feature","properties":{"class":"shared"},"geometry":{"type":"LineString","coordinates":[[-99.13744,19.40769],[-99.13768,19.40767]]}},{"type":"Feature","properties":{"class":"painted"},"geometry":{"type":"LineString","coordinates":[[-99.12824,19.39777],[-99.12755,19.39781],[-99.12708,19.39784]]}},{"type":"Feature","properties":{"class":"separated"},"geometry":{"type":"LineString","coordinates":[[-99.17788,19.3652],[-99.17837,19.36571],[-99.17855,19.3659],[-99.17874,19.3661],[-99.17896,19.36635],[-99.17901,19.36641],[-99.17906,19.36646],[-99.1794,19.36683],[-99.17946,19.36689],[-99.17952,19.36696],[-99.17955,19.367],[-99.17969,19.36715],[-99.17976,19.36721],[-99.17985,19.36727],[-99.18001,19.36734],[-99.18031,19.36749],[-99.18045,19.36758],[-99.18047,19.36758],[-99.18057,19.36765],[-99.1806,19.36767],[-99.18061,19.36767],[-99.18066,19.3677]]}},{"type":"Feature","properties":{"class":"separated"},"geometry":{"type":"LineString","coordinates":[[-99.16372,19.41763],[-99.16416,19.41754]]}},{"type":"Feature","properties":{"class":"shared"},"geometry":{"type":"LineString","coordinates":[[-99.13839,19.47433],[-99.1384,19.47436],[-99.13848,19.47453],[-99.13864,19.47489]]}},{"type":"Feature","properties":{"class":"separated"},"geometry":{"type":"LineString","coordinates":[[-99.13541,19.37704],[-99.13534,19.37728]]}},{"type":"Feature","properties":{"class":"separated"},"geometry":{"type":"LineString","coordinates":[[-99.13754,19.36721],[-99.13752,19.36731],[-99.13738,19.36795],[-99.13723,19.36863],[-99.13704,19.36954],[-99.13702,19.36961],[-99.13701,19.36966],[-99.13662,19.37165],[-99.13655,19.37195],[-99.13635,19.37285],[-99.13613,19.37377],[-99.13612,19.37384],[-99.1361,19.37393],[-99.1359,19.37487],[-99.13585,19.37515],[-99.13578,19.37542],[-99.13568,19.37585],[-99.13559,19.37624],[-99.13541,19.37704]]}},{"type":"Feature","properties":{"class":"painted"},"geometry":{"type":"LineString","coordinates":[[-99.13163,19.39404],[-99.13152,19.39454],[-99.13126,19.39558],[-99.13118,19.39596],[-99.13111,19.39622]]}},{"type":"Feature","properties":{"class":"separated"},"geometry":{"type":"LineString","coordinates":[[-99.13173,19.39351],[-99.13163,19.39404]]}},{"type":"Feature","properties":{"class":"shared"},"geometry":{"type":"LineString","coordinates":[[-99.12156,19.41333],[-99.12154,19.41341],[-99.12153,19.41353],[-99.1215,19.41374]]}},{"type":"Feature","properties":{"class":"shared"},"geometry":{"type":"LineString","coordinates":[[-99.19033,19.33788],[-99.19029,19.3375]]}},{"type":"Feature","properties":{"class":"separated"},"geometry":{"type":"LineString","coordinates":[[-99.19035,19.34015],[-99.19045,19.33987]]}},{"type":"Feature","properties":{"class":"separated"},"geometry":{"type":"LineString","coordinates":[[-99.19045,19.33987],[-99.1905,19.33967]]}},{"type":"Feature","properties":{"class":"separated"},"geometry":{"type":"LineString","coordinates":[[-99.18973,19.34181],[-99.18983,19.34153]]}},{"type":"Feature","properties":{"class":"separated"},"geometry":{"type":"LineString","coordinates":[[-99.18942,19.3426],[-99.18973,19.34181]]}},{"type":"Feature","properties":{"class":"separated"},"geometry":{"type":"LineString","coordinates":[[-99.18941,19.34221],[-99.18929,19.34252],[-99.18925,19.34262]]}},{"type":"Feature","properties":{"class":"separated"},"geometry":{"type":"LineString","coordinates":[[-99.18927,19.34301],[-99.18942,19.3426]]}},{"type":"Feature","properties":{"class":"separated"},"geometry":{"type":"LineString","coordinates":[[-99.18619,19.3512],[-99.18616,19.35129],[-99.1861,19.35148]]}},{"type":"Feature","properties":{"class":"separated"},"geometry":{"type":"LineString","coordinates":[[-99.18476,19.35566],[-99.18465,19.35599]]}},{"type":"Feature","properties":{"class":"separated"},"geometry":{"type":"LineString","coordinates":[[-99.14652,19.47326],[-99.14654,19.47315],[-99.14655,19.47308]]}},{"type":"Feature","properties":{"class":"separated"},"geometry":{"type":"LineString","coordinates":[[-99.15269,19.46835],[-99.15256,19.46833],[-99.15243,19.46832],[-99.15233,19.46827],[-99.15224,19.46821],[-99.15218,19.46817],[-99.1521,19.46811],[-99.15194,19.46798],[-99.1516,19.46773],[-99.15132,19.46752],[-99.15104,19.4673],[-99.15098,19.46725],[-99.15088,19.46717],[-99.15078,19.46708],[-99.15053,19.46683],[-99.15035,19.46665],[-99.15031,19.4666],[-99.15008,19.46635],[-99.14993,19.46618],[-99.14975,19.46597],[-99.1497,19.4659],[-99.1496,19.46576],[-99.14953,19.46567],[-99.14939,19.46546],[-99.14902,19.4649],[-99.14896,19.46482],[-99.14891,19.46475],[-99.14882,19.46458]]}},{"type":"Feature","properties":{"class":"shared"},"geometry":{"type":"LineString","coordinates":[[-99.14905,19.34315],[-99.14894,19.34276]]}},{"type":"Feature","properties":{"class":"shared"},"geometry":{"type":"LineString","coordinates":[[-99.15038,19.34837],[-99.1505,19.34877]]}},{"type":"Feature","properties":{"class":"separated"},"geometry":{"type":"LineString","coordinates":[[-99.14406,19.35701],[-99.14407,19.35697]]}},{"type":"Feature","properties":{"class":"shared"},"geometry":{"type":"LineString","coordinates":[[-99.15284,19.35706],[-99.15293,19.35737],[-99.15294,19.35742],[-99.15296,19.35748]]}},{"type":"Feature","properties":{"class":"shared"},"geometry":{"type":"LineString","coordinates":[[-99.15244,19.35562],[-99.15263,19.35629]]}},{"type":"Feature","properties":{"class":"shared"},"geometry":{"type":"LineString","coordinates":[[-99.15117,19.35114],[-99.15125,19.35143],[-99.15129,19.35158]]}},{"type":"Feature","properties":{"class":"shared"},"geometry":{"type":"LineString","coordinates":[[-99.14943,19.34501],[-99.1495,19.34524],[-99.14954,19.3454]]}},{"type":"Feature","properties":{"class":"shared"},"geometry":{"type":"LineString","coordinates":[[-99.15077,19.34925],[-99.15065,19.34885]]}},{"type":"Feature","properties":{"class":"separated"},"geometry":{"type":"LineString","coordinates":[[-99.14512,19.35335],[-99.14527,19.35279],[-99.14534,19.35255],[-99.14548,19.35207],[-99.14558,19.35164],[-99.14561,19.3515],[-99.1457,19.3508],[-99.14571,19.34986],[-99.14571,19.3498],[-99.14571,19.34978],[-99.14569,19.34959],[-99.1456,19.34907],[-99.14554,19.34874],[-99.14545,19.34838],[-99.14522,19.34747],[-99.14497,19.34649],[-99.14494,19.34636],[-99.14489,19.34617],[-99.1448,19.34583],[-99.14467,19.34524],[-99.14453,19.34466],[-99.14449,19.34446],[-99.14446,19.34432],[-99.14434,19.3438]]}},{"type":"Feature","properties":{"class":"separated"},"geometry":{"type":"LineString","coordinates":[[-99.19045,19.34844],[-99.1905,19.34869]]}},{"type":"Feature","properties":{"class":"separated"},"geometry":{"type":"LineString","coordinates":[[-99.18991,19.34587],[-99.18992,19.34594],[-99.18999,19.3463],[-99.19017,19.34717],[-99.19037,19.34804],[-99.19039,19.34815],[-99.19041,19.34826],[-99.19043,19.34836],[-99.19045,19.34844]]}},{"type":"Feature","properties":{"class":"separated"},"geometry":{"type":"LineString","coordinates":[[-99.19607,19.41801],[-99.19654,19.41753]]}},{"type":"Feature","properties":{"class":"separated"},"geometry":{"type":"LineString","coordinates":[[-99.14371,19.35746],[-99.1437,19.35751]]}},{"type":"Feature","properties":{"class":"separated"},"geometry":{"type":"LineString","coordinates":[[-99.14387,19.34329],[-99.14396,19.34363]]}},{"type":"Feature","properties":{"class":"separated"},"geometry":{"type":"LineString","coordinates":[[-99.14407,19.35697],[-99.14424,19.35627]]}},{"type":"Feature","properties":{"class":"separated"},"geometry":{"type":"LineString","coordinates":[[-99.13938,19.38395],[-99.13925,19.3848],[-99.13919,19.38523],[-99.13906,19.38608],[-99.13902,19.38637]]}},{"type":"Feature","properties":{"class":"separated"},"geometry":{"type":"LineString","coordinates":[[-99.14044,19.37689],[-99.1404,19.37724],[-99.14037,19.37743],[-99.14017,19.37865],[-99.14005,19.37946],[-99.13998,19.38],[-99.13978,19.38135]]}},{"type":"Feature","properties":{"class":"separated"},"geometry":{"type":"LineString","coordinates":[[-99.19063,19.34858],[-99.19059,19.3484]]}},{"type":"Feature","properties":{"class":"separated"},"geometry":{"type":"LineString","coordinates":[[-99.19059,19.3484],[-99.19052,19.34806],[-99.19038,19.34737],[-99.19031,19.34704],[-99.19029,19.34694],[-99.19021,19.34659],[-99.1902,19.34655],[-99.19019,19.34652],[-99.19013,19.34625],[-99.19012,19.34624],[-99.19007,19.34599]]}},{"type":"Feature","properties":{"class":"shared"},"geometry":{"type":"LineString","coordinates":[[-99.15203,19.40187],[-99.15194,19.40187]]}},{"type":"Feature","properties":{"class":"shared"},"geometry":{"type":"LineString","coordinates":[[-99.15318,19.40181],[-99.15203,19.40187]]}},{"type":"Feature","properties":{"class":"shared"},"geometry":{"type":"LineString","coordinates":[[-99.1525,19.40182],[-99.15202,19.40184],[-99.15194,19.40187]]}},{"type":"Feature","properties":{"class":"shared"},"geometry":{"type":"LineString","coordinates":[[-99.14916,19.34353],[-99.14905,19.34315]]}},{"type":"Feature","properties":{"class":"shared"},"geometry":{"type":"LineString","coordinates":[[-99.16339,19.37022],[-99.16332,19.3702],[-99.16324,19.37017],[-99.16312,19.37013],[-99.16299,19.37007]]}},{"type":"Feature","properties":{"class":"painted"},"geometry":{"type":"LineString","coordinates":[[-99.13411,19.43268],[-99.13408,19.43239],[-99.13408,19.4323],[-99.13408,19.43225],[-99.13407,19.43221],[-99.13405,19.43218],[-99.13401,19.43214],[-99.13396,19.4321],[-99.1339,19.43208],[-99.13343,19.43202],[-99.13262,19.43191],[-99.13256,19.4319],[-99.13251,19.4319],[-99.13244,19.43191]]}},{"type":"Feature","properties":{"class":"separated"},"geometry":{"type":"LineString","coordinates":[[-99.13791,19.39525],[-99.13791,19.39521]]}},{"type":"Feature","properties":{"class":"separated"},"geometry":{"type":"LineString","coordinates":[[-99.13791,19.39521],[-99.13809,19.39412]]}},{"type":"Feature","properties":{"class":"separated"},"geometry":{"type":"LineString","coordinates":[[-99.13768,19.39507],[-99.13767,19.39512]]}},{"type":"Feature","properties":{"class":"separated"},"geometry":{"type":"LineString","coordinates":[[-99.13767,19.39512],[-99.13762,19.39544],[-99.13738,19.39701],[-99.13735,19.39721],[-99.13714,19.39858],[-99.13712,19.39869],[-99.13707,19.39902],[-99.13678,19.40092]]}},{"type":"Feature","properties":{"class":"separated"},"geometry":{"type":"LineString","coordinates":[[-99.13678,19.40092],[-99.13677,19.40098]]}},{"type":"Feature","properties":{"class":"separated"},"geometry":{"type":"LineString","coordinates":[[-99.13677,19.40098],[-99.13674,19.40115],[-99.13672,19.40132],[-99.1367,19.40143],[-99.13666,19.40169],[-99.1366,19.40208]]}},{"type":"Feature","properties":{"class":"separated"},"geometry":{"type":"LineString","coordinates":[[-99.13703,19.40083],[-99.13704,19.40078]]}},{"type":"Feature","properties":{"class":"separated"},"geometry":{"type":"LineString","coordinates":[[-99.13704,19.40078],[-99.13718,19.39993],[-99.13738,19.39872],[-99.13741,19.39848],[-99.13761,19.39725],[-99.13764,19.39706],[-99.13787,19.39547],[-99.13791,19.39525]]}},{"type":"Feature","properties":{"class":"separated"},"geometry":{"type":"LineString","coordinates":[[-99.16689,19.45417],[-99.16653,19.4522]]}},{"type":"Feature","properties":{"class":"shared"},"geometry":{"type":"LineString","coordinates":[[-99.13025,19.41336],[-99.12939,19.41338],[-99.12934,19.41339],[-99.12922,19.41339]]}},{"type":"Feature","properties":{"class":"separated"},"geometry":{"type":"LineString","coordinates":[[-99.17372,19.3897],[-99.17362,19.39],[-99.17358,19.39012]]}},{"type":"Feature","properties":{"class":"separated"},"geometry":{"type":"LineString","coordinates":[[-99.19165,19.38538],[-99.19183,19.38461]]}},{"type":"Feature","properties":{"class":"separated"},"geometry":{"type":"LineString","coordinates":[[-99.18745,19.34734],[-99.18741,19.34744]]}},{"type":"Feature","properties":{"class":"shared"},"geometry":{"type":"LineString","coordinates":[[-99.14379,19.41557],[-99.14375,19.41597]]}},{"type":"Feature","properties":{"class":"shared"},"geometry":{"type":"LineString","coordinates":[[-99.14388,19.41473],[-99.14384,19.41517]]}},{"type":"Feature","properties":{"class":"shared"},"geometry":{"type":"LineString","coordinates":[[-99.14456,19.40806],[-99.14452,19.40849]]}},{"type":"Feature","properties":{"class":"shared"},"geometry":{"type":"LineString","coordinates":[[-99.14465,19.40718],[-99.14464,19.40731],[-99.14459,19.4078]]}},{"type":"Feature","properties":{"class":"shared"},"geometry":{"type":"LineString","coordinates":[[-99.14486,19.40512],[-99.14482,19.40558]]}},{"type":"Feature","properties":{"class":"shared"},"geometry":{"type":"LineString","coordinates":[[-99.14605,19.39526],[-99.14601,19.39563],[-99.14588,19.39665],[-99.14576,19.39764]]}},{"type":"Feature","properties":{"class":"shared"},"geometry":{"type":"LineString","coordinates":[[-99.1449,19.39497],[-99.14481,19.39496]]}},{"type":"Feature","properties":{"class":"shared"},"geometry":{"type":"LineString","coordinates":[[-99.14607,19.39514],[-99.14544,19.39505],[-99.1449,19.39497]]}},{"type":"Feature","properties":{"class":"shared"},"geometry":{"type":"LineString","coordinates":[[-99.1472,19.38618],[-99.14719,19.3863],[-99.14716,19.3865],[-99.14714,19.38669]]}},{"type":"Feature","properties":{"class":"shared"},"geometry":{"type":"LineString","coordinates":[[-99.1455,19.39965],[-99.14541,19.40031],[-99.14536,19.40069]]}},{"type":"Feature","properties":{"class":"shared"},"geometry":{"type":"LineString","coordinates":[[-99.15451,19.39573],[-99.1545,19.39578],[-99.1545,19.39583],[-99.1545,19.39589]]}},{"type":"Feature","properties":{"class":"shared"},"geometry":{"type":"LineString","coordinates":[[-99.15466,19.39387],[-99.1546,19.39468],[-99.15459,19.39482],[-99.15451,19.39573]]}},{"type":"Feature","properties":{"class":"shared"},"geometry":{"type":"LineString","coordinates":[[-99.15468,19.39574],[-99.15451,19.39573]]}},{"type":"Feature","properties":{"class":"shared"},"geometry":{"type":"LineString","coordinates":[[-99.15243,19.39558],[-99.15179,19.39553],[-99.15112,19.39549]]}},{"type":"Feature","properties":{"class":"shared"},"geometry":{"type":"LineString","coordinates":[[-99.15307,19.39562],[-99.15243,19.39558]]}},{"type":"Feature","properties":{"class":"shared"},"geometry":{"type":"LineString","coordinates":[[-99.15373,19.39567],[-99.15369,19.39566],[-99.15339,19.39564],[-99.15307,19.39562]]}},{"type":"Feature","properties":{"class":"shared"},"geometry":{"type":"LineString","coordinates":[[-99.15451,19.39573],[-99.15373,19.39567]]}},{"type":"Feature","properties":{"class":"shared"},"geometry":{"type":"LineString","coordinates":[[-99.15596,19.39586],[-99.15523,19.39578],[-99.15468,19.39574]]}},{"type":"Feature","properties":{"class":"shared"},"geometry":{"type":"LineString","coordinates":[[-99.1561,19.39586],[-99.15601,19.39586],[-99.15596,19.39586]]}},{"type":"Feature","properties":{"class":"shared"},"geometry":{"type":"LineString","coordinates":[[-99.15753,19.39596],[-99.15686,19.39591]]}},{"type":"Feature","properties":{"class":"shared"},"geometry":{"type":"LineString","coordinates":[[-99.15686,19.39591],[-99.15632,19.39588],[-99.1561,19.39586]]}},{"type":"Feature","properties":{"class":"shared"},"geometry":{"type":"LineString","coordinates":[[-99.14786,19.38092],[-99.14776,19.38143]]}},{"type":"Feature","properties":{"class":"shared"},"geometry":{"type":"LineString","coordinates":[[-99.15821,19.396],[-99.15753,19.39596]]}},{"type":"Feature","properties":{"class":"shared"},"geometry":{"type":"LineString","coordinates":[[-99.15958,19.39609],[-99.15891,19.39604]]}},{"type":"Feature","properties":{"class":"shared"},"geometry":{"type":"LineString","coordinates":[[-99.15891,19.39604],[-99.15821,19.396]]}},{"type":"Feature","properties":{"class":"shared"},"geometry":{"type":"LineString","coordinates":[[-99.1603,19.39613],[-99.15958,19.39609]]}},{"type":"Feature","properties":{"class":"painted"},"geometry":{"type":"LineString","coordinates":[[-99.15548,19.4017],[-99.15542,19.4017],[-99.15476,19.40174],[-99.15427,19.40176]]}},{"type":"Feature","properties":{"class":"separated"},"geometry":{"type":"LineString","coordinates":[[-99.15116,19.42556],[-99.15107,19.42555],[-99.14962,19.42547]]}},{"type":"Feature","properties":{"class":"separated"},"geometry":{"type":"LineString","coordinates":[[-99.13423,19.44866],[-99.13432,19.44872],[-99.13442,19.44878],[-99.13453,19.44881],[-99.13455,19.44882],[-99.13467,19.44883],[-99.13481,19.44882],[-99.13495,19.44878],[-99.13508,19.44872],[-99.13519,19.44863],[-99.13525,19.44855],[-99.13531,19.44846],[-99.13534,19.44836],[-99.13536,19.44826],[-99.13537,19.44819],[-99.13535,19.44809],[-99.13533,19.44801],[-99.13531,19.44796],[-99.13526,19.44786]]}},{"type":"Feature","properties":{"class":"shared"},"geometry":{"type":"LineString","coordinates":[[-99.14704,19.3875],[-99.147,19.38783]]}},{"type":"Feature","properties":{"class":"shared"},"geometry":{"type":"LineString","coordinates":[[-99.14712,19.3869],[-99.14708,19.38721],[-99.14704,19.3875]]}},{"type":"Feature","properties":{"class":"shared"},"geometry":{"type":"LineString","coordinates":[[-99.14728,19.38544],[-99.14724,19.38585]]}},{"type":"Feature","properties":{"class":"separated"},"geometry":{"type":"LineString","coordinates":[[-99.15982,19.43077],[-99.1599,19.4306]]}},{"type":"Feature","properties":{"class":"separated"},"geometry":{"type":"LineString","coordinates":[[-99.16014,19.43011],[-99.15987,19.43028]]}},{"type":"Feature","properties":{"class":"shared"},"geometry":{"type":"LineString","coordinates":[[-99.16014,19.43011],[-99.16022,19.42994],[-99.16069,19.42891]]}},{"type":"Feature","properties":{"class":"separated"},"geometry":{"type":"LineString","coordinates":[[-99.15957,19.43089],[-99.15939,19.43123],[-99.15936,19.43129]]}},{"type":"Feature","properties":{"class":"separated"},"geometry":{"type":"LineString","coordinates":[[-99.15966,19.43072],[-99.15957,19.43089]]}},{"type":"Feature","properties":{"class":"separated"},"geometry":{"type":"LineString","coordinates":[[-99.15915,19.43171],[-99.15913,19.43178],[-99.15907,19.43188],[-99.159,19.43205]]}},{"type":"Feature","properties":{"class":"separated"},"geometry":{"type":"LineString","coordinates":[[-99.14374,19.44017],[-99.14368,19.4401],[-99.14357,19.44002]]}},{"type":"Feature","properties":{"class":"separated"},"geometry":{"type":"LineString","coordinates":[[-99.14357,19.44002],[-99.1435,19.43996],[-99.14346,19.43994],[-99.14338,19.4399],[-99.14331,19.43989]]}},{"type":"Feature","properties":{"class":"separated"},"geometry":{"type":"LineString","coordinates":[[-99.14261,19.4409],[-99.14276,19.44104]]}},{"type":"Feature","properties":{"class":"separated"},"geometry":{"type":"LineString","coordinates":[[-99.15913,19.43218],[-99.15926,19.4319],[-99.15928,19.43186],[-99.1593,19.43182],[-99.15933,19.43174]]}},{"type":"Feature","properties":{"class":"separated"},"geometry":{"type":"LineString","coordinates":[[-99.15884,19.43282],[-99.15896,19.43254],[-99.15899,19.43247],[-99.15905,19.43235]]}},{"type":"Feature","properties":{"class":"shared"},"geometry":{"type":"LineString","coordinates":[[-99.16102,19.41469],[-99.16079,19.41474],[-99.16063,19.41477]]}},{"type":"Feature","properties":{"class":"shared"},"geometry":{"type":"LineString","coordinates":[[-99.16301,19.4143],[-99.16222,19.41446],[-99.16218,19.41447]]}},{"type":"Feature","properties":{"class":"shared"},"geometry":{"type":"LineString","coordinates":[[-99.15697,19.41548],[-99.15668,19.41554],[-99.15654,19.41556]]}},{"type":"Feature","properties":{"class":"shared"},"geometry":{"type":"LineString","coordinates":[[-99.15654,19.41556],[-99.15622,19.41563],[-99.15556,19.41575],[-99.15547,19.41577]]}},{"type":"Feature","properties":{"class":"shared"},"geometry":{"type":"LineString","coordinates":[[-99.15899,19.41508],[-99.1589,19.4151]]}},{"type":"Feature","properties":{"class":"shared"},"geometry":{"type":"LineString","coordinates":[[-99.16032,19.41483],[-99.15946,19.41499]]}},{"type":"Feature","properties":{"class":"painted"},"geometry":{"type":"LineString","coordinates":[[-99.16179,19.39636],[-99.16178,19.39642],[-99.16177,19.39646]]}},{"type":"Feature","properties":{"class":"separated"},"geometry":{"type":"LineString","coordinates":[[-99.16236,19.39404],[-99.16233,19.39417],[-99.16208,19.39519],[-99.16189,19.39596],[-99.16179,19.39636]]}},{"type":"Feature","properties":{"class":"shared"},"geometry":{"type":"LineString","coordinates":[[-99.16179,19.39636],[-99.16095,19.39617]]}},{"type":"Feature","properties":{"class":"shared"},"geometry":{"type":"LineString","coordinates":[[-99.16326,19.39667],[-99.16252,19.39651]]}},{"type":"Feature","properties":{"class":"separated"},"geometry":{"type":"LineString","coordinates":[[-99.17088,19.37198],[-99.17091,19.37187],[-99.17092,19.37185]]}},{"type":"Feature","properties":{"class":"separated"},"geometry":{"type":"LineString","coordinates":[[-99.16983,19.37626],[-99.17001,19.37551],[-99.1702,19.37469],[-99.17039,19.37393],[-99.17086,19.37209],[-99.17088,19.37198]]}},{"type":"Feature","properties":{"class":"separated"},"geometry":{"type":"LineString","coordinates":[[-99.16992,19.36313],[-99.16988,19.36332],[-99.16965,19.36436],[-99.1691,19.36666]]}},{"type":"Feature","properties":{"class":"shared"},"geometry":{"type":"LineString","coordinates":[[-99.17056,19.367],[-99.16987,19.36684],[-99.1697,19.3668],[-99.1691,19.36666]]}},{"type":"Feature","properties":{"class":"shared"},"geometry":{"type":"LineString","coordinates":[[-99.1691,19.36666],[-99.16835,19.36649],[-99.16775,19.36636],[-99.16767,19.36634]]}},{"type":"Feature","properties":{"class":"shared"},"geometry":{"type":"LineString","coordinates":[[-99.17599,19.36821],[-99.17534,19.36806]]}},{"type":"Feature","properties":{"class":"shared"},"geometry":{"type":"LineString","coordinates":[[-99.17534,19.36806],[-99.17452,19.36787],[-99.1738,19.3677]]}},{"type":"Feature","properties":{"class":"shared"},"geometry":{"type":"LineString","coordinates":[[-99.1376,19.46226],[-99.13757,19.46296]]}},{"type":"Feature","properties":{"class":"separated"},"geometry":{"type":"LineString","coordinates":[[-99.17366,19.41426],[-99.17326,19.41406],[-99.17288,19.41388],[-99.17225,19.41357],[-99.17222,19.41355]]}},{"type":"Feature","properties":{"class":"separated"},"geometry":{"type":"LineString","coordinates":[[-99.17413,19.41449],[-99.17366,19.41426]]}},{"type":"Feature","properties":{"class":"separated"},"geometry":{"type":"LineString","coordinates":[[-99.17645,19.41565],[-99.17634,19.4156],[-99.17624,19.41554]]}},{"type":"Feature","properties":{"class":"separated"},"geometry":{"type":"LineString","coordinates":[[-99.17884,19.41684],[-99.17804,19.41645],[-99.17722,19.41606],[-99.17645,19.41565]]}},{"type":"Feature","properties":{"class":"separated"},"geometry":{"type":"LineString","coordinates":[[-99.14663,19.42519],[-99.14647,19.42517]]}},{"type":"Feature","properties":{"class":"separated"},"geometry":{"type":"LineString","coordinates":[[-99.1448,19.42494],[-99.14354,19.42478],[-99.14341,19.42476]]}},{"type":"Feature","properties":{"class":"separated"},"geometry":{"type":"LineString","coordinates":[[-99.14647,19.42517],[-99.14509,19.42498]]}},{"type":"Feature","properties":{"class":"separated"},"geometry":{"type":"LineString","coordinates":[[-99.13303,19.42598],[-99.13304,19.42589]]}},{"type":"Feature","properties":{"class":"separated"},"geometry":{"type":"LineString","coordinates":[[-99.13429,19.426],[-99.13428,19.42609]]}},{"type":"Feature","properties":{"class":"shared"},"geometry":{"type":"LineString","coordinates":[[-99.13892,19.4265],[-99.1394,19.42654]]}},{"type":"Feature","properties":{"class":"shared"},"geometry":{"type":"LineString","coordinates":[[-99.1394,19.42654],[-99.14131,19.42671],[-99.14137,19.42673],[-99.14154,19.42681],[-99.14168,19.42686],[-99.14182,19.4269],[-99.14185,19.42691],[-99.14195,19.42692],[-99.142,19.42693]]}},{"type":"Feature","properties":{"class":"shared"},"geometry":{"type":"LineString","coordinates":[[-99.14295,19.42693],[-99.14322,19.42695],[-99.14389,19.42702],[-99.14428,19.42706],[-99.14437,19.42707],[-99.14446,19.42707],[-99.14604,19.42723],[-99.14614,19.42724]]}},{"type":"Feature","properties":{"class":"shared"},"geometry":{"type":"LineString","coordinates":[[-99.14312,19.42217],[-99.14311,19.4223]]}},{"type":"Feature","properties":{"class":"shared"},"geometry":{"type":"LineString","coordinates":[[-99.14346,19.41886],[-99.14341,19.41935],[-99.14335,19.41989]]}},{"type":"Feature","properties":{"class":"painted"},"geometry":{"type":"LineString","coordinates":[[-99.1437,19.41888],[-99.14414,19.41892],[-99.14448,19.41894]]}},{"type":"Feature","properties":{"class":"shared"},"geometry":{"type":"LineString","coordinates":[[-99.14327,19.45588],[-99.14343,19.45592],[-99.14351,19.45593]]}},{"type":"Feature","properties":{"class":"shared"},"geometry":{"type":"LineString","coordinates":[[-99.14351,19.45593],[-99.14362,19.45596],[-99.14456,19.45617],[-99.14484,19.45623]]}},{"type":"Feature","properties":{"class":"shared"},"geometry":{"type":"LineString","coordinates":[[-99.14351,19.41832],[-99.14347,19.41878],[-99.14346,19.41886]]}},{"type":"Feature","properties":{"class":"shared"},"geometry":{"type":"LineString","coordinates":[[-99.13917,19.47438],[-99.13897,19.47386],[-99.13859,19.4729]]}},{"type":"Feature","properties":{"class":"shared"},"geometry":{"type":"LineString","coordinates":[[-99.14014,19.47684],[-99.14,19.47648]]}},{"type":"Feature","properties":{"class":"separated"},"geometry":{"type":"LineString","coordinates":[[-99.19007,19.47961],[-99.19039,19.4801],[-99.19074,19.48062],[-99.19089,19.48078],[-99.191,19.48087],[-99.19111,19.48094],[-99.1914,19.48107],[-99.19237,19.48133]]}},{"type":"Feature","properties":{"class":"separated"},"geometry":{"type":"LineString","coordinates":[[-99.1894,19.35977],[-99.18936,19.36012],[-99.18935,19.36027],[-99.18931,19.36062],[-99.18919,19.36151],[-99.18916,19.36176],[-99.18908,19.3626],[-99.18905,19.36288]]}},{"type":"Feature","properties":{"class":"separated"},"geometry":{"type":"LineString","coordinates":[[-99.1892,19.36289],[-99.18923,19.36259],[-99.18932,19.36174],[-99.18935,19.36138],[-99.18936,19.36129],[-99.18944,19.36057],[-99.18946,19.36041],[-99.18954,19.35978]]}},{"type":"Feature","properties":{"class":"separated"},"geometry":{"type":"LineString","coordinates":[[-99.14799,19.4576],[-99.14768,19.45783],[-99.14757,19.45791],[-99.1475,19.45797],[-99.14745,19.45801],[-99.14741,19.45806],[-99.14731,19.45819],[-99.14723,19.4583]]}},{"type":"Feature","properties":{"class":"separated"},"geometry":{"type":"LineString","coordinates":[[-99.14676,19.45931],[-99.14714,19.45877]]}},{"type":"Feature","properties":{"class":"separated"},"geometry":{"type":"LineString","coordinates":[[-99.14276,19.44104],[-99.14287,19.44108],[-99.14294,19.44111],[-99.14297,19.44112],[-99.14307,19.44115],[-99.14319,19.44116],[-99.14331,19.44115],[-99.14342,19.44112]]}},{"type":"Feature","properties":{"class":"separated"},"geometry":{"type":"LineString","coordinates":[[-99.12644,19.46132],[-99.12643,19.46135]]}},{"type":"Feature","properties":{"class":"separated"},"geometry":{"type":"LineString","coordinates":[[-99.16907,19.41702],[-99.16913,19.41694],[-99.16947,19.41655],[-99.16951,19.4165]]}},{"type":"Feature","properties":{"class":"painted"},"geometry":{"type":"LineString","coordinates":[[-99.16907,19.41702],[-99.16904,19.41691]]}},{"type":"Feature","properties":{"class":"separated"},"geometry":{"type":"LineString","coordinates":[[-99.18497,19.39913],[-99.18501,19.39867]]}},{"type":"Feature","properties":{"class":"separated"},"geometry":{"type":"LineString","coordinates":[[-99.17025,19.4222],[-99.17039,19.42217],[-99.17067,19.4221],[-99.17104,19.42202],[-99.17118,19.42199]]}},{"type":"Feature","properties":{"class":"separated"},"geometry":{"type":"LineString","coordinates":[[-99.1672,19.42254],[-99.16704,19.42257],[-99.16577,19.42285],[-99.16573,19.42286],[-99.16569,19.42287],[-99.16559,19.42289]]}},{"type":"Feature","properties":{"class":"shared"},"geometry":{"type":"LineString","coordinates":[[-99.14512,19.40238],[-99.14508,19.40285],[-99.14506,19.4031],[-99.14504,19.40329]]}},{"type":"Feature","properties":{"class":"separated"},"geometry":{"type":"LineString","coordinates":[[-99.1659,19.44366],[-99.16559,19.44348]]}},{"type":"Feature","properties":{"class":"separated"},"geometry":{"type":"LineString","coordinates":[[-99.16039,19.3834],[-99.16041,19.38348],[-99.16075,19.38464],[-99.16079,19.3848],[-99.16114,19.386]]}},{"type":"Feature","properties":{"class":"separated"},"geometry":{"type":"LineString","coordinates":[[-99.16124,19.38602],[-99.16096,19.38499]]}},{"type":"Feature","properties":{"class":"separated"},"geometry":{"type":"LineString","coordinates":[[-99.16471,19.38438],[-99.16451,19.38521],[-99.16417,19.3867]]}},{"type":"Feature","properties":{"class":"separated"},"geometry":{"type":"LineString","coordinates":[[-99.16417,19.3867],[-99.16393,19.38765],[-99.16375,19.38842],[-99.16361,19.38901]]}},{"type":"Feature","properties":{"class":"shared"},"geometry":{"type":"LineString","coordinates":[[-99.15663,19.37031],[-99.15679,19.37033]]}},{"type":"Feature","properties":{"class":"separated"},"geometry":{"type":"LineString","coordinates":[[-99.15663,19.37031],[-99.15666,19.37043],[-99.15689,19.37121],[-99.15705,19.37174],[-99.15713,19.37204],[-99.15737,19.37286],[-99.15755,19.37349],[-99.15765,19.37384],[-99.15767,19.37393]]}},{"type":"Feature","properties":{"class":"separated"},"geometry":{"type":"LineString","coordinates":[[-99.16812,19.38324],[-99.16869,19.38093],[-99.16889,19.38006],[-99.16892,19.37993],[-99.16907,19.37933],[-99.16925,19.37858]]}},{"type":"Feature","properties":{"class":"shared"},"geometry":{"type":"LineString","coordinates":[[-99.17203,19.3673],[-99.17056,19.367]]}},{"type":"Feature","properties":{"class":"separated"},"geometry":{"type":"LineString","coordinates":[[-99.17092,19.37185],[-99.17094,19.37177],[-99.17104,19.37132],[-99.17108,19.37119],[-99.1712,19.37068],[-99.17127,19.37038],[-99.17149,19.36962],[-99.17173,19.3686],[-99.17177,19.36843],[-99.17193,19.36772],[-99.17203,19.3673]]}},{"type":"Feature","properties":{"class":"separated"},"geometry":{"type":"LineString","coordinates":[[-99.18699,19.34928],[-99.18702,19.34918]]}},{"type":"Feature","properties":{"class":"separated"},"geometry":{"type":"LineString","coordinates":[[-99.16541,19.41522],[-99.16533,19.4155]]}},{"type":"Feature","properties":{"class":"shared"},"geometry":{"type":"LineString","coordinates":[[-99.16533,19.4155],[-99.1653,19.41548],[-99.16526,19.41546],[-99.16433,19.41491]]}},{"type":"Feature","properties":{"class":"separated"},"geometry":{"type":"LineString","coordinates":[[-99.16541,19.41522],[-99.1654,19.41516],[-99.16538,19.4151],[-99.16529,19.41472]]}},{"type":"Feature","properties":{"class":"separated"},"geometry":{"type":"LineString","coordinates":[[-99.1691,19.36666],[-99.16854,19.36898],[-99.16824,19.3702],[-99.16822,19.37024],[-99.16817,19.37047],[-99.1681,19.37074],[-99.16798,19.3712],[-99.16795,19.37133]]}},{"type":"Feature","properties":{"class":"separated"},"geometry":{"type":"LineString","coordinates":[[-99.1849,19.40003],[-99.18492,19.39984],[-99.18492,19.39978]]}},{"type":"Feature","properties":{"class":"separated"},"geometry":{"type":"LineString","coordinates":[[-99.16555,19.44359],[-99.16585,19.44377]]}},{"type":"Feature","properties":{"class":"shared"},"geometry":{"type":"LineString","coordinates":[[-99.14879,19.34274],[-99.14896,19.34334]]}},{"type":"Feature","properties":{"class":"shared"},"geometry":{"type":"LineString","coordinates":[[-99.15307,19.35789],[-99.15299,19.35802]]}},{"type":"Feature","properties":{"class":"shared"},"geometry":{"type":"LineString","coordinates":[[-99.16853,19.41646],[-99.16851,19.41646],[-99.16788,19.41659]]}},{"type":"Feature","properties":{"class":"separated"},"geometry":{"type":"LineString","coordinates":[[-99.16808,19.40705],[-99.16805,19.40715],[-99.16803,19.4072],[-99.16785,19.40779]]}},{"type":"Feature","properties":{"class":"separated"},"geometry":{"type":"LineString","coordinates":[[-99.1806,19.36779],[-99.18059,19.36785],[-99.18059,19.36789],[-99.18059,19.36792],[-99.18059,19.36796]]}},{"type":"Feature","properties":{"class":"separated"},"geometry":{"type":"LineString","coordinates":[[-99.18059,19.36796],[-99.18061,19.36799],[-99.18063,19.36803],[-99.18065,19.36806]]}},{"type":"Feature","properties":{"class":"separated"},"geometry":{"type":"LineString","coordinates":[[-99.14257,19.44079],[-99.14261,19.4409]]}},{"type":"Feature","properties":{"class":"separated"},"geometry":{"type":"LineString","coordinates":[[-99.17577,19.38385],[-99.17587,19.38354],[-99.17592,19.38337]]}},{"type":"Feature","properties":{"class":"painted"},"geometry":{"type":"LineString","coordinates":[[-99.17841,19.4249],[-99.17853,19.42483]]}},{"type":"Feature","properties":{"class":"separated"},"geometry":{"type":"LineString","coordinates":[[-99.17726,19.39942],[-99.17718,19.39968]]}},{"type":"Feature","properties":{"class":"shared"},"geometry":{"type":"LineString","coordinates":[[-99.17425,19.42134],[-99.17426,19.42136],[-99.17431,19.42143]]}},{"type":"Feature","properties":{"class":"shared"},"geometry":{"type":"LineString","coordinates":[[-99.13859,19.4729],[-99.1385,19.4727]]}},{"type":"Feature","properties":{"class":"shared"},"geometry":{"type":"LineString","coordinates":[[-99.19835,19.43187],[-99.19843,19.43188],[-99.19884,19.43191],[-99.19902,19.43193],[-99.1991,19.43194],[-99.19972,19.43199],[-99.19984,19.432],[-99.19995,19.43201],[-99.20001,19.43202],[-99.20018,19.43203],[-99.2005,19.43206],[-99.2006,19.43207]]}},{"type":"Feature","properties":{"class":"shared"},"geometry":{"type":"LineString","coordinates":[[-99.19836,19.43178],[-99.19826,19.43177],[-99.1977,19.43173],[-99.19757,19.43172],[-99.19748,19.43171],[-99.19676,19.43165],[-99.19594,19.43158],[-99.19579,19.43157]]}},{"type":"Feature","properties":{"class":"shared"},"geometry":{"type":"LineString","coordinates":[[-99.20197,19.4322],[-99.20198,19.43211]]}},{"type":"Feature","properties":{"class":"shared"},"geometry":{"type":"LineString","coordinates":[[-99.13993,19.47633],[-99.1398,19.47601],[-99.13965,19.47565]]}},{"type":"Feature","properties":{"class":"shared"},"geometry":{"type":"LineString","coordinates":[[-99.14,19.47648],[-99.13993,19.47633]]}},{"type":"Feature","properties":{"class":"painted"},"geometry":{"type":"LineString","coordinates":[[-99.20085,19.43847],[-99.20097,19.43848]]}},{"type":"Feature","properties":{"class":"painted"},"geometry":{"type":"LineString","coordinates":[[-99.19558,19.43823],[-99.19569,19.43824],[-99.19581,19.43824],[-99.19627,19.43827],[-99.19787,19.43836],[-99.19909,19.43842],[-99.19999,19.43845],[-99.20085,19.43847]]}},{"type":"Feature","properties":{"class":"separated"},"geometry":{"type":"LineString","coordinates":[[-99.18945,19.35932],[-99.1894,19.35977]]}},{"type":"Feature","properties":{"class":"separated"},"geometry":{"type":"LineString","coordinates":[[-99.18954,19.35978],[-99.1896,19.35933]]}},{"type":"Feature","properties":{"class":"painted"},"geometry":{"type":"LineString","coordinates":[[-99.18918,19.36308],[-99.1892,19.36289]]}},{"type":"Feature","properties":{"class":"separated"},"geometry":{"type":"LineString","coordinates":[[-99.18879,19.36644],[-99.18888,19.36566],[-99.18896,19.3649],[-99.18899,19.36462],[-99.18912,19.36353],[-99.18914,19.36339],[-99.18915,19.36329],[-99.18916,19.36324],[-99.18918,19.36308]]}},{"type":"Feature","properties":{"class":"separated"},"geometry":{"type":"LineString","coordinates":[[-99.17812,19.42417],[-99.17837,19.42479],[-99.17839,19.42484],[-99.17841,19.4249]]}},{"type":"Feature","properties":{"class":"shared"},"geometry":{"type":"LineString","coordinates":[[-99.16028,19.45922],[-99.16203,19.4595],[-99.16245,19.45957]]}},{"type":"Feature","properties":{"class":"shared"},"geometry":{"type":"LineString","coordinates":[[-99.18147,19.3663],[-99.18153,19.36611],[-99.1816,19.36588]]}},{"type":"Feature","properties":{"class":"separated"},"geometry":{"type":"LineString","coordinates":[[-99.18206,19.36397],[-99.18195,19.36432]]}},{"type":"Feature","properties":{"class":"separated"},"geometry":{"type":"LineString","coordinates":[[-99.1816,19.36588],[-99.18194,19.3649]]}},{"type":"Feature","properties":{"class":"separated"},"geometry":{"type":"LineString","coordinates":[[-99.18368,19.35947],[-99.18386,19.35892]]}},{"type":"Feature","properties":{"class":"separated"},"geometry":{"type":"LineString","coordinates":[[-99.18465,19.35647],[-99.1848,19.35603]]}},{"type":"Feature","properties":{"class":"shared"},"geometry":{"type":"LineString","coordinates":[[-99.13795,19.45626],[-99.13785,19.45662]]}},{"type":"Feature","properties":{"class":"shared"},"geometry":{"type":"LineString","coordinates":[[-99.13782,19.45711],[-99.13781,19.45734]]}},{"type":"Feature","properties":{"class":"shared"},"geometry":{"type":"LineString","coordinates":[[-99.13785,19.45662],[-99.13782,19.45711]]}},{"type":"Feature","properties":{"class":"shared"},"geometry":{"type":"LineString","coordinates":[[-99.13778,19.45781],[-99.13776,19.45827]]}},{"type":"Feature","properties":{"class":"shared"},"geometry":{"type":"LineString","coordinates":[[-99.13781,19.45734],[-99.13778,19.45781]]}},{"type":"Feature","properties":{"class":"shared"},"geometry":{"type":"LineString","coordinates":[[-99.14024,19.43828],[-99.14021,19.43849],[-99.1402,19.43854],[-99.14018,19.43865]]}},{"type":"Feature","properties":{"class":"separated"},"geometry":{"type":"LineString","coordinates":[[-99.17259,19.4039],[-99.17166,19.4036]]}},{"type":"Feature","properties":{"class":"separated"},"geometry":{"type":"LineString","coordinates":[[-99.17905,19.37374],[-99.17909,19.37361],[-99.17946,19.37248],[-99.1796,19.37205]]}},{"type":"Feature","properties":{"class":"separated"},"geometry":{"type":"LineString","coordinates":[[-99.19215,19.37638],[-99.19207,19.37636]]}},{"type":"Feature","properties":{"class":"shared"},"geometry":{"type":"LineString","coordinates":[[-99.17241,19.39872],[-99.17235,19.3988],[-99.1723,19.39887]]}},{"type":"Feature","properties":{"class":"separated"},"geometry":{"type":"LineString","coordinates":[[-99.18718,19.37255],[-99.18717,19.37262],[-99.18717,19.37267],[-99.18718,19.37279]]}},{"type":"Feature","properties":{"class":"separated"},"geometry":{"type":"LineString","coordinates":[[-99.18702,19.37267],[-99.18708,19.37284],[-99.18717,19.37312]]}},{"type":"Feature","properties":{"class":"shared"},"geometry":{"type":"LineString","coordinates":[[-99.16673,19.45026],[-99.16676,19.44981],[-99.16679,19.44947],[-99.16687,19.44853]]}},{"type":"Feature","properties":{"class":"separated"},"geometry":{"type":"LineString","coordinates":[[-99.16876,19.4222],[-99.16867,19.42222],[-99.16845,19.42226],[-99.16787,19.42239],[-99.16739,19.4225],[-99.16734,19.42251],[-99.1673,19.42252],[-99.1672,19.42254]]}},{"type":"Feature","properties":{"class":"separated"},"geometry":{"type":"LineString","coordinates":[[-99.193,19.39515],[-99.19297,19.39529]]}},{"type":"Feature","properties":{"class":"separated"},"geometry":{"type":"LineString","coordinates":[[-99.193,19.39515],[-99.19307,19.39508],[-99.19311,19.39504],[-99.19313,19.39501],[-99.19317,19.39494],[-99.19319,19.3949],[-99.19321,19.39486],[-99.19324,19.39482],[-99.19325,19.39478],[-99.19325,19.39473],[-99.19325,19.39467],[-99.19325,19.39458],[-99.19327,19.39444],[-99.1933,19.39436],[-99.19331,19.3943],[-99.19341,19.39386],[-99.19353,19.39334],[-99.19355,19.39325],[-99.19357,19.39321],[-99.19359,19.39318],[-99.19362,19.39311],[-99.19367,19.39287],[-99.1937,19.39278],[-99.19372,19.39272],[-99.19374,19.39261],[-99.19386,19.39209],[-99.19388,19.39203],[-99.19391,19.39195],[-99.19397,19.3917],[-99.19403,19.39146],[-99.19412,19.39105],[-99.19413,19.39097],[-99.19417,19.3909],[-99.19425,19.39057],[-99.19428,19.39035],[-99.19426,19.39027],[-99.19423,19.39023],[-99.1942,19.39019],[-99.19416,19.39016],[-99.19414,19.39015],[-99.19414,19.39014]]}},{"type":"Feature","properties":{"class":"separated"},"geometry":{"type":"LineString","coordinates":[[-99.19414,19.39014],[-99.19413,19.39014],[-99.19414,19.39012],[-99.19415,19.39002],[-99.19413,19.38998],[-99.194,19.38997],[-99.19389,19.38996],[-99.19359,19.38994]]}},{"type":"Feature","properties":{"class":"separated"},"geometry":{"type":"LineString","coordinates":[[-99.19314,19.39036],[-99.19309,19.39036],[-99.19208,19.39121],[-99.19209,19.39126]]}},{"type":"Feature","properties":{"class":"shared"},"geometry":{"type":"LineString","coordinates":[[-99.19314,19.39036],[-99.19345,19.39007],[-99.19359,19.38994]]}},{"type":"Feature","properties":{"class":"separated"},"geometry":{"type":"LineString","coordinates":[[-99.19171,19.39154],[-99.19169,19.39162],[-99.19143,19.39186],[-99.19071,19.39248],[-99.19065,19.39249]]}},{"type":"Feature","properties":{"class":"shared"},"geometry":{"type":"LineString","coordinates":[[-99.19171,19.39154],[-99.19173,19.39153],[-99.19182,19.39146],[-99.19195,19.39134],[-99.19209,19.39126]]}},{"type":"Feature","properties":{"class":"separated"},"geometry":{"type":"LineString","coordinates":[[-99.19046,19.39227],[-99.19046,19.39225],[-99.19062,19.3913],[-99.19062,19.39119]]}},{"type":"Feature","properties":{"class":"shared"},"geometry":{"type":"LineString","coordinates":[[-99.19065,19.39249],[-99.19047,19.39231]]}},{"type":"Feature","properties":{"class":"separated"},"geometry":{"type":"LineString","coordinates":[[-99.19093,19.38946],[-99.19094,19.38943],[-99.19107,19.38862]]}},{"type":"Feature","properties":{"class":"separated"},"geometry":{"type":"LineString","coordinates":[[-99.19107,19.38862],[-99.19108,19.38859],[-99.19108,19.38855]]}},{"type":"Feature","properties":{"class":"separated"},"geometry":{"type":"LineString","coordinates":[[-99.19108,19.38855],[-99.19111,19.38839]]}},{"type":"Feature","properties":{"class":"separated"},"geometry":{"type":"LineString","coordinates":[[-99.19111,19.38839],[-99.19112,19.38833],[-99.19114,19.38822],[-99.19115,19.38815]]}},{"type":"Feature","properties":{"class":"separated"},"geometry":{"type":"LineString","coordinates":[[-99.19183,19.38461],[-99.19189,19.38438]]}},{"type":"Feature","properties":{"class":"separated"},"geometry":{"type":"LineString","coordinates":[[-99.19292,19.37817],[-99.19284,19.37816]]}},{"type":"Feature","properties":{"class":"separated"},"geometry":{"type":"LineString","coordinates":[[-99.19284,19.37816],[-99.19271,19.37775],[-99.19259,19.37737],[-99.19253,19.37723],[-99.19226,19.37664],[-99.1922,19.37651],[-99.19215,19.37638]]}},{"type":"Feature","properties":{"class":"separated"},"geometry":{"type":"LineString","coordinates":[[-99.19197,19.37619],[-99.19196,19.37619],[-99.19221,19.37412],[-99.19225,19.37369],[-99.19226,19.37355],[-99.19227,19.37344],[-99.19226,19.37324],[-99.19224,19.37307],[-99.19221,19.37296],[-99.19218,19.37286],[-99.1921,19.37266]]}},{"type":"Feature","properties":{"class":"separated"},"geometry":{"type":"LineString","coordinates":[[-99.19197,19.37236],[-99.1919,19.37221],[-99.19185,19.37204],[-99.19182,19.37191],[-99.1918,19.3718],[-99.19179,19.37163],[-99.19179,19.37151],[-99.1918,19.37141]]}},{"type":"Feature","properties":{"class":"separated"},"geometry":{"type":"LineString","coordinates":[[-99.1921,19.37266],[-99.19197,19.37236]]}},{"type":"Feature","properties":{"class":"separated"},"geometry":{"type":"LineString","coordinates":[[-99.1918,19.37141],[-99.19192,19.37142]]}},{"type":"Feature","properties":{"class":"separated"},"geometry":{"type":"LineString","coordinates":[[-99.18809,19.47873],[-99.18725,19.47849]]}},{"type":"Feature","properties":{"class":"separated"},"geometry":{"type":"LineString","coordinates":[[-99.17738,19.46918],[-99.17719,19.469],[-99.17662,19.46847],[-99.1766,19.46845]]}},{"type":"Feature","properties":{"class":"separated"},"geometry":{"type":"LineString","coordinates":[[-99.18725,19.47849],[-99.18701,19.47842]]}},{"type":"Feature","properties":{"class":"separated"},"geometry":{"type":"LineString","coordinates":[[-99.18885,19.47895],[-99.18853,19.47886]]}},{"type":"Feature","properties":{"class":"shared"},"geometry":{"type":"LineString","coordinates":[[-99.15143,19.36131],[-99.15116,19.36285],[-99.15095,19.36411]]}},{"type":"Feature","properties":{"class":"separated"},"geometry":{"type":"LineString","coordinates":[[-99.17729,19.46675],[-99.17719,19.46673],[-99.17709,19.4667]]}},{"type":"Feature","properties":{"class":"separated"},"geometry":{"type":"LineString","coordinates":[[-99.17719,19.46673],[-99.17727,19.46649],[-99.17743,19.46494]]}},{"type":"Feature","properties":{"class":"separated"},"geometry":{"type":"LineString","coordinates":[[-99.17734,19.46494],[-99.17743,19.46494],[-99.17755,19.46495]]}},{"type":"Feature","properties":{"class":"separated"},"geometry":{"type":"LineString","coordinates":[[-99.17736,19.46475],[-99.17745,19.46475],[-99.17757,19.46476]]}},{"type":"Feature","properties":{"class":"separated"},"geometry":{"type":"LineString","coordinates":[[-99.17759,19.46221],[-99.17767,19.46221],[-99.17777,19.46221]]}},{"type":"Feature","properties":{"class":"separated"},"geometry":{"type":"LineString","coordinates":[[-99.17767,19.46221],[-99.17757,19.46344],[-99.17745,19.46475]]}},{"type":"Feature","properties":{"class":"separated"},"geometry":{"type":"LineString","coordinates":[[-99.17833,19.4595],[-99.17841,19.45958],[-99.17848,19.45965]]}},{"type":"Feature","properties":{"class":"separated"},"geometry":{"type":"LineString","coordinates":[[-99.17775,19.46052],[-99.17785,19.46055],[-99.17795,19.46057]]}},{"type":"Feature","properties":{"class":"separated"},"geometry":{"type":"LineString","coordinates":[[-99.17772,19.46072],[-99.17781,19.46073],[-99.17791,19.46075]]}},{"type":"Feature","properties":{"class":"separated"},"geometry":{"type":"LineString","coordinates":[[-99.17762,19.46187],[-99.17771,19.46188],[-99.1778,19.46189]]}},{"type":"Feature","properties":{"class":"separated"},"geometry":{"type":"LineString","coordinates":[[-99.17771,19.46188],[-99.17781,19.46073]]}},{"type":"Feature","properties":{"class":"separated"},"geometry":{"type":"LineString","coordinates":[[-99.17785,19.46055],[-99.17794,19.46031],[-99.17841,19.45958]]}},{"type":"Feature","properties":{"class":"shared"},"geometry":{"type":"LineString","coordinates":[[-99.15463,19.45833],[-99.15592,19.45853],[-99.15605,19.45855]]}},{"type":"Feature","properties":{"class":"shared"},"geometry":{"type":"LineString","coordinates":[[-99.1453,19.4011],[-99.1452,19.40178]]}},{"type":"Feature","properties":{"class":"shared"},"geometry":{"type":"LineString","coordinates":[[-99.14554,19.39929],[-99.1455,19.39965]]}},{"type":"Feature","properties":{"class":"shared"},"geometry":{"type":"LineString","coordinates":[[-99.15323,19.3579],[-99.1531,19.35749]]}},{"type":"Feature","properties":{"class":"shared"},"geometry":{"type":"LineString","coordinates":[[-99.17614,19.40532],[-99.17523,19.40502],[-99.17477,19.40487],[-99.1743,19.40472]]}},{"type":"Feature","properties":{"class":"painted"},"geometry":{"type":"LineString","coordinates":[[-99.13613,19.43423],[-99.13561,19.43416],[-99.1351,19.4341]]}},{"type":"Feature","properties":{"class":"separated"},"geometry":{"type":"LineString","coordinates":[[-99.15779,19.43519],[-99.15797,19.43478]]}},{"type":"Feature","properties":{"class":"separated"},"geometry":{"type":"LineString","coordinates":[[-99.15763,19.43513],[-99.15762,19.43515],[-99.15724,19.43603]]}},{"type":"Feature","properties":{"class":"shared"},"geometry":{"type":"LineString","coordinates":[[-99.18995,19.39555],[-99.1899,19.39556]]}},{"type":"Feature","properties":{"class":"separated"},"geometry":{"type":"LineString","coordinates":[[-99.14667,19.46032],[-99.14667,19.46029],[-99.14666,19.46026],[-99.14665,19.46024],[-99.14663,19.46022],[-99.1466,19.4602],[-99.14657,19.4602],[-99.14654,19.46019],[-99.14651,19.4602],[-99.14649,19.46021],[-99.14646,19.46023],[-99.14645,19.46025],[-99.14643,19.46027],[-99.14643,19.4603],[-99.14643,19.46033],[-99.14644,19.46035],[-99.14645,19.46038],[-99.14648,19.4604],[-99.1465,19.46041],[-99.14653,19.46042],[-99.14655,19.46042],[-99.14658,19.46042],[-99.14661,19.46041],[-99.14663,19.46039],[-99.14665,19.46037],[-99.14666,19.46035],[-99.14667,19.46032]]}},{"type":"Feature","properties":{"class":"separated"},"geometry":{"type":"LineString","coordinates":[[-99.14631,19.46074],[-99.14628,19.46074],[-99.14625,19.46073],[-99.14623,19.46072],[-99.14621,19.46069],[-99.14619,19.46067],[-99.14618,19.46064],[-99.14618,19.46062],[-99.14618,19.46059],[-99.14619,19.46057],[-99.14621,19.46055],[-99.14623,19.46053],[-99.14625,19.46051],[-99.14627,19.4605],[-99.1463,19.4605],[-99.14633,19.4605],[-99.14635,19.46051],[-99.14638,19.46052],[-99.1464,19.46053],[-99.14641,19.46055],[-99.14643,19.46057],[-99.14643,19.46059],[-99.14644,19.46061],[-99.14644,19.46063],[-99.14643,19.46066],[-99.14642,19.46068],[-99.14641,19.4607],[-99.14639,19.46072],[-99.14637,19.46073],[-99.14634,19.46074],[-99.14631,19.46074]]}},{"type":"Feature","properties":{"class":"separated"},"geometry":{"type":"LineString","coordinates":[[-99.1465,19.46041],[-99.1464,19.46053]]}},{"type":"Feature","properties":{"class":"separated"},"geometry":{"type":"LineString","coordinates":[[-99.14645,19.46038],[-99.14635,19.46051]]}},{"type":"Feature","properties":{"class":"separated"},"geometry":{"type":"LineString","coordinates":[[-99.1475,19.45824],[-99.14754,19.45819],[-99.14759,19.45814],[-99.14801,19.45784],[-99.14836,19.4576]]}},{"type":"Feature","properties":{"class":"separated"},"geometry":{"type":"LineString","coordinates":[[-99.18434,19.40793],[-99.18433,19.40782]]}},{"type":"Feature","properties":{"class":"shared"},"geometry":{"type":"LineString","coordinates":[[-99.18001,19.42883],[-99.1801,19.42907],[-99.18022,19.42944],[-99.18054,19.43025],[-99.18096,19.43127]]}},{"type":"Feature","properties":{"class":"separated"},"geometry":{"type":"LineString","coordinates":[[-99.20146,19.41976],[-99.20166,19.41966],[-99.20224,19.41939]]}},{"type":"Feature","properties":{"class":"separated"},"geometry":{"type":"LineString","coordinates":[[-99.20524,19.43951],[-99.20502,19.43974],[-99.20495,19.43981],[-99.20485,19.4399],[-99.20463,19.44008]]}},{"type":"Feature","properties":{"class":"shared"},"geometry":{"type":"LineString","coordinates":[[-99.16131,19.42426],[-99.16118,19.42403]]}},{"type":"Feature","properties":{"class":"shared"},"geometry":{"type":"LineString","coordinates":[[-99.14482,19.40558],[-99.14478,19.40596],[-99.1447,19.40674]]}},{"type":"Feature","properties":{"class":"separated"},"geometry":{"type":"LineString","coordinates":[[-99.19065,19.39098],[-99.19067,19.39099]]}},{"type":"Feature","properties":{"class":"shared"},"geometry":{"type":"LineString","coordinates":[[-99.16239,19.42481],[-99.1623,19.42501],[-99.16228,19.42506],[-99.16221,19.4252]]}},{"type":"Feature","properties":{"class":"separated"},"geometry":{"type":"LineString","coordinates":[[-99.14372,19.34229],[-99.14404,19.34361]]}},{"type":"Feature","properties":{"class":"separated"},"geometry":{"type":"LineString","coordinates":[[-99.1435,19.34178],[-99.14357,19.34207]]}},{"type":"Feature","properties":{"class":"separated"},"geometry":{"type":"LineString","coordinates":[[-99.14357,19.34207],[-99.14363,19.34231]]}},{"type":"Feature","properties":{"class":"separated"},"geometry":{"type":"LineString","coordinates":[[-99.18853,19.47886],[-99.18845,19.47884],[-99.18809,19.47873]]}},{"type":"Feature","properties":{"class":"shared"},"geometry":{"type":"LineString","coordinates":[[-99.12098,19.40915],[-99.12109,19.40915]]}},{"type":"Feature","properties":{"class":"shared"},"geometry":{"type":"LineString","coordinates":[[-99.1216,19.41075],[-99.1216,19.4108]]}},{"type":"Feature","properties":{"class":"shared"},"geometry":{"type":"LineString","coordinates":[[-99.1216,19.4108],[-99.1216,19.4109]]}},{"type":"Feature","properties":{"class":"shared"},"geometry":{"type":"LineString","coordinates":[[-99.1216,19.4109],[-99.1216,19.41093],[-99.1216,19.41097]]}},{"type":"Feature","properties":{"class":"shared"},"geometry":{"type":"LineString","coordinates":[[-99.1216,19.41105],[-99.1216,19.41109]]}},{"type":"Feature","properties":{"class":"shared"},"geometry":{"type":"LineString","coordinates":[[-99.1216,19.41109],[-99.12161,19.41115],[-99.12161,19.41125]]}},{"type":"Feature","properties":{"class":"shared"},"geometry":{"type":"LineString","coordinates":[[-99.1215,19.41374],[-99.12135,19.41376],[-99.12126,19.41376]]}},{"type":"Feature","properties":{"class":"shared"},"geometry":{"type":"LineString","coordinates":[[-99.12216,19.41366],[-99.12205,19.41367],[-99.12193,19.41368],[-99.12178,19.41368]]}},{"type":"Feature","properties":{"class":"shared"},"geometry":{"type":"LineString","coordinates":[[-99.12271,19.41365],[-99.12229,19.41366],[-99.12216,19.41366]]}},{"type":"Feature","properties":{"class":"shared"},"geometry":{"type":"LineString","coordinates":[[-99.123,19.41364],[-99.12271,19.41365]]}},{"type":"Feature","properties":{"class":"shared"},"geometry":{"type":"LineString","coordinates":[[-99.12358,19.41362],[-99.12349,19.41362],[-99.12338,19.41363],[-99.12308,19.41363],[-99.123,19.41364]]}},{"type":"Feature","properties":{"class":"shared"},"geometry":{"type":"LineString","coordinates":[[-99.1238,19.41361],[-99.12372,19.41361],[-99.12367,19.41362],[-99.12358,19.41362]]}},{"type":"Feature","properties":{"class":"shared"},"geometry":{"type":"LineString","coordinates":[[-99.1244,19.41358],[-99.12428,19.41359],[-99.12397,19.4136],[-99.12383,19.41361],[-99.1238,19.41361]]}},{"type":"Feature","properties":{"class":"shared"},"geometry":{"type":"LineString","coordinates":[[-99.1247,19.41357],[-99.12452,19.41358],[-99.1244,19.41358]]}},{"type":"Feature","properties":{"class":"shared"},"geometry":{"type":"LineString","coordinates":[[-99.12817,19.41343],[-99.12792,19.41344],[-99.12781,19.41345]]}},{"type":"Feature","properties":{"class":"shared"},"geometry":{"type":"LineString","coordinates":[[-99.13477,19.41323],[-99.13366,19.41326]]}},{"type":"Feature","properties":{"class":"shared"},"geometry":{"type":"LineString","coordinates":[[-99.1283,19.41342],[-99.12817,19.41343]]}},{"type":"Feature","properties":{"class":"shared"},"geometry":{"type":"LineString","coordinates":[[-99.12864,19.41341],[-99.12857,19.41341],[-99.12841,19.41342],[-99.1283,19.41342]]}},{"type":"Feature","properties":{"class":"shared"},"geometry":{"type":"LineString","coordinates":[[-99.12902,19.4134],[-99.12877,19.4134],[-99.12864,19.41341]]}},{"type":"Feature","properties":{"class":"shared"},"geometry":{"type":"LineString","coordinates":[[-99.13067,19.41335],[-99.13054,19.41335],[-99.13025,19.41336]]}},{"type":"Feature","properties":{"class":"shared"},"geometry":{"type":"LineString","coordinates":[[-99.13105,19.41334],[-99.1308,19.41334],[-99.13067,19.41335]]}},{"type":"Feature","properties":{"class":"shared"},"geometry":{"type":"LineString","coordinates":[[-99.13343,19.41327],[-99.13329,19.41327],[-99.13279,19.41329],[-99.13265,19.41329]]}},{"type":"Feature","properties":{"class":"shared"},"geometry":{"type":"LineString","coordinates":[[-99.13366,19.41326],[-99.13343,19.41327]]}},{"type":"Feature","properties":{"class":"shared"},"geometry":{"type":"LineString","coordinates":[[-99.13671,19.41423],[-99.13659,19.41415],[-99.13654,19.41413],[-99.13631,19.41399]]}},{"type":"Feature","properties":{"class":"shared"},"geometry":{"type":"LineString","coordinates":[[-99.13631,19.41399],[-99.13616,19.4139]]}},{"type":"Feature","properties":{"class":"shared"},"geometry":{"type":"LineString","coordinates":[[-99.13696,19.41438],[-99.13682,19.4143],[-99.13671,19.41423]]}},{"type":"Feature","properties":{"class":"shared"},"geometry":{"type":"LineString","coordinates":[[-99.13808,19.41478],[-99.13754,19.41474]]}},{"type":"Feature","properties":{"class":"shared"},"geometry":{"type":"LineString","coordinates":[[-99.1387,19.41482],[-99.13861,19.41481],[-99.13846,19.4148],[-99.13808,19.41478]]}},{"type":"Feature","properties":{"class":"shared"},"geometry":{"type":"LineString","coordinates":[[-99.13919,19.41485],[-99.13894,19.41484],[-99.13876,19.41482],[-99.1387,19.41482]]}},{"type":"Feature","properties":{"class":"shared"},"geometry":{"type":"LineString","coordinates":[[-99.12922,19.41339],[-99.12909,19.41339],[-99.12907,19.41339],[-99.12902,19.4134]]}},{"type":"Feature","properties":{"class":"shared"},"geometry":{"type":"LineString","coordinates":[[-99.14014,19.41491],[-99.13919,19.41485]]}},{"type":"Feature","properties":{"class":"shared"},"geometry":{"type":"LineString","coordinates":[[-99.1411,19.41498],[-99.14085,19.41496],[-99.14014,19.41491]]}},{"type":"Feature","properties":{"class":"shared"},"geometry":{"type":"LineString","coordinates":[[-99.14168,19.41502],[-99.14135,19.415],[-99.1411,19.41498]]}},{"type":"Feature","properties":{"class":"shared"},"geometry":{"type":"LineString","coordinates":[[-99.14442,19.41521],[-99.14403,19.41519],[-99.14384,19.41517]]}},{"type":"Feature","properties":{"class":"shared"},"geometry":{"type":"LineString","coordinates":[[-99.14507,19.41526],[-99.14448,19.41522],[-99.14442,19.41521]]}},{"type":"Feature","properties":{"class":"shared"},"geometry":{"type":"LineString","coordinates":[[-99.14576,19.41531],[-99.14535,19.41528],[-99.14507,19.41526]]}},{"type":"Feature","properties":{"class":"shared"},"geometry":{"type":"LineString","coordinates":[[-99.14654,19.41538],[-99.14632,19.41536],[-99.14586,19.41532],[-99.14576,19.41531]]}},{"type":"Feature","properties":{"class":"shared"},"geometry":{"type":"LineString","coordinates":[[-99.14709,19.41542],[-99.14676,19.41539],[-99.14654,19.41538]]}},{"type":"Feature","properties":{"class":"shared"},"geometry":{"type":"LineString","coordinates":[[-99.14876,19.41554],[-99.14846,19.41552],[-99.14835,19.41551],[-99.14822,19.4155]]}},{"type":"Feature","properties":{"class":"shared"},"geometry":{"type":"LineString","coordinates":[[-99.14964,19.41561],[-99.14876,19.41554]]}},{"type":"Feature","properties":{"class":"shared"},"geometry":{"type":"LineString","coordinates":[[-99.15018,19.41565],[-99.1499,19.41563],[-99.14964,19.41561]]}},{"type":"Feature","properties":{"class":"shared"},"geometry":{"type":"LineString","coordinates":[[-99.15089,19.41571],[-99.15064,19.41569],[-99.15018,19.41565]]}},{"type":"Feature","properties":{"class":"shared"},"geometry":{"type":"LineString","coordinates":[[-99.15136,19.41574],[-99.15113,19.41572],[-99.15089,19.41571]]}},{"type":"Feature","properties":{"class":"shared"},"geometry":{"type":"LineString","coordinates":[[-99.15278,19.41585],[-99.15136,19.41574]]}},{"type":"Feature","properties":{"class":"shared"},"geometry":{"type":"LineString","coordinates":[[-99.15329,19.41589],[-99.15302,19.41587],[-99.15278,19.41585]]}},{"type":"Feature","properties":{"class":"shared"},"geometry":{"type":"LineString","coordinates":[[-99.15361,19.41591],[-99.15351,19.4159],[-99.15329,19.41589]]}},{"type":"Feature","properties":{"class":"shared"},"geometry":{"type":"LineString","coordinates":[[-99.15393,19.41593],[-99.15371,19.41592],[-99.15361,19.41591]]}},{"type":"Feature","properties":{"class":"shared"},"geometry":{"type":"LineString","coordinates":[[-99.15506,19.41585],[-99.15485,19.41589],[-99.15464,19.41593],[-99.15451,19.41596]]}},{"type":"Feature","properties":{"class":"shared"},"geometry":{"type":"LineString","coordinates":[[-99.15547,19.41577],[-99.15519,19.41583],[-99.15506,19.41585]]}},{"type":"Feature","properties":{"class":"shared"},"geometry":{"type":"LineString","coordinates":[[-99.15774,19.41533],[-99.15751,19.41538],[-99.15697,19.41548]]}},{"type":"Feature","properties":{"class":"shared"},"geometry":{"type":"LineString","coordinates":[[-99.15815,19.41525],[-99.15788,19.4153],[-99.15774,19.41533]]}},{"type":"Feature","properties":{"class":"shared"},"geometry":{"type":"LineString","coordinates":[[-99.15946,19.41499],[-99.15909,19.41506],[-99.15899,19.41508]]}},{"type":"Feature","properties":{"class":"shared"},"geometry":{"type":"LineString","coordinates":[[-99.16176,19.41455],[-99.16108,19.41468],[-99.16102,19.41469]]}},{"type":"Feature","properties":{"class":"shared"},"geometry":{"type":"LineString","coordinates":[[-99.16063,19.41477],[-99.16044,19.4148],[-99.16032,19.41483]]}},{"type":"Feature","properties":{"class":"shared"},"geometry":{"type":"LineString","coordinates":[[-99.16218,19.41447],[-99.16188,19.41453],[-99.16176,19.41455]]}},{"type":"Feature","properties":{"class":"shared"},"geometry":{"type":"LineString","coordinates":[[-99.16384,19.41461],[-99.16356,19.41444],[-99.16348,19.41438]]}},{"type":"Feature","properties":{"class":"shared"},"geometry":{"type":"LineString","coordinates":[[-99.16588,19.41583],[-99.16566,19.4157]]}},{"type":"Feature","properties":{"class":"shared"},"geometry":{"type":"LineString","coordinates":[[-99.16751,19.41679],[-99.16745,19.41677],[-99.16739,19.41675],[-99.16736,19.41674]]}},{"type":"Feature","properties":{"class":"shared"},"geometry":{"type":"LineString","coordinates":[[-99.16788,19.41679],[-99.16778,19.4168],[-99.16771,19.4168],[-99.16766,19.4168],[-99.16759,19.41679],[-99.16751,19.41679]]}},{"type":"Feature","properties":{"class":"shared"},"geometry":{"type":"LineString","coordinates":[[-99.16941,19.41649],[-99.16927,19.41652],[-99.16898,19.41658],[-99.16893,19.41659],[-99.16881,19.41661]]}},{"type":"Feature","properties":{"class":"separated"},"geometry":{"type":"LineString","coordinates":[[-99.16996,19.41594],[-99.17002,19.41601],[-99.17018,19.41622],[-99.17021,19.41626],[-99.17027,19.41634]]}},{"type":"Feature","properties":{"class":"shared"},"geometry":{"type":"LineString","coordinates":[[-99.17259,19.4193],[-99.17269,19.41943],[-99.17277,19.41955]]}},{"type":"Feature","properties":{"class":"separated"},"geometry":{"type":"LineString","coordinates":[[-99.16904,19.41691],[-99.16899,19.41685],[-99.16885,19.41666],[-99.16881,19.41661]]}},{"type":"Feature","properties":{"class":"painted"},"geometry":{"type":"LineString","coordinates":[[-99.16321,19.41401],[-99.16327,19.41423],[-99.16328,19.41426]]}},{"type":"Feature","properties":{"class":"shared"},"geometry":{"type":"LineString","coordinates":[[-99.14384,19.41517],[-99.14379,19.41557]]}},{"type":"Feature","properties":{"class":"shared"},"geometry":{"type":"LineString","coordinates":[[-99.17541,19.4207],[-99.17454,19.42091]]}},{"type":"Feature","properties":{"class":"shared"},"geometry":{"type":"LineString","coordinates":[[-99.17454,19.42091],[-99.17424,19.42098],[-99.17419,19.42099],[-99.17415,19.421],[-99.17405,19.42102]]}},{"type":"Feature","properties":{"class":"shared"},"geometry":{"type":"LineString","coordinates":[[-99.17123,19.41736],[-99.17087,19.41692],[-99.17071,19.41671],[-99.17063,19.41661],[-99.17051,19.41646],[-99.17047,19.41641],[-99.17043,19.41636],[-99.17039,19.41632]]}},{"type":"Feature","properties":{"class":"shared"},"geometry":{"type":"LineString","coordinates":[[-99.16896,19.41637],[-99.16875,19.41642],[-99.16867,19.41643],[-99.16853,19.41646]]}},{"type":"Feature","properties":{"class":"shared"},"geometry":{"type":"LineString","coordinates":[[-99.16913,19.41634],[-99.16896,19.41637]]}},{"type":"Feature","properties":{"class":"shared"},"geometry":{"type":"LineString","coordinates":[[-99.16788,19.41659],[-99.16756,19.41665],[-99.16751,19.41665],[-99.16746,19.41665],[-99.16741,19.41665]]}},{"type":"Feature","properties":{"class":"shared"},"geometry":{"type":"LineString","coordinates":[[-99.16307,19.41414],[-99.16296,19.41408],[-99.16274,19.41396]]}},{"type":"Feature","properties":{"class":"shared"},"geometry":{"type":"LineString","coordinates":[[-99.16239,19.41377],[-99.1623,19.41372],[-99.16213,19.41362]]}},{"type":"Feature","properties":{"class":"shared"},"geometry":{"type":"LineString","coordinates":[[-99.16213,19.41362],[-99.16186,19.41368],[-99.16168,19.41371],[-99.16156,19.41373]]}},{"type":"Feature","properties":{"class":"shared"},"geometry":{"type":"LineString","coordinates":[[-99.16156,19.41373],[-99.16094,19.41385],[-99.16085,19.41387],[-99.16068,19.4139],[-99.16049,19.41394]]}},{"type":"Feature","properties":{"class":"shared"},"geometry":{"type":"LineString","coordinates":[[-99.16049,19.41394],[-99.1603,19.41398],[-99.16024,19.41399],[-99.16012,19.41401]]}},{"type":"Feature","properties":{"class":"shared"},"geometry":{"type":"LineString","coordinates":[[-99.16012,19.41401],[-99.15911,19.41421]]}},{"type":"Feature","properties":{"class":"shared"},"geometry":{"type":"LineString","coordinates":[[-99.15911,19.41421],[-99.1589,19.41425],[-99.15879,19.41427]]}},{"type":"Feature","properties":{"class":"shared"},"geometry":{"type":"LineString","coordinates":[[-99.15879,19.41427],[-99.1587,19.41429]]}},{"type":"Feature","properties":{"class":"shared"},"geometry":{"type":"LineString","coordinates":[[-99.1587,19.41429],[-99.15852,19.41433],[-99.15792,19.41444]]}},{"type":"Feature","properties":{"class":"shared"},"geometry":{"type":"LineString","coordinates":[[-99.15792,19.41444],[-99.15768,19.41449],[-99.15754,19.41451]]}},{"type":"Feature","properties":{"class":"shared"},"geometry":{"type":"LineString","coordinates":[[-99.15754,19.41451],[-99.15696,19.41463],[-99.15677,19.41467]]}},{"type":"Feature","properties":{"class":"shared"},"geometry":{"type":"LineString","coordinates":[[-99.15677,19.41467],[-99.15647,19.41472],[-99.15634,19.41475]]}},{"type":"Feature","properties":{"class":"shared"},"geometry":{"type":"LineString","coordinates":[[-99.15531,19.41495],[-99.155,19.41501],[-99.15487,19.41503]]}},{"type":"Feature","properties":{"class":"shared"},"geometry":{"type":"LineString","coordinates":[[-99.15444,19.41506],[-99.1537,19.41502],[-99.15328,19.41499]]}},{"type":"Feature","properties":{"class":"shared"},"geometry":{"type":"LineString","coordinates":[[-99.15328,19.41499],[-99.15303,19.41497],[-99.15291,19.41496]]}},{"type":"Feature","properties":{"class":"shared"},"geometry":{"type":"LineString","coordinates":[[-99.15291,19.41496],[-99.15274,19.41495],[-99.1526,19.41494],[-99.15172,19.41487]]}},{"type":"Feature","properties":{"class":"shared"},"geometry":{"type":"LineString","coordinates":[[-99.15172,19.41487],[-99.15139,19.41485],[-99.15118,19.41484]]}},{"type":"Feature","properties":{"class":"shared"},"geometry":{"type":"LineString","coordinates":[[-99.15118,19.41484],[-99.15114,19.41483],[-99.15094,19.41482],[-99.15025,19.41476]]}},{"type":"Feature","properties":{"class":"shared"},"geometry":{"type":"LineString","coordinates":[[-99.15025,19.41476],[-99.14994,19.41474],[-99.14981,19.41473]]}},{"type":"Feature","properties":{"class":"shared"},"geometry":{"type":"LineString","coordinates":[[-99.14875,19.41465],[-99.14849,19.41463],[-99.14837,19.41462]]}},{"type":"Feature","properties":{"class":"shared"},"geometry":{"type":"LineString","coordinates":[[-99.14827,19.41462],[-99.14716,19.41453]]}},{"type":"Feature","properties":{"class":"shared"},"geometry":{"type":"LineString","coordinates":[[-99.14716,19.41453],[-99.14684,19.4145],[-99.14672,19.4145]]}},{"type":"Feature","properties":{"class":"shared"},"geometry":{"type":"LineString","coordinates":[[-99.1466,19.41449],[-99.14625,19.41446],[-99.14572,19.41442]]}},{"type":"Feature","properties":{"class":"shared"},"geometry":{"type":"LineString","coordinates":[[-99.14672,19.4145],[-99.1466,19.41449]]}},{"type":"Feature","properties":{"class":"shared"},"geometry":{"type":"LineString","coordinates":[[-99.14572,19.41442],[-99.14539,19.41439]]}},{"type":"Feature","properties":{"class":"shared"},"geometry":{"type":"LineString","coordinates":[[-99.14539,19.41439],[-99.14536,19.41439],[-99.14522,19.41438]]}},{"type":"Feature","properties":{"class":"shared"},"geometry":{"type":"LineString","coordinates":[[-99.14445,19.41433],[-99.14412,19.41431],[-99.14393,19.41429]]}},{"type":"Feature","properties":{"class":"shared"},"geometry":{"type":"LineString","coordinates":[[-99.14393,19.41429],[-99.1417,19.41411]]}},{"type":"Feature","properties":{"class":"shared"},"geometry":{"type":"LineString","coordinates":[[-99.1417,19.41411],[-99.14137,19.41408],[-99.14124,19.41407]]}},{"type":"Feature","properties":{"class":"shared"},"geometry":{"type":"LineString","coordinates":[[-99.1393,19.41392],[-99.13894,19.41389],[-99.13881,19.41388]]}},{"type":"Feature","properties":{"class":"shared"},"geometry":{"type":"LineString","coordinates":[[-99.13723,19.41377],[-99.1369,19.41375],[-99.13678,19.41374]]}},{"type":"Feature","properties":{"class":"shared"},"geometry":{"type":"LineString","coordinates":[[-99.13678,19.41374],[-99.1365,19.41372]]}},{"type":"Feature","properties":{"class":"shared"},"geometry":{"type":"LineString","coordinates":[[-99.1365,19.41372],[-99.13609,19.41369],[-99.13604,19.41369],[-99.136,19.41368]]}},{"type":"Feature","properties":{"class":"shared"},"geometry":{"type":"LineString","coordinates":[[-99.13377,19.41248],[-99.13346,19.4123]]}},{"type":"Feature","properties":{"class":"shared"},"geometry":{"type":"LineString","coordinates":[[-99.13346,19.4123],[-99.13339,19.41225],[-99.13314,19.4121]]}},{"type":"Feature","properties":{"class":"shared"},"geometry":{"type":"LineString","coordinates":[[-99.13314,19.4121],[-99.13302,19.41209],[-99.13287,19.41209]]}},{"type":"Feature","properties":{"class":"shared"},"geometry":{"type":"LineString","coordinates":[[-99.13132,19.41201],[-99.13125,19.41201],[-99.13117,19.41202],[-99.13111,19.41204],[-99.13106,19.41206],[-99.131,19.4121],[-99.13097,19.41212],[-99.13094,19.41215],[-99.13088,19.4122],[-99.13083,19.41227]]}},{"type":"Feature","properties":{"class":"shared"},"geometry":{"type":"LineString","coordinates":[[-99.13074,19.41286],[-99.13072,19.41297]]}},{"type":"Feature","properties":{"class":"shared"},"geometry":{"type":"LineString","coordinates":[[-99.13076,19.41274],[-99.13074,19.41286]]}},{"type":"Feature","properties":{"class":"separated"},"geometry":{"type":"LineString","coordinates":[[-99.16478,19.41721],[-99.1641,19.41732]]}},{"type":"Feature","properties":{"class":"shared"},"geometry":{"type":"LineString","coordinates":[[-99.16447,19.41878],[-99.16458,19.41843],[-99.16459,19.41838]]}},{"type":"Feature","properties":{"class":"separated"},"geometry":{"type":"LineString","coordinates":[[-99.13833,19.3636],[-99.13832,19.36367],[-99.1383,19.36377],[-99.13808,19.36486],[-99.13807,19.36489],[-99.13794,19.36547],[-99.13782,19.36604],[-99.13756,19.36711],[-99.13754,19.36721]]}},{"type":"Feature","properties":{"class":"shared"},"geometry":{"type":"LineString","coordinates":[[-99.15506,19.37006],[-99.15519,19.37008]]}},{"type":"Feature","properties":{"class":"shared"},"geometry":{"type":"LineString","coordinates":[[-99.15609,19.37022],[-99.15654,19.37029],[-99.15663,19.37031]]}},{"type":"Feature","properties":{"class":"shared"},"geometry":{"type":"LineString","coordinates":[[-99.15679,19.37033],[-99.15688,19.37035],[-99.15707,19.37038],[-99.15799,19.37052],[-99.15826,19.37056]]}},{"type":"Feature","properties":{"class":"shared"},"geometry":{"type":"LineString","coordinates":[[-99.15826,19.37056],[-99.15837,19.37058],[-99.15854,19.37061],[-99.15861,19.37062],[-99.15866,19.37063],[-99.15871,19.37064]]}},{"type":"Feature","properties":{"class":"shared"},"geometry":{"type":"LineString","coordinates":[[-99.16416,19.37052],[-99.16436,19.37056],[-99.16464,19.37062],[-99.16469,19.37064],[-99.16478,19.37065]]}},{"type":"Feature","properties":{"class":"shared"},"geometry":{"type":"LineString","coordinates":[[-99.16492,19.37069],[-99.16485,19.37055],[-99.16476,19.37053],[-99.16439,19.37044],[-99.16395,19.37034],[-99.16346,19.37024],[-99.16339,19.37022]]}},{"type":"Feature","properties":{"class":"shared"},"geometry":{"type":"LineString","coordinates":[[-99.16721,19.37118],[-99.16734,19.3712],[-99.16775,19.37129],[-99.1678,19.3713],[-99.16787,19.37131],[-99.16795,19.37133],[-99.16803,19.37135],[-99.1681,19.37137],[-99.16867,19.37149],[-99.16891,19.37154],[-99.16905,19.37158]]}},{"type":"Feature","properties":{"class":"shared"},"geometry":{"type":"LineString","coordinates":[[-99.16941,19.37166],[-99.16955,19.37169],[-99.17015,19.37182]]}},{"type":"Feature","properties":{"class":"shared"},"geometry":{"type":"LineString","coordinates":[[-99.16905,19.37158],[-99.1691,19.37159],[-99.16928,19.37163],[-99.16941,19.37166]]}},{"type":"Feature","properties":{"class":"shared"},"geometry":{"type":"LineString","coordinates":[[-99.17015,19.37182],[-99.17074,19.37195],[-99.17081,19.37197],[-99.17088,19.37198]]}},{"type":"Feature","properties":{"class":"shared"},"geometry":{"type":"LineString","coordinates":[[-99.17088,19.37198],[-99.17099,19.37201],[-99.17104,19.37202],[-99.17166,19.37216],[-99.17175,19.37218],[-99.17187,19.3722],[-99.17207,19.37225],[-99.17249,19.37234],[-99.17264,19.37238],[-99.17274,19.3724],[-99.17281,19.37242],[-99.17301,19.37246],[-99.17322,19.37251],[-99.17337,19.37255]]}},{"type":"Feature","properties":{"class":"shared"},"geometry":{"type":"LineString","coordinates":[[-99.17337,19.37255],[-99.17396,19.37268],[-99.1741,19.37271]]}},{"type":"Feature","properties":{"class":"shared"},"geometry":{"type":"LineString","coordinates":[[-99.1741,19.37271],[-99.17425,19.37274],[-99.1747,19.37283],[-99.17485,19.37286],[-99.17498,19.37289],[-99.17544,19.37298],[-99.17558,19.37301],[-99.17572,19.37303],[-99.17601,19.37308],[-99.17625,19.37312],[-99.17633,19.37314]]}},{"type":"Feature","properties":{"class":"shared"},"geometry":{"type":"LineString","coordinates":[[-99.17665,19.37319],[-99.17708,19.37327],[-99.17743,19.37335],[-99.17764,19.3734],[-99.17809,19.37351],[-99.17819,19.37354],[-99.17831,19.37356],[-99.17845,19.3736],[-99.17877,19.37367],[-99.17884,19.37369],[-99.17887,19.3737],[-99.1789,19.3737]]}},{"type":"Feature","properties":{"class":"shared"},"geometry":{"type":"LineString","coordinates":[[-99.17633,19.37314],[-99.17665,19.37319]]}},{"type":"Feature","properties":{"class":"shared"},"geometry":{"type":"LineString","coordinates":[[-99.18187,19.37441],[-99.18254,19.37457],[-99.18295,19.37466],[-99.18307,19.37469]]}},{"type":"Feature","properties":{"class":"shared"},"geometry":{"type":"LineString","coordinates":[[-99.18501,19.37523],[-99.18553,19.37537],[-99.18561,19.37539],[-99.18565,19.3754]]}},{"type":"Feature","properties":{"class":"shared"},"geometry":{"type":"LineString","coordinates":[[-99.18755,19.37592],[-99.18773,19.37597]]}},{"type":"Feature","properties":{"class":"shared"},"geometry":{"type":"LineString","coordinates":[[-99.16299,19.37007],[-99.16294,19.37004],[-99.16289,19.37001],[-99.16285,19.36999],[-99.16262,19.36981]]}},{"type":"Feature","properties":{"class":"shared"},"geometry":{"type":"LineString","coordinates":[[-99.16262,19.36981],[-99.1624,19.36965]]}},{"type":"Feature","properties":{"class":"shared"},"geometry":{"type":"LineString","coordinates":[[-99.1624,19.36965],[-99.16197,19.36933]]}},{"type":"Feature","properties":{"class":"shared"},"geometry":{"type":"LineString","coordinates":[[-99.16197,19.36933],[-99.1618,19.3692],[-99.16171,19.36913],[-99.16168,19.36911]]}},{"type":"Feature","properties":{"class":"shared"},"geometry":{"type":"LineString","coordinates":[[-99.16168,19.36911],[-99.16161,19.36906],[-99.16157,19.36904],[-99.16058,19.36829],[-99.16019,19.36801],[-99.16016,19.36799],[-99.15978,19.36771]]}},{"type":"Feature","properties":{"class":"shared"},"geometry":{"type":"LineString","coordinates":[[-99.15978,19.36771],[-99.15949,19.36749],[-99.1594,19.36742]]}},{"type":"Feature","properties":{"class":"shared"},"geometry":{"type":"LineString","coordinates":[[-99.15907,19.3672],[-99.15902,19.36717],[-99.15892,19.36711],[-99.15882,19.36706],[-99.15874,19.36701],[-99.15866,19.36697]]}},{"type":"Feature","properties":{"class":"shared"},"geometry":{"type":"LineString","coordinates":[[-99.1594,19.36742],[-99.15933,19.36737],[-99.15925,19.36731],[-99.15914,19.36724],[-99.15907,19.3672]]}},{"type":"Feature","properties":{"class":"shared"},"geometry":{"type":"LineString","coordinates":[[-99.15866,19.36697],[-99.15854,19.36691],[-99.15846,19.36687],[-99.1584,19.36684],[-99.15834,19.36681],[-99.15829,19.36679],[-99.15824,19.36678]]}},{"type":"Feature","properties":{"class":"shared"},"geometry":{"type":"LineString","coordinates":[[-99.15824,19.36678],[-99.15814,19.36674],[-99.15803,19.36671],[-99.15789,19.36667]]}},{"type":"Feature","properties":{"class":"shared"},"geometry":{"type":"LineString","coordinates":[[-99.1561,19.36635],[-99.15597,19.36633],[-99.15578,19.3663],[-99.15565,19.36628]]}},{"type":"Feature","properties":{"class":"shared"},"geometry":{"type":"LineString","coordinates":[[-99.1507,19.36552],[-99.15069,19.36561]]}},{"type":"Feature","properties":{"class":"shared"},"geometry":{"type":"LineString","coordinates":[[-99.16478,19.41721],[-99.16472,19.41743]]}},{"type":"Feature","properties":{"class":"shared"},"geometry":{"type":"LineString","coordinates":[[-99.13921,19.44484],[-99.13894,19.44652]]}},{"type":"Feature","properties":{"class":"shared"},"geometry":{"type":"LineString","coordinates":[[-99.14091,19.48067],[-99.14109,19.48111],[-99.14114,19.48121],[-99.14119,19.4813],[-99.14124,19.48139],[-99.14131,19.48148],[-99.14138,19.48157]]}},{"type":"Feature","properties":{"class":"shared"},"geometry":{"type":"LineString","coordinates":[[-99.14041,19.47942],[-99.14073,19.48023],[-99.14077,19.48033]]}},{"type":"Feature","properties":{"class":"shared"},"geometry":{"type":"LineString","coordinates":[[-99.14077,19.48033],[-99.14089,19.48063],[-99.14091,19.48067]]}},{"type":"Feature","properties":{"class":"shared"},"geometry":{"type":"LineString","coordinates":[[-99.14174,19.48085],[-99.14168,19.48068],[-99.14166,19.48064],[-99.14103,19.47909],[-99.14048,19.47769],[-99.14032,19.47727]]}},{"type":"Feature","properties":{"class":"shared"},"geometry":{"type":"LineString","coordinates":[[-99.14032,19.47727],[-99.14014,19.47684]]}},{"type":"Feature","properties":{"class":"shared"},"geometry":{"type":"LineString","coordinates":[[-99.13965,19.47565],[-99.13956,19.47542],[-99.13937,19.4749],[-99.13917,19.47438]]}},{"type":"Feature","properties":{"class":"shared"},"geometry":{"type":"LineString","coordinates":[[-99.1385,19.4727],[-99.13845,19.4726]]}},{"type":"Feature","properties":{"class":"shared"},"geometry":{"type":"LineString","coordinates":[[-99.13646,19.46931],[-99.13622,19.46898],[-99.13617,19.46891]]}},{"type":"Feature","properties":{"class":"shared"},"geometry":{"type":"LineString","coordinates":[[-99.15217,19.35466],[-99.1522,19.35476],[-99.15225,19.35495],[-99.15226,19.35498],[-99.15229,19.35509]]}},{"type":"Feature","properties":{"class":"shared"},"geometry":{"type":"LineString","coordinates":[[-99.15263,19.35629],[-99.15284,19.35706]]}},{"type":"Feature","properties":{"class":"shared"},"geometry":{"type":"LineString","coordinates":[[-99.15161,19.36023],[-99.15151,19.36084]]}},{"type":"Feature","properties":{"class":"shared"},"geometry":{"type":"LineString","coordinates":[[-99.15178,19.35919],[-99.15176,19.35925],[-99.15161,19.36023]]}},{"type":"Feature","properties":{"class":"shared"},"geometry":{"type":"LineString","coordinates":[[-99.15151,19.36084],[-99.15146,19.36116],[-99.15143,19.36131]]}},{"type":"Feature","properties":{"class":"shared"},"geometry":{"type":"LineString","coordinates":[[-99.15095,19.36411],[-99.15077,19.36516]]}},{"type":"Feature","properties":{"class":"shared"},"geometry":{"type":"LineString","coordinates":[[-99.15077,19.36516],[-99.15074,19.36533],[-99.15072,19.36542],[-99.1507,19.36552]]}},{"type":"Feature","properties":{"class":"shared"},"geometry":{"type":"LineString","coordinates":[[-99.15069,19.36561],[-99.15048,19.36679],[-99.15026,19.36801],[-99.15014,19.36873]]}},{"type":"Feature","properties":{"class":"shared"},"geometry":{"type":"LineString","coordinates":[[-99.15014,19.36873],[-99.15008,19.36903],[-99.15006,19.36917],[-99.15004,19.3693]]}},{"type":"Feature","properties":{"class":"shared"},"geometry":{"type":"LineString","coordinates":[[-99.15004,19.3693],[-99.14984,19.37041],[-99.14982,19.37058],[-99.14959,19.37188],[-99.1494,19.373]]}},{"type":"Feature","properties":{"class":"shared"},"geometry":{"type":"LineString","coordinates":[[-99.1494,19.373],[-99.1492,19.37405]]}},{"type":"Feature","properties":{"class":"shared"},"geometry":{"type":"LineString","coordinates":[[-99.1492,19.37405],[-99.14916,19.3743],[-99.14913,19.37444]]}},{"type":"Feature","properties":{"class":"shared"},"geometry":{"type":"LineString","coordinates":[[-99.14849,19.37764],[-99.14835,19.37837],[-99.14833,19.37847],[-99.14824,19.3789]]}},{"type":"Feature","properties":{"class":"shared"},"geometry":{"type":"LineString","coordinates":[[-99.14858,19.37722],[-99.14854,19.37743],[-99.14849,19.37764]]}},{"type":"Feature","properties":{"class":"shared"},"geometry":{"type":"LineString","coordinates":[[-99.14824,19.3789],[-99.14816,19.37933]]}},{"type":"Feature","properties":{"class":"shared"},"geometry":{"type":"LineString","coordinates":[[-99.14816,19.37933],[-99.14801,19.3801],[-99.14793,19.38051]]}},{"type":"Feature","properties":{"class":"shared"},"geometry":{"type":"LineString","coordinates":[[-99.14793,19.38051],[-99.14786,19.38092]]}},{"type":"Feature","properties":{"class":"shared"},"geometry":{"type":"LineString","coordinates":[[-99.14776,19.38143],[-99.1477,19.38172]]}},{"type":"Feature","properties":{"class":"shared"},"geometry":{"type":"LineString","coordinates":[[-99.14744,19.384],[-99.14728,19.38544]]}},{"type":"Feature","properties":{"class":"shared"},"geometry":{"type":"LineString","coordinates":[[-99.14749,19.38357],[-99.14744,19.384]]}},{"type":"Feature","properties":{"class":"shared"},"geometry":{"type":"LineString","coordinates":[[-99.14724,19.38585],[-99.1472,19.38618]]}},{"type":"Feature","properties":{"class":"shared"},"geometry":{"type":"LineString","coordinates":[[-99.14686,19.38901],[-99.14681,19.38938]]}},{"type":"Feature","properties":{"class":"shared"},"geometry":{"type":"LineString","coordinates":[[-99.14639,19.39258],[-99.14638,19.39266],[-99.14626,19.39364],[-99.14623,19.39394],[-99.1462,19.39417],[-99.14616,19.39443],[-99.14611,19.39482]]}},{"type":"Feature","properties":{"class":"shared"},"geometry":{"type":"LineString","coordinates":[[-99.14645,19.39219],[-99.1464,19.3925],[-99.14639,19.39258]]}},{"type":"Feature","properties":{"class":"shared"},"geometry":{"type":"LineString","coordinates":[[-99.14611,19.39482],[-99.14607,19.39514]]}},{"type":"Feature","properties":{"class":"shared"},"geometry":{"type":"LineString","coordinates":[[-99.14607,19.39514],[-99.14606,19.39519],[-99.14605,19.39526]]}},{"type":"Feature","properties":{"class":"shared"},"geometry":{"type":"LineString","coordinates":[[-99.1457,19.3981],[-99.14568,19.39824],[-99.14563,19.39864],[-99.14554,19.39929]]}},{"type":"Feature","properties":{"class":"shared"},"geometry":{"type":"LineString","coordinates":[[-99.14576,19.39764],[-99.1457,19.3981]]}},{"type":"Feature","properties":{"class":"shared"},"geometry":{"type":"LineString","coordinates":[[-99.14536,19.40069],[-99.1453,19.4011]]}},{"type":"Feature","properties":{"class":"shared"},"geometry":{"type":"LineString","coordinates":[[-99.1452,19.40178],[-99.14517,19.40198],[-99.14514,19.40224]]}},{"type":"Feature","properties":{"class":"shared"},"geometry":{"type":"LineString","coordinates":[[-99.14504,19.40329],[-99.14502,19.40352],[-99.145,19.40369]]}},{"type":"Feature","properties":{"class":"shared"},"geometry":{"type":"LineString","coordinates":[[-99.1449,19.40479],[-99.14486,19.40512]]}},{"type":"Feature","properties":{"class":"shared"},"geometry":{"type":"LineString","coordinates":[[-99.1447,19.40674],[-99.14467,19.40706],[-99.14465,19.40718]]}},{"type":"Feature","properties":{"class":"shared"},"geometry":{"type":"LineString","coordinates":[[-99.14459,19.4078],[-99.14456,19.40806]]}},{"type":"Feature","properties":{"class":"shared"},"geometry":{"type":"LineString","coordinates":[[-99.14452,19.40849],[-99.14445,19.40917],[-99.14442,19.40949]]}},{"type":"Feature","properties":{"class":"shared"},"geometry":{"type":"LineString","coordinates":[[-99.14442,19.40949],[-99.14438,19.40986]]}},{"type":"Feature","properties":{"class":"shared"},"geometry":{"type":"LineString","coordinates":[[-99.14438,19.40986],[-99.14433,19.41033]]}},{"type":"Feature","properties":{"class":"shared"},"geometry":{"type":"LineString","coordinates":[[-99.14433,19.41033],[-99.14428,19.41088]]}},{"type":"Feature","properties":{"class":"shared"},"geometry":{"type":"LineString","coordinates":[[-99.14428,19.41088],[-99.14427,19.41097],[-99.14425,19.41111],[-99.14422,19.41142],[-99.14421,19.41155]]}},{"type":"Feature","properties":{"class":"shared"},"geometry":{"type":"LineString","coordinates":[[-99.14421,19.41155],[-99.14416,19.41197]]}},{"type":"Feature","properties":{"class":"shared"},"geometry":{"type":"LineString","coordinates":[[-99.14404,19.41322],[-99.14398,19.41375],[-99.14397,19.41388]]}},{"type":"Feature","properties":{"class":"shared"},"geometry":{"type":"LineString","coordinates":[[-99.14408,19.41282],[-99.14404,19.41322]]}},{"type":"Feature","properties":{"class":"shared"},"geometry":{"type":"LineString","coordinates":[[-99.14397,19.41388],[-99.14393,19.41429]]}},{"type":"Feature","properties":{"class":"shared"},"geometry":{"type":"LineString","coordinates":[[-99.14393,19.41429],[-99.14388,19.41473]]}},{"type":"Feature","properties":{"class":"shared"},"geometry":{"type":"LineString","coordinates":[[-99.14375,19.41597],[-99.1437,19.41651]]}},{"type":"Feature","properties":{"class":"shared"},"geometry":{"type":"LineString","coordinates":[[-99.1437,19.41651],[-99.14366,19.41692]]}},{"type":"Feature","properties":{"class":"shared"},"geometry":{"type":"LineString","coordinates":[[-99.14355,19.41795],[-99.14352,19.41823],[-99.14351,19.41832]]}},{"type":"Feature","properties":{"class":"shared"},"geometry":{"type":"LineString","coordinates":[[-99.14361,19.41734],[-99.14357,19.41772]]}},{"type":"Feature","properties":{"class":"shared"},"geometry":{"type":"LineString","coordinates":[[-99.14357,19.41772],[-99.14355,19.41795]]}},{"type":"Feature","properties":{"class":"shared"},"geometry":{"type":"LineString","coordinates":[[-99.14335,19.41989],[-99.14331,19.4203]]}},{"type":"Feature","properties":{"class":"shared"},"geometry":{"type":"LineString","coordinates":[[-99.14316,19.42178],[-99.14315,19.42189],[-99.14312,19.42217]]}},{"type":"Feature","properties":{"class":"shared"},"geometry":{"type":"LineString","coordinates":[[-99.14323,19.4211],[-99.14319,19.4215]]}},{"type":"Feature","properties":{"class":"shared"},"geometry":{"type":"LineString","coordinates":[[-99.14319,19.4215],[-99.14316,19.42178]]}},{"type":"Feature","properties":{"class":"shared"},"geometry":{"type":"LineString","coordinates":[[-99.14268,19.42421],[-99.14262,19.42444],[-99.14256,19.42466]]}},{"type":"Feature","properties":{"class":"shared"},"geometry":{"type":"LineString","coordinates":[[-99.14218,19.42615],[-99.14212,19.42641],[-99.14211,19.42646],[-99.1421,19.4265],[-99.14208,19.42657]]}},{"type":"Feature","properties":{"class":"shared"},"geometry":{"type":"LineString","coordinates":[[-99.1417,19.42864],[-99.14165,19.42898],[-99.14164,19.42903]]}},{"type":"Feature","properties":{"class":"shared"},"geometry":{"type":"LineString","coordinates":[[-99.14153,19.42988],[-99.14147,19.43027],[-99.14146,19.43035]]}},{"type":"Feature","properties":{"class":"shared"},"geometry":{"type":"LineString","coordinates":[[-99.14146,19.43035],[-99.14139,19.43077]]}},{"type":"Feature","properties":{"class":"shared"},"geometry":{"type":"LineString","coordinates":[[-99.14139,19.43077],[-99.14133,19.43118]]}},{"type":"Feature","properties":{"class":"shared"},"geometry":{"type":"LineString","coordinates":[[-99.14133,19.43118],[-99.14126,19.4316]]}},{"type":"Feature","properties":{"class":"shared"},"geometry":{"type":"LineString","coordinates":[[-99.14126,19.4316],[-99.1412,19.432]]}},{"type":"Feature","properties":{"class":"shared"},"geometry":{"type":"LineString","coordinates":[[-99.1412,19.432],[-99.14114,19.43244]]}},{"type":"Feature","properties":{"class":"shared"},"geometry":{"type":"LineString","coordinates":[[-99.14114,19.43244],[-99.14108,19.43281]]}},{"type":"Feature","properties":{"class":"shared"},"geometry":{"type":"LineString","coordinates":[[-99.14094,19.43368],[-99.14087,19.43413],[-99.14085,19.43424]]}},{"type":"Feature","properties":{"class":"shared"},"geometry":{"type":"LineString","coordinates":[[-99.14085,19.43424],[-99.14078,19.43473],[-99.14077,19.43481]]}},{"type":"Feature","properties":{"class":"shared"},"geometry":{"type":"LineString","coordinates":[[-99.14065,19.43565],[-99.1406,19.43594],[-99.1406,19.43596],[-99.1406,19.43598],[-99.14059,19.43601],[-99.14058,19.43609]]}},{"type":"Feature","properties":{"class":"shared"},"geometry":{"type":"LineString","coordinates":[[-99.14032,19.43779],[-99.14024,19.43828]]}},{"type":"Feature","properties":{"class":"shared"},"geometry":{"type":"LineString","coordinates":[[-99.14038,19.43738],[-99.14033,19.43767],[-99.14033,19.43771],[-99.14032,19.43779]]}},{"type":"Feature","properties":{"class":"shared"},"geometry":{"type":"LineString","coordinates":[[-99.14007,19.4393],[-99.14003,19.43956],[-99.14002,19.43961],[-99.14,19.43973]]}},{"type":"Feature","properties":{"class":"shared"},"geometry":{"type":"LineString","coordinates":[[-99.13991,19.44034],[-99.13989,19.44043],[-99.13988,19.44048],[-99.13986,19.44061],[-99.13986,19.44063],[-99.13985,19.44069],[-99.13984,19.44074],[-99.13984,19.44079]]}},{"type":"Feature","properties":{"class":"shared"},"geometry":{"type":"LineString","coordinates":[[-99.13894,19.44652],[-99.13878,19.44749]]}},{"type":"Feature","properties":{"class":"shared"},"geometry":{"type":"LineString","coordinates":[[-99.13984,19.44079],[-99.13986,19.44102],[-99.13981,19.44142]]}},{"type":"Feature","properties":{"class":"shared"},"geometry":{"type":"LineString","coordinates":[[-99.13878,19.44749],[-99.13874,19.44779]]}},{"type":"Feature","properties":{"class":"shared"},"geometry":{"type":"LineString","coordinates":[[-99.13874,19.44779],[-99.13863,19.44848],[-99.13857,19.44881],[-99.13857,19.44882],[-99.13847,19.44945]]}},{"type":"Feature","properties":{"class":"shared"},"geometry":{"type":"LineString","coordinates":[[-99.13847,19.44945],[-99.13843,19.44971],[-99.13842,19.44975],[-99.13842,19.4498],[-99.13841,19.44987]]}},{"type":"Feature","properties":{"class":"shared"},"geometry":{"type":"LineString","coordinates":[[-99.13841,19.44987],[-99.13839,19.44998]]}},{"type":"Feature","properties":{"class":"shared"},"geometry":{"type":"LineString","coordinates":[[-99.13837,19.45367],[-99.13837,19.45399],[-99.13835,19.4543]]}},{"type":"Feature","properties":{"class":"shared"},"geometry":{"type":"LineString","coordinates":[[-99.13835,19.4543],[-99.13834,19.45455],[-99.13834,19.45459],[-99.13834,19.45461],[-99.13833,19.45476]]}},{"type":"Feature","properties":{"class":"shared"},"geometry":{"type":"LineString","coordinates":[[-99.13833,19.45476],[-99.1383,19.4549]]}},{"type":"Feature","properties":{"class":"shared"},"geometry":{"type":"LineString","coordinates":[[-99.13825,19.45511],[-99.13814,19.4556]]}},{"type":"Feature","properties":{"class":"shared"},"geometry":{"type":"LineString","coordinates":[[-99.1383,19.4549],[-99.13828,19.45498],[-99.13825,19.45511]]}},{"type":"Feature","properties":{"class":"shared"},"geometry":{"type":"LineString","coordinates":[[-99.13767,19.4602],[-99.13764,19.46088],[-99.13764,19.46102],[-99.13764,19.46111]]}},{"type":"Feature","properties":{"class":"shared"},"geometry":{"type":"LineString","coordinates":[[-99.1377,19.45968],[-99.13767,19.4602]]}},{"type":"Feature","properties":{"class":"shared"},"geometry":{"type":"LineString","coordinates":[[-99.13764,19.46111],[-99.13762,19.46156]]}},{"type":"Feature","properties":{"class":"shared"},"geometry":{"type":"LineString","coordinates":[[-99.13756,19.46321],[-99.13754,19.46363]]}},{"type":"Feature","properties":{"class":"shared"},"geometry":{"type":"LineString","coordinates":[[-99.13754,19.46363],[-99.13751,19.46432],[-99.1375,19.46452]]}},{"type":"Feature","properties":{"class":"shared"},"geometry":{"type":"LineString","coordinates":[[-99.13757,19.46296],[-99.13756,19.46321]]}},{"type":"Feature","properties":{"class":"shared"},"geometry":{"type":"LineString","coordinates":[[-99.13749,19.46495],[-99.13747,19.46527]]}},{"type":"Feature","properties":{"class":"shared"},"geometry":{"type":"LineString","coordinates":[[-99.1375,19.46452],[-99.13749,19.46495]]}},{"type":"Feature","properties":{"class":"shared"},"geometry":{"type":"LineString","coordinates":[[-99.13741,19.46649],[-99.13741,19.46653],[-99.13741,19.46656],[-99.13741,19.46663],[-99.13739,19.46671],[-99.13737,19.46678],[-99.13735,19.46685],[-99.13732,19.46693],[-99.13729,19.467],[-99.13725,19.46707],[-99.13722,19.46713],[-99.13718,19.4672],[-99.13714,19.46727],[-99.13709,19.46733],[-99.13704,19.4674],[-99.13701,19.46744]]}},{"type":"Feature","properties":{"class":"shared"},"geometry":{"type":"LineString","coordinates":[[-99.13617,19.46963],[-99.13638,19.46994],[-99.13676,19.47049]]}},{"type":"Feature","properties":{"class":"shared"},"geometry":{"type":"LineString","coordinates":[[-99.13753,19.47236],[-99.13778,19.47291]]}},{"type":"Feature","properties":{"class":"shared"},"geometry":{"type":"LineString","coordinates":[[-99.13864,19.47489],[-99.13869,19.47504],[-99.13918,19.47627]]}},{"type":"Feature","properties":{"class":"shared"},"geometry":{"type":"LineString","coordinates":[[-99.13918,19.47627],[-99.13932,19.47664]]}},{"type":"Feature","properties":{"class":"painted"},"geometry":{"type":"LineString","coordinates":[[-99.15458,19.4339],[-99.15468,19.43391]]}},{"type":"Feature","properties":{"class":"separated"},"geometry":{"type":"LineString","coordinates":[[-99.15367,19.43377],[-99.15375,19.43379],[-99.15382,19.43379],[-99.1544,19.43388],[-99.15444,19.43388],[-99.15452,19.43389],[-99.15458,19.4339]]}},{"type":"Feature","properties":{"class":"shared"},"geometry":{"type":"LineString","coordinates":[[-99.15258,19.35552],[-99.15246,19.35506]]}},{"type":"Feature","properties":{"class":"shared"},"geometry":{"type":"LineString","coordinates":[[-99.15153,19.35183],[-99.15145,19.35155]]}},{"type":"Feature","properties":{"class":"shared"},"geometry":{"type":"LineString","coordinates":[[-99.14981,19.34576],[-99.1497,19.34537]]}},{"type":"Feature","properties":{"class":"separated"},"geometry":{"type":"LineString","coordinates":[[-99.15254,19.44634],[-99.15249,19.44629],[-99.15249,19.44628],[-99.15251,19.4462],[-99.15253,19.44609],[-99.15255,19.44607]]}},{"type":"Feature","properties":{"class":"separated"},"geometry":{"type":"LineString","coordinates":[[-99.14626,19.45999],[-99.1466,19.45952]]}},{"type":"Feature","properties":{"class":"separated"},"geometry":{"type":"LineString","coordinates":[[-99.1466,19.45952],[-99.14673,19.45934],[-99.14676,19.45931]]}},{"type":"Feature","properties":{"class":"separated"},"geometry":{"type":"LineString","coordinates":[[-99.14714,19.45877],[-99.14724,19.45862],[-99.1475,19.45824]]}},{"type":"Feature","properties":{"class":"separated"},"geometry":{"type":"LineString","coordinates":[[-99.15223,19.45208],[-99.15227,19.45184]]}},{"type":"Feature","properties":{"class":"separated"},"geometry":{"type":"LineString","coordinates":[[-99.15291,19.44854],[-99.15299,19.44808]]}},{"type":"Feature","properties":{"class":"separated"},"geometry":{"type":"LineString","coordinates":[[-99.15321,19.44685],[-99.15323,19.44674],[-99.15327,19.44657],[-99.15327,19.44653],[-99.15328,19.44647],[-99.15331,19.44633]]}},{"type":"Feature","properties":{"class":"separated"},"geometry":{"type":"LineString","coordinates":[[-99.15331,19.44633],[-99.15333,19.4462],[-99.15334,19.44614],[-99.15336,19.44603],[-99.15339,19.44593],[-99.15342,19.44585],[-99.15347,19.44572],[-99.1537,19.44521],[-99.15386,19.44486]]}},{"type":"Feature","properties":{"class":"separated"},"geometry":{"type":"LineString","coordinates":[[-99.15386,19.44486],[-99.15388,19.44481],[-99.15399,19.44458],[-99.15403,19.44449]]}},{"type":"Feature","properties":{"class":"separated"},"geometry":{"type":"LineString","coordinates":[[-99.15454,19.44318],[-99.15462,19.44282],[-99.15462,19.44278],[-99.15464,19.44271]]}},{"type":"Feature","properties":{"class":"separated"},"geometry":{"type":"LineString","coordinates":[[-99.15464,19.44271],[-99.15465,19.44263],[-99.15471,19.44237],[-99.15475,19.44218],[-99.15478,19.44205],[-99.15481,19.44197]]}},{"type":"Feature","properties":{"class":"separated"},"geometry":{"type":"LineString","coordinates":[[-99.15481,19.44197],[-99.15484,19.44189],[-99.15495,19.44162],[-99.15499,19.44153]]}},{"type":"Feature","properties":{"class":"separated"},"geometry":{"type":"LineString","coordinates":[[-99.1563,19.43857],[-99.15642,19.4383],[-99.15643,19.43826],[-99.15648,19.43817]]}},{"type":"Feature","properties":{"class":"separated"},"geometry":{"type":"LineString","coordinates":[[-99.15695,19.4371],[-99.15708,19.43681],[-99.1571,19.43677],[-99.15711,19.43673],[-99.15715,19.43664]]}},{"type":"Feature","properties":{"class":"separated"},"geometry":{"type":"LineString","coordinates":[[-99.15758,19.43566],[-99.15771,19.43537],[-99.15779,19.43519]]}},{"type":"Feature","properties":{"class":"separated"},"geometry":{"type":"LineString","coordinates":[[-99.15797,19.43478],[-99.15808,19.43451],[-99.1581,19.43448],[-99.15811,19.43445],[-99.15813,19.4344]]}},{"type":"Feature","properties":{"class":"separated"},"geometry":{"type":"LineString","coordinates":[[-99.15905,19.43235],[-99.15909,19.43226],[-99.15913,19.43218]]}},{"type":"Feature","properties":{"class":"shared"},"geometry":{"type":"LineString","coordinates":[[-99.16069,19.42891],[-99.16081,19.42865],[-99.16082,19.42862],[-99.16083,19.4286],[-99.16088,19.42848]]}},{"type":"Feature","properties":{"class":"shared"},"geometry":{"type":"LineString","coordinates":[[-99.16132,19.42752],[-99.16142,19.4273],[-99.16144,19.42725],[-99.16147,19.4272],[-99.1615,19.42714]]}},{"type":"Feature","properties":{"class":"shared"},"geometry":{"type":"LineString","coordinates":[[-99.16175,19.42652],[-99.16179,19.42643],[-99.16189,19.42621]]}},{"type":"Feature","properties":{"class":"shared"},"geometry":{"type":"LineString","coordinates":[[-99.16221,19.42551],[-99.1623,19.42532],[-99.16232,19.42527],[-99.16238,19.42512]]}},{"type":"Feature","properties":{"class":"shared"},"geometry":{"type":"LineString","coordinates":[[-99.1621,19.42577],[-99.16221,19.42551]]}},{"type":"Feature","properties":{"class":"shared"},"geometry":{"type":"LineString","coordinates":[[-99.16238,19.42512],[-99.16256,19.42473],[-99.16257,19.42472]]}},{"type":"Feature","properties":{"class":"shared"},"geometry":{"type":"LineString","coordinates":[[-99.16323,19.423],[-99.16324,19.42295],[-99.1633,19.42277]]}},{"type":"Feature","properties":{"class":"shared"},"geometry":{"type":"LineString","coordinates":[[-99.16336,19.42255],[-99.16343,19.42231],[-99.16346,19.42221]]}},{"type":"Feature","properties":{"class":"shared"},"geometry":{"type":"LineString","coordinates":[[-99.16365,19.42157],[-99.16382,19.42096]]}},{"type":"Feature","properties":{"class":"shared"},"geometry":{"type":"LineString","coordinates":[[-99.16382,19.42096],[-99.1639,19.42069]]}},{"type":"Feature","properties":{"class":"shared"},"geometry":{"type":"LineString","coordinates":[[-99.16494,19.41718],[-99.16496,19.41712],[-99.16519,19.41642]]}},{"type":"Feature","properties":{"class":"separated"},"geometry":{"type":"LineString","coordinates":[[-99.16529,19.4161],[-99.16538,19.41584],[-99.16541,19.41574],[-99.16543,19.41569],[-99.16547,19.41558]]}},{"type":"Feature","properties":{"class":"separated"},"geometry":{"type":"LineString","coordinates":[[-99.16605,19.41377],[-99.16623,19.4132]]}},{"type":"Feature","properties":{"class":"separated"},"geometry":{"type":"LineString","coordinates":[[-99.16588,19.4143],[-99.16605,19.41377]]}},{"type":"Feature","properties":{"class":"separated"},"geometry":{"type":"LineString","coordinates":[[-99.16623,19.4132],[-99.16634,19.41288],[-99.16638,19.41277]]}},{"type":"Feature","properties":{"class":"separated"},"geometry":{"type":"LineString","coordinates":[[-99.18773,19.37597],[-99.18775,19.37574],[-99.18778,19.3755],[-99.18783,19.3751],[-99.18785,19.37495],[-99.18786,19.37486],[-99.18788,19.3747],[-99.18794,19.37409],[-99.18802,19.3734],[-99.18807,19.37305]]}},{"type":"Feature","properties":{"class":"painted"},"geometry":{"type":"LineString","coordinates":[[-99.18811,19.37263],[-99.18812,19.37252]]}},{"type":"Feature","properties":{"class":"separated"},"geometry":{"type":"LineString","coordinates":[[-99.14684,19.45889],[-99.14665,19.45918],[-99.14662,19.45922]]}},{"type":"Feature","properties":{"class":"painted"},"geometry":{"type":"LineString","coordinates":[[-99.20087,19.44044],[-99.20091,19.43969],[-99.20097,19.43848]]}},{"type":"Feature","properties":{"class":"painted"},"geometry":{"type":"LineString","coordinates":[[-99.19937,19.44425],[-99.1998,19.44326],[-99.19984,19.44316]]}},{"type":"Feature","properties":{"class":"painted"},"geometry":{"type":"LineString","coordinates":[[-99.1999,19.44303],[-99.20055,19.44175],[-99.20057,19.44171]]}},{"type":"Feature","properties":{"class":"painted"},"geometry":{"type":"LineString","coordinates":[[-99.19984,19.44316],[-99.19987,19.44309],[-99.1999,19.44303]]}},{"type":"Feature","properties":{"class":"painted"},"geometry":{"type":"LineString","coordinates":[[-99.20085,19.4406],[-99.20087,19.44044]]}},{"type":"Feature","properties":{"class":"painted"},"geometry":{"type":"LineString","coordinates":[[-99.20072,19.44137],[-99.20081,19.44088],[-99.20085,19.4406]]}},{"type":"Feature","properties":{"class":"painted"},"geometry":{"type":"LineString","coordinates":[[-99.20086,19.43823],[-99.20029,19.4382],[-99.20002,19.4382],[-99.19955,19.43818],[-99.1988,19.43815],[-99.19804,19.43812],[-99.19728,19.43807],[-99.19637,19.43804],[-99.19628,19.43803],[-99.1956,19.438]]}},{"type":"Feature","properties":{"class":"shared"},"geometry":{"type":"LineString","coordinates":[[-99.18003,19.4285],[-99.17999,19.42839],[-99.17995,19.4283],[-99.17966,19.42764],[-99.17922,19.42654],[-99.17887,19.42567],[-99.17871,19.42528],[-99.17857,19.42493],[-99.17857,19.42491],[-99.17853,19.42483]]}},{"type":"Feature","properties":{"class":"shared"},"geometry":{"type":"LineString","coordinates":[[-99.18006,19.42859],[-99.18003,19.4285]]}},{"type":"Feature","properties":{"class":"shared"},"geometry":{"type":"LineString","coordinates":[[-99.17998,19.42875],[-99.18001,19.42883]]}},{"type":"Feature","properties":{"class":"shared"},"geometry":{"type":"LineString","coordinates":[[-99.17995,19.42867],[-99.17998,19.42875]]}},{"type":"Feature","properties":{"class":"separated"},"geometry":{"type":"LineString","coordinates":[[-99.15936,19.43129],[-99.15934,19.43133],[-99.15931,19.4314],[-99.15922,19.43159],[-99.1592,19.43163],[-99.15915,19.43171]]}},{"type":"Feature","properties":{"class":"shared"},"geometry":{"type":"LineString","coordinates":[[-99.1602,19.42964],[-99.16009,19.42986],[-99.16008,19.42988],[-99.16006,19.42991],[-99.16005,19.42994],[-99.15999,19.43006]]}},{"type":"Feature","properties":{"class":"shared"},"geometry":{"type":"LineString","coordinates":[[-99.1607,19.42854],[-99.16029,19.42943],[-99.1602,19.42964]]}},{"type":"Feature","properties":{"class":"shared"},"geometry":{"type":"LineString","coordinates":[[-99.1633,19.42277],[-99.16336,19.42255]]}},{"type":"Feature","properties":{"class":"separated"},"geometry":{"type":"LineString","coordinates":[[-99.13454,19.42429],[-99.13447,19.42472],[-99.13443,19.42501],[-99.13441,19.42507]]}},{"type":"Feature","properties":{"class":"shared"},"geometry":{"type":"LineString","coordinates":[[-99.13498,19.42348],[-99.13495,19.42368]]}},{"type":"Feature","properties":{"class":"separated"},"geometry":{"type":"LineString","coordinates":[[-99.16694,19.411],[-99.16705,19.41066],[-99.16707,19.41061],[-99.16709,19.41055]]}},{"type":"Feature","properties":{"class":"separated"},"geometry":{"type":"LineString","coordinates":[[-99.16732,19.40986],[-99.16746,19.40941],[-99.16749,19.40933],[-99.16751,19.40925]]}},{"type":"Feature","properties":{"class":"separated"},"geometry":{"type":"LineString","coordinates":[[-99.1677,19.40867],[-99.16781,19.40834],[-99.16787,19.40817]]}},{"type":"Feature","properties":{"class":"separated"},"geometry":{"type":"LineString","coordinates":[[-99.16824,19.40702],[-99.16844,19.40641]]}},{"type":"Feature","properties":{"class":"separated"},"geometry":{"type":"LineString","coordinates":[[-99.1681,19.40744],[-99.1682,19.40715],[-99.16823,19.40707],[-99.16824,19.40702]]}},{"type":"Feature","properties":{"class":"separated"},"geometry":{"type":"LineString","coordinates":[[-99.16844,19.40641],[-99.16855,19.4061],[-99.16857,19.40602],[-99.16861,19.40591]]}},{"type":"Feature","properties":{"class":"separated"},"geometry":{"type":"LineString","coordinates":[[-99.16921,19.40408],[-99.16926,19.40392],[-99.16933,19.4037],[-99.16934,19.40367]]}},{"type":"Feature","properties":{"class":"separated"},"geometry":{"type":"LineString","coordinates":[[-99.1696,19.4029],[-99.1697,19.40258],[-99.16973,19.4025]]}},{"type":"Feature","properties":{"class":"separated"},"geometry":{"type":"LineString","coordinates":[[-99.17019,19.40109],[-99.17023,19.40098],[-99.17032,19.40069],[-99.17036,19.40057]]}},{"type":"Feature","properties":{"class":"separated"},"geometry":{"type":"LineString","coordinates":[[-99.1709,19.39891],[-99.17103,19.3985],[-99.17105,19.39843]]}},{"type":"Feature","properties":{"class":"separated"},"geometry":{"type":"LineString","coordinates":[[-99.17167,19.39653],[-99.17177,19.3962],[-99.17179,19.39615]]}},{"type":"Feature","properties":{"class":"separated"},"geometry":{"type":"LineString","coordinates":[[-99.1725,19.39398],[-99.1725,19.39397],[-99.17265,19.3935],[-99.17277,19.39313]]}},{"type":"Feature","properties":{"class":"separated"},"geometry":{"type":"LineString","coordinates":[[-99.17238,19.39434],[-99.17247,19.39407],[-99.1725,19.39398]]}},{"type":"Feature","properties":{"class":"separated"},"geometry":{"type":"LineString","coordinates":[[-99.17277,19.39313],[-99.17285,19.3929],[-99.17287,19.39283],[-99.17289,19.39275]]}},{"type":"Feature","properties":{"class":"separated"},"geometry":{"type":"LineString","coordinates":[[-99.17485,19.38671],[-99.17494,19.38644],[-99.17497,19.38633],[-99.175,19.38623]]}},{"type":"Feature","properties":{"class":"separated"},"geometry":{"type":"LineString","coordinates":[[-99.175,19.38623],[-99.17505,19.38609]]}},{"type":"Feature","properties":{"class":"separated"},"geometry":{"type":"LineString","coordinates":[[-99.17561,19.38434],[-99.17577,19.38385]]}},{"type":"Feature","properties":{"class":"separated"},"geometry":{"type":"LineString","coordinates":[[-99.17683,19.38054],[-99.17693,19.38023],[-99.17695,19.38015]]}},{"type":"Feature","properties":{"class":"separated"},"geometry":{"type":"LineString","coordinates":[[-99.17801,19.37696],[-99.17805,19.37684],[-99.17809,19.3767],[-99.17811,19.37662]]}},{"type":"Feature","properties":{"class":"separated"},"geometry":{"type":"LineString","coordinates":[[-99.17889,19.37423],[-99.17901,19.37386],[-99.17905,19.37374]]}},{"type":"Feature","properties":{"class":"separated"},"geometry":{"type":"LineString","coordinates":[[-99.1796,19.37205],[-99.17972,19.37169],[-99.17975,19.37163]]}},{"type":"Feature","properties":{"class":"separated"},"geometry":{"type":"LineString","coordinates":[[-99.18008,19.37057],[-99.18019,19.37024],[-99.18021,19.37018]]}},{"type":"Feature","properties":{"class":"separated"},"geometry":{"type":"LineString","coordinates":[[-99.18073,19.36859],[-99.18084,19.36826],[-99.18086,19.3682],[-99.18087,19.36816]]}},{"type":"Feature","properties":{"class":"shared"},"geometry":{"type":"LineString","coordinates":[[-99.18087,19.36816],[-99.18104,19.36764]]}},{"type":"Feature","properties":{"class":"painted"},"geometry":{"type":"LineString","coordinates":[[-99.1812,19.36784],[-99.18116,19.36777],[-99.18113,19.36772],[-99.18111,19.3677],[-99.18109,19.36767],[-99.18104,19.36764]]}},{"type":"Feature","properties":{"class":"painted"},"geometry":{"type":"LineString","coordinates":[[-99.18104,19.36764],[-99.18099,19.36762],[-99.18095,19.36761],[-99.1809,19.36761],[-99.18087,19.36761]]}},{"type":"Feature","properties":{"class":"separated"},"geometry":{"type":"LineString","coordinates":[[-99.18209,19.36441],[-99.18212,19.36433]]}},{"type":"Feature","properties":{"class":"separated"},"geometry":{"type":"LineString","coordinates":[[-99.18252,19.36305],[-99.18261,19.36273],[-99.18266,19.36261]]}},{"type":"Feature","properties":{"class":"separated"},"geometry":{"type":"LineString","coordinates":[[-99.1848,19.35603],[-99.18502,19.35533]]}},{"type":"Feature","properties":{"class":"separated"},"geometry":{"type":"LineString","coordinates":[[-99.18502,19.35533],[-99.18512,19.35501]]}},{"type":"Feature","properties":{"class":"separated"},"geometry":{"type":"LineString","coordinates":[[-99.18585,19.35279],[-99.18592,19.35256],[-99.18597,19.3524]]}},{"type":"Feature","properties":{"class":"separated"},"geometry":{"type":"LineString","coordinates":[[-99.1861,19.35199],[-99.18629,19.35141]]}},{"type":"Feature","properties":{"class":"separated"},"geometry":{"type":"LineString","coordinates":[[-99.18597,19.3524],[-99.18604,19.35217],[-99.1861,19.35199]]}},{"type":"Feature","properties":{"class":"separated"},"geometry":{"type":"LineString","coordinates":[[-99.18629,19.35141],[-99.18635,19.35124],[-99.18646,19.35087]]}},{"type":"Feature","properties":{"class":"separated"},"geometry":{"type":"LineString","coordinates":[[-99.18662,19.35038],[-99.18666,19.35026]]}},{"type":"Feature","properties":{"class":"separated"},"geometry":{"type":"LineString","coordinates":[[-99.18685,19.34969],[-99.18699,19.34928]]}},{"type":"Feature","properties":{"class":"separated"},"geometry":{"type":"LineString","coordinates":[[-99.18702,19.34918],[-99.18721,19.34861]]}},{"type":"Feature","properties":{"class":"separated"},"geometry":{"type":"LineString","coordinates":[[-99.19052,19.33912],[-99.19051,19.33894]]}},{"type":"Feature","properties":{"class":"shared"},"geometry":{"type":"LineString","coordinates":[[-99.19029,19.3375],[-99.19027,19.33734]]}},{"type":"Feature","properties":{"class":"separated"},"geometry":{"type":"LineString","coordinates":[[-99.15227,19.45184],[-99.15229,19.45173]]}},{"type":"Feature","properties":{"class":"shared"},"geometry":{"type":"LineString","coordinates":[[-99.19038,19.33944],[-99.19036,19.3396],[-99.19034,19.33968]]}},{"type":"Feature","properties":{"class":"separated"},"geometry":{"type":"LineString","coordinates":[[-99.1897,19.34144],[-99.1896,19.34171],[-99.1895,19.34197],[-99.18941,19.34221]]}},{"type":"Feature","properties":{"class":"separated"},"geometry":{"type":"LineString","coordinates":[[-99.18982,19.34112],[-99.18975,19.34129],[-99.1897,19.34144]]}},{"type":"Feature","properties":{"class":"separated"},"geometry":{"type":"LineString","coordinates":[[-99.18766,19.34683],[-99.18754,19.34711]]}},{"type":"Feature","properties":{"class":"separated"},"geometry":{"type":"LineString","coordinates":[[-99.18754,19.34711],[-99.18745,19.34734]]}},{"type":"Feature","properties":{"class":"separated"},"geometry":{"type":"LineString","coordinates":[[-99.18698,19.34876],[-99.18687,19.34911]]}},{"type":"Feature","properties":{"class":"separated"},"geometry":{"type":"LineString","coordinates":[[-99.18687,19.34911],[-99.18684,19.34921]]}},{"type":"Feature","properties":{"class":"separated"},"geometry":{"type":"LineString","coordinates":[[-99.18659,19.34997],[-99.1865,19.35025],[-99.18645,19.35041]]}},{"type":"Feature","properties":{"class":"separated"},"geometry":{"type":"LineString","coordinates":[[-99.18628,19.35092],[-99.18619,19.3512]]}},{"type":"Feature","properties":{"class":"separated"},"geometry":{"type":"LineString","coordinates":[[-99.18593,19.352],[-99.18581,19.35238]]}},{"type":"Feature","properties":{"class":"separated"},"geometry":{"type":"LineString","coordinates":[[-99.1851,19.3546],[-99.18499,19.35497]]}},{"type":"Feature","properties":{"class":"separated"},"geometry":{"type":"LineString","coordinates":[[-99.18277,19.3618],[-99.18268,19.36207],[-99.18262,19.36226]]}},{"type":"Feature","properties":{"class":"separated"},"geometry":{"type":"LineString","coordinates":[[-99.1816,19.36539],[-99.18145,19.36583]]}},{"type":"Feature","properties":{"class":"shared"},"geometry":{"type":"LineString","coordinates":[[-99.18145,19.36583],[-99.18138,19.36605]]}},{"type":"Feature","properties":{"class":"shared"},"geometry":{"type":"LineString","coordinates":[[-99.18102,19.36716],[-99.18094,19.36739],[-99.18091,19.3675],[-99.18089,19.36755],[-99.18087,19.36761]]}},{"type":"Feature","properties":{"class":"separated"},"geometry":{"type":"LineString","coordinates":[[-99.18017,19.36979],[-99.18008,19.37008],[-99.18006,19.37015]]}},{"type":"Feature","properties":{"class":"separated"},"geometry":{"type":"LineString","coordinates":[[-99.1797,19.37124],[-99.17961,19.37153],[-99.17958,19.37161]]}},{"type":"Feature","properties":{"class":"separated"},"geometry":{"type":"LineString","coordinates":[[-99.17958,19.37161],[-99.17956,19.37169],[-99.17948,19.37195],[-99.17894,19.37357],[-99.1789,19.3737]]}},{"type":"Feature","properties":{"class":"separated"},"geometry":{"type":"LineString","coordinates":[[-99.1781,19.37619],[-99.17799,19.37655],[-99.17797,19.37661]]}},{"type":"Feature","properties":{"class":"separated"},"geometry":{"type":"LineString","coordinates":[[-99.17699,19.37959],[-99.17687,19.37998],[-99.17685,19.38003],[-99.17682,19.38012],[-99.1768,19.3802]]}},{"type":"Feature","properties":{"class":"separated"},"geometry":{"type":"LineString","coordinates":[[-99.17605,19.38252],[-99.17595,19.3828],[-99.17583,19.38318]]}},{"type":"Feature","properties":{"class":"separated"},"geometry":{"type":"LineString","coordinates":[[-99.17299,19.39197],[-99.17278,19.39262],[-99.17275,19.39272]]}},{"type":"Feature","properties":{"class":"separated"},"geometry":{"type":"LineString","coordinates":[[-99.17275,19.39272],[-99.17273,19.3928],[-99.17245,19.39363]]}},{"type":"Feature","properties":{"class":"separated"},"geometry":{"type":"LineString","coordinates":[[-99.17245,19.39363],[-99.17235,19.39394],[-99.17235,19.39394]]}},{"type":"Feature","properties":{"class":"separated"},"geometry":{"type":"LineString","coordinates":[[-99.17177,19.39573],[-99.17167,19.39603],[-99.17164,19.39611]]}},{"type":"Feature","properties":{"class":"separated"},"geometry":{"type":"LineString","coordinates":[[-99.17102,19.39802],[-99.17094,19.39828],[-99.17094,19.39829],[-99.1709,19.39839]]}},{"type":"Feature","properties":{"class":"separated"},"geometry":{"type":"LineString","coordinates":[[-99.1705,19.39962],[-99.17044,19.39979],[-99.17042,19.39985],[-99.17039,19.39995]]}},{"type":"Feature","properties":{"class":"separated"},"geometry":{"type":"LineString","coordinates":[[-99.16972,19.40202],[-99.16968,19.40213],[-99.1696,19.4024],[-99.16956,19.40253]]}},{"type":"Feature","properties":{"class":"separated"},"geometry":{"type":"LineString","coordinates":[[-99.16937,19.40311],[-99.16925,19.40347],[-99.16923,19.40354]]}},{"type":"Feature","properties":{"class":"separated"},"geometry":{"type":"LineString","coordinates":[[-99.16862,19.4054],[-99.16848,19.40581],[-99.16845,19.40591]]}},{"type":"Feature","properties":{"class":"separated"},"geometry":{"type":"LineString","coordinates":[[-99.16785,19.40779],[-99.16774,19.40813],[-99.16771,19.4082]]}},{"type":"Feature","properties":{"class":"separated"},"geometry":{"type":"LineString","coordinates":[[-99.16771,19.4082],[-99.16768,19.40831],[-99.16749,19.40887]]}},{"type":"Feature","properties":{"class":"separated"},"geometry":{"type":"LineString","coordinates":[[-99.16749,19.40887],[-99.16738,19.40921],[-99.16735,19.40931]]}},{"type":"Feature","properties":{"class":"separated"},"geometry":{"type":"LineString","coordinates":[[-99.16711,19.41005],[-99.16697,19.41045],[-99.16695,19.41052]]}},{"type":"Feature","properties":{"class":"separated"},"geometry":{"type":"LineString","coordinates":[[-99.16636,19.41235],[-99.16624,19.41272],[-99.16621,19.41281]]}},{"type":"Feature","properties":{"class":"separated"},"geometry":{"type":"LineString","coordinates":[[-99.1656,19.41466],[-99.16547,19.41505],[-99.16541,19.41522]]}},{"type":"Feature","properties":{"class":"separated"},"geometry":{"type":"LineString","coordinates":[[-99.16533,19.4155],[-99.16529,19.41561],[-99.16527,19.41566],[-99.16525,19.41573]]}},{"type":"Feature","properties":{"class":"separated"},"geometry":{"type":"LineString","coordinates":[[-99.16525,19.41573],[-99.16524,19.41577],[-99.16515,19.41606]]}},{"type":"Feature","properties":{"class":"separated"},"geometry":{"type":"LineString","coordinates":[[-99.16491,19.41678],[-99.16479,19.41715],[-99.16478,19.41721]]}},{"type":"Feature","properties":{"class":"shared"},"geometry":{"type":"LineString","coordinates":[[-99.16472,19.41743],[-99.16458,19.41793]]}},{"type":"Feature","properties":{"class":"shared"},"geometry":{"type":"LineString","coordinates":[[-99.16441,19.41855],[-99.16429,19.41892]]}},{"type":"Feature","properties":{"class":"shared"},"geometry":{"type":"LineString","coordinates":[[-99.16346,19.42176],[-99.16333,19.4222]]}},{"type":"Feature","properties":{"class":"shared"},"geometry":{"type":"LineString","coordinates":[[-99.16323,19.42254],[-99.16317,19.42275]]}},{"type":"Feature","properties":{"class":"shared"},"geometry":{"type":"LineString","coordinates":[[-99.16249,19.42458],[-99.16247,19.42462],[-99.16243,19.42472],[-99.16239,19.42481]]}},{"type":"Feature","properties":{"class":"shared"},"geometry":{"type":"LineString","coordinates":[[-99.16178,19.42617],[-99.16168,19.42641],[-99.16165,19.42646],[-99.16163,19.42651],[-99.16159,19.4266]]}},{"type":"Feature","properties":{"class":"shared"},"geometry":{"type":"LineString","coordinates":[[-99.1608,19.42831],[-99.16075,19.42843],[-99.16073,19.42848],[-99.1607,19.42854]]}},{"type":"Feature","properties":{"class":"separated"},"geometry":{"type":"LineString","coordinates":[[-99.15999,19.43006],[-99.15987,19.43028]]}},{"type":"Feature","properties":{"class":"separated"},"geometry":{"type":"LineString","coordinates":[[-99.15816,19.43392],[-99.15807,19.43411],[-99.15806,19.43415],[-99.15804,19.43418],[-99.15803,19.4342],[-99.15803,19.43422],[-99.15801,19.43426],[-99.158,19.43429],[-99.15796,19.43437]]}},{"type":"Feature","properties":{"class":"separated"},"geometry":{"type":"LineString","coordinates":[[-99.15724,19.43603],[-99.15715,19.43623],[-99.15713,19.43627],[-99.15706,19.43644]]}},{"type":"Feature","properties":{"class":"separated"},"geometry":{"type":"LineString","coordinates":[[-99.1565,19.43771],[-99.15638,19.43798],[-99.15637,19.43802],[-99.15633,19.43811]]}},{"type":"Feature","properties":{"class":"separated"},"geometry":{"type":"LineString","coordinates":[[-99.15578,19.43934],[-99.15569,19.43955],[-99.15567,19.43959],[-99.15566,19.43961],[-99.15564,19.43965],[-99.15561,19.43971]]}},{"type":"Feature","properties":{"class":"separated"},"geometry":{"type":"LineString","coordinates":[[-99.15502,19.4411],[-99.15489,19.44139],[-99.15484,19.44149]]}},{"type":"Feature","properties":{"class":"separated"},"geometry":{"type":"LineString","coordinates":[[-99.15448,19.44269],[-99.15444,19.4429]]}},{"type":"Feature","properties":{"class":"separated"},"geometry":{"type":"LineString","coordinates":[[-99.15403,19.44414],[-99.15388,19.44447]]}},{"type":"Feature","properties":{"class":"separated"},"geometry":{"type":"LineString","coordinates":[[-99.15326,19.44588],[-99.15323,19.44597],[-99.1532,19.4461],[-99.15319,19.44614],[-99.15318,19.44618],[-99.15316,19.44631]]}},{"type":"Feature","properties":{"class":"separated"},"geometry":{"type":"LineString","coordinates":[[-99.15316,19.44631],[-99.15314,19.44641],[-99.15313,19.44644],[-99.15309,19.44666],[-99.15302,19.44705]]}},{"type":"Feature","properties":{"class":"separated"},"geometry":{"type":"LineString","coordinates":[[-99.15302,19.44705],[-99.153,19.44719],[-99.15295,19.44746]]}},{"type":"Feature","properties":{"class":"separated"},"geometry":{"type":"LineString","coordinates":[[-99.15204,19.45234],[-99.15183,19.45341]]}},{"type":"Feature","properties":{"class":"separated"},"geometry":{"type":"LineString","coordinates":[[-99.14929,19.45668],[-99.14892,19.45693],[-99.14862,19.45714]]}},{"type":"Feature","properties":{"class":"separated"},"geometry":{"type":"LineString","coordinates":[[-99.14723,19.4583],[-99.14717,19.45839],[-99.14708,19.45853],[-99.14695,19.45872],[-99.14684,19.45889]]}},{"type":"Feature","properties":{"class":"separated"},"geometry":{"type":"LineString","coordinates":[[-99.14862,19.45714],[-99.14799,19.4576]]}},{"type":"Feature","properties":{"class":"separated"},"geometry":{"type":"LineString","coordinates":[[-99.15937,19.46543],[-99.15937,19.46576],[-99.15936,19.46576],[-99.15936,19.46542],[-99.15935,19.46543],[-99.15935,19.46574]]}},{"type":"Feature","properties":{"class":"separated"},"geometry":{"type":"LineString","coordinates":[[-99.15992,19.46521],[-99.15985,19.46523],[-99.15974,19.46527],[-99.15952,19.46539],[-99.15942,19.46541],[-99.15938,19.46542]]}},{"type":"Feature","properties":{"class":"separated"},"geometry":{"type":"LineString","coordinates":[[-99.15938,19.46542],[-99.15937,19.46543]]}},{"type":"Feature","properties":{"class":"shared"},"geometry":{"type":"LineString","coordinates":[[-99.17586,19.42327],[-99.1757,19.42327]]}},{"type":"Feature","properties":{"class":"shared"},"geometry":{"type":"LineString","coordinates":[[-99.20782,19.43272],[-99.2076,19.43269],[-99.20687,19.43256]]}},{"type":"Feature","properties":{"class":"shared"},"geometry":{"type":"LineString","coordinates":[[-99.13099,19.45314],[-99.13102,19.45301],[-99.13103,19.45298],[-99.13144,19.45249]]}},{"type":"Feature","properties":{"class":"separated"},"geometry":{"type":"LineString","coordinates":[[-99.13331,19.42399],[-99.13339,19.42348]]}},{"type":"Feature","properties":{"class":"separated"},"geometry":{"type":"LineString","coordinates":[[-99.13374,19.42062],[-99.13367,19.42119]]}},{"type":"Feature","properties":{"class":"shared"},"geometry":{"type":"LineString","coordinates":[[-99.13303,19.42598],[-99.13428,19.42609]]}},{"type":"Feature","properties":{"class":"painted"},"geometry":{"type":"LineString","coordinates":[[-99.13557,19.42406],[-99.1356,19.42383]]}},{"type":"Feature","properties":{"class":"separated"},"geometry":{"type":"LineString","coordinates":[[-99.18716,19.34821],[-99.18698,19.34876]]}},{"type":"Feature","properties":{"class":"painted"},"geometry":{"type":"LineString","coordinates":[[-99.1412,19.432],[-99.1397,19.43182],[-99.13863,19.43167]]}},{"type":"Feature","properties":{"class":"painted"},"geometry":{"type":"LineString","coordinates":[[-99.1351,19.4341],[-99.13415,19.43398],[-99.13411,19.43398],[-99.13402,19.43397]]}},{"type":"Feature","properties":{"class":"separated"},"geometry":{"type":"LineString","coordinates":[[-99.15672,19.43198],[-99.15664,19.43201],[-99.15659,19.43204],[-99.15609,19.43228]]}},{"type":"Feature","properties":{"class":"separated"},"geometry":{"type":"LineString","coordinates":[[-99.19142,19.44127],[-99.19135,19.44117],[-99.19102,19.44071],[-99.1909,19.44056]]}},{"type":"Feature","properties":{"class":"painted"},"geometry":{"type":"LineString","coordinates":[[-99.18677,19.43785],[-99.18751,19.43787]]}},{"type":"Feature","properties":{"class":"separated"},"geometry":{"type":"LineString","coordinates":[[-99.18973,19.43145],[-99.18975,19.43045]]}},{"type":"Feature","properties":{"class":"separated"},"geometry":{"type":"LineString","coordinates":[[-99.19234,19.4424],[-99.19223,19.4423],[-99.19218,19.44225],[-99.19214,19.44221],[-99.19211,19.44217],[-99.19169,19.44163],[-99.19158,19.44147],[-99.19142,19.44127]]}},{"type":"Feature","properties":{"class":"separated"},"geometry":{"type":"LineString","coordinates":[[-99.18959,19.43773],[-99.18964,19.43562]]}},{"type":"Feature","properties":{"class":"painted"},"geometry":{"type":"LineString","coordinates":[[-99.18964,19.43562],[-99.18964,19.43547]]}},{"type":"Feature","properties":{"class":"separated"},"geometry":{"type":"LineString","coordinates":[[-99.18964,19.43547],[-99.18965,19.43483],[-99.18967,19.43425],[-99.18968,19.43357]]}},{"type":"Feature","properties":{"class":"painted"},"geometry":{"type":"LineString","coordinates":[[-99.18968,19.43357],[-99.18968,19.43346],[-99.18969,19.43339]]}},{"type":"Feature","properties":{"class":"painted"},"geometry":{"type":"LineString","coordinates":[[-99.18973,19.43152],[-99.18973,19.43145]]}},{"type":"Feature","properties":{"class":"separated"},"geometry":{"type":"LineString","coordinates":[[-99.18654,19.43026],[-99.18657,19.43021],[-99.18658,19.43015],[-99.18657,19.4301],[-99.18655,19.43005],[-99.1865,19.42999],[-99.18647,19.42997],[-99.18641,19.42995],[-99.18635,19.42995],[-99.1863,19.42996],[-99.18625,19.42999]]}},{"type":"Feature","properties":{"class":"painted"},"geometry":{"type":"LineString","coordinates":[[-99.18553,19.42842],[-99.18558,19.42851]]}},{"type":"Feature","properties":{"class":"shared"},"geometry":{"type":"LineString","coordinates":[[-99.18105,19.43127],[-99.18077,19.43059],[-99.18061,19.43023],[-99.18034,19.42952],[-99.18012,19.42876],[-99.18006,19.42859]]}},{"type":"Feature","properties":{"class":"shared"},"geometry":{"type":"LineString","coordinates":[[-99.20139,19.41549],[-99.2014,19.41551],[-99.20143,19.41554],[-99.20147,19.41556],[-99.20151,19.41557],[-99.20155,19.41556]]}},{"type":"Feature","properties":{"class":"shared"},"geometry":{"type":"LineString","coordinates":[[-99.20158,19.41533],[-99.20153,19.41531],[-99.20148,19.41531],[-99.20144,19.41533],[-99.20141,19.41536]]}},{"type":"Feature","properties":{"class":"shared"},"geometry":{"type":"LineString","coordinates":[[-99.20141,19.41536],[-99.20139,19.41538],[-99.20138,19.4154],[-99.20137,19.41544],[-99.20138,19.41548],[-99.20139,19.41549]]}},{"type":"Feature","properties":{"class":"separated"},"geometry":{"type":"LineString","coordinates":[[-99.20124,19.41495],[-99.20113,19.41475],[-99.20094,19.41441]]}},{"type":"Feature","properties":{"class":"separated"},"geometry":{"type":"LineString","coordinates":[[-99.20094,19.41441],[-99.20088,19.41433],[-99.20073,19.41407],[-99.20068,19.41396],[-99.20064,19.41387]]}},{"type":"Feature","properties":{"class":"separated"},"geometry":{"type":"LineString","coordinates":[[-99.19705,19.41039],[-99.19668,19.41062]]}},{"type":"Feature","properties":{"class":"separated"},"geometry":{"type":"LineString","coordinates":[[-99.19664,19.41559],[-99.19657,19.41609]]}},{"type":"Feature","properties":{"class":"shared"},"geometry":{"type":"LineString","coordinates":[[-99.16944,19.41519],[-99.16953,19.4151]]}},{"type":"Feature","properties":{"class":"shared"},"geometry":{"type":"LineString","coordinates":[[-99.16953,19.4151],[-99.16984,19.41478],[-99.17015,19.41432],[-99.17088,19.4129],[-99.17149,19.41155],[-99.17169,19.41108],[-99.17178,19.41084],[-99.17184,19.41064],[-99.17187,19.41042],[-99.17186,19.41016],[-99.17181,19.40995],[-99.17175,19.40979],[-99.17164,19.40959]]}},{"type":"Feature","properties":{"class":"shared"},"geometry":{"type":"LineString","coordinates":[[-99.16868,19.40991],[-99.1684,19.41011],[-99.16821,19.41031],[-99.16804,19.41052],[-99.16788,19.41078],[-99.16748,19.41181],[-99.16713,19.41286]]}},{"type":"Feature","properties":{"class":"shared"},"geometry":{"type":"LineString","coordinates":[[-99.16713,19.41286],[-99.16709,19.41299]]}},{"type":"Feature","properties":{"class":"shared"},"geometry":{"type":"LineString","coordinates":[[-99.17157,19.40971],[-99.17163,19.40981],[-99.1717,19.40997],[-99.17172,19.41006],[-99.17173,19.41043],[-99.17169,19.41063],[-99.17163,19.41081],[-99.17151,19.41112],[-99.1713,19.41155],[-99.17105,19.41217],[-99.17075,19.41285],[-99.17004,19.41423],[-99.16978,19.4146],[-99.16956,19.41486],[-99.16944,19.41499]]}},{"type":"Feature","properties":{"class":"shared"},"geometry":{"type":"LineString","coordinates":[[-99.16944,19.41499],[-99.16936,19.41508]]}},{"type":"Feature","properties":{"class":"shared"},"geometry":{"type":"LineString","coordinates":[[-99.16723,19.41304],[-99.16727,19.41291]]}},{"type":"Feature","properties":{"class":"shared"},"geometry":{"type":"LineString","coordinates":[[-99.16727,19.41291],[-99.1676,19.41184],[-99.16799,19.41082],[-99.16817,19.41059],[-99.16832,19.41039],[-99.1685,19.41021],[-99.16876,19.41003]]}},{"type":"Feature","properties":{"class":"shared"},"geometry":{"type":"LineString","coordinates":[[-99.16709,19.41299],[-99.16672,19.41414],[-99.16667,19.41453],[-99.16674,19.41497],[-99.16678,19.41512]]}},{"type":"Feature","properties":{"class":"shared"},"geometry":{"type":"LineString","coordinates":[[-99.16678,19.41512],[-99.16683,19.4152]]}},{"type":"Feature","properties":{"class":"shared"},"geometry":{"type":"LineString","coordinates":[[-99.167,19.41515],[-99.16695,19.41507]]}},{"type":"Feature","properties":{"class":"shared"},"geometry":{"type":"LineString","coordinates":[[-99.16695,19.41507],[-99.16687,19.41493],[-99.1668,19.41458],[-99.16686,19.4142],[-99.16698,19.41377],[-99.16723,19.41304]]}},{"type":"Feature","properties":{"class":"shared"},"geometry":{"type":"LineString","coordinates":[[-99.16794,19.41325],[-99.16799,19.41332],[-99.16882,19.41442],[-99.16887,19.41448]]}},{"type":"Feature","properties":{"class":"shared"},"geometry":{"type":"LineString","coordinates":[[-99.16897,19.41441],[-99.16892,19.41434],[-99.16803,19.41319],[-99.16799,19.41313]]}},{"type":"Feature","properties":{"class":"shared"},"geometry":{"type":"LineString","coordinates":[[-99.16709,19.41055],[-99.16713,19.41056],[-99.16716,19.41058],[-99.16788,19.41078]]}},{"type":"Feature","properties":{"class":"painted"},"geometry":{"type":"LineString","coordinates":[[-99.1766,19.46845],[-99.17639,19.46826]]}},{"type":"Feature","properties":{"class":"painted"},"geometry":{"type":"LineString","coordinates":[[-99.17627,19.46815],[-99.17611,19.46799],[-99.17602,19.46791]]}},{"type":"Feature","properties":{"class":"shared"},"geometry":{"type":"LineString","coordinates":[[-99.16826,19.45674],[-99.16819,19.45706]]}},{"type":"Feature","properties":{"class":"separated"},"geometry":{"type":"LineString","coordinates":[[-99.17624,19.4685],[-99.17635,19.4686],[-99.17637,19.46862],[-99.17674,19.46898],[-99.17725,19.46945],[-99.17734,19.46954],[-99.17827,19.47048],[-99.17837,19.47058]]}},{"type":"Feature","properties":{"class":"painted"},"geometry":{"type":"LineString","coordinates":[[-99.17837,19.47058],[-99.17856,19.47077]]}},{"type":"Feature","properties":{"class":"painted"},"geometry":{"type":"LineString","coordinates":[[-99.1845,19.47769],[-99.18456,19.47776],[-99.18461,19.47781]]}},{"type":"Feature","properties":{"class":"separated"},"geometry":{"type":"LineString","coordinates":[[-99.16826,19.45674],[-99.1682,19.45667],[-99.16812,19.45662],[-99.16805,19.45659],[-99.16796,19.45656],[-99.16736,19.45645]]}},{"type":"Feature","properties":{"class":"separated"},"geometry":{"type":"LineString","coordinates":[[-99.16653,19.4522],[-99.16674,19.4506],[-99.16673,19.45044]]}},{"type":"Feature","properties":{"class":"separated"},"geometry":{"type":"LineString","coordinates":[[-99.16673,19.45044],[-99.16673,19.45026]]}},{"type":"Feature","properties":{"class":"separated"},"geometry":{"type":"LineString","coordinates":[[-99.16826,19.45674],[-99.16842,19.45671],[-99.16852,19.45671],[-99.16904,19.45677],[-99.16909,19.45678],[-99.16917,19.45679]]}},{"type":"Feature","properties":{"class":"painted"},"geometry":{"type":"LineString","coordinates":[[-99.19031,19.44032],[-99.19041,19.44039],[-99.19051,19.4405],[-99.19062,19.44062]]}},{"type":"Feature","properties":{"class":"separated"},"geometry":{"type":"LineString","coordinates":[[-99.19062,19.44062],[-99.19136,19.44159],[-99.1915,19.4418],[-99.1918,19.44223],[-99.19181,19.44224],[-99.19185,19.44228],[-99.19189,19.44233],[-99.19195,19.4424],[-99.19208,19.44253]]}},{"type":"Feature","properties":{"class":"painted"},"geometry":{"type":"LineString","coordinates":[[-99.19208,19.44253],[-99.1922,19.44262]]}},{"type":"Feature","properties":{"class":"painted"},"geometry":{"type":"LineString","coordinates":[[-99.18213,19.4114],[-99.18233,19.41146]]}},{"type":"Feature","properties":{"class":"painted"},"geometry":{"type":"LineString","coordinates":[[-99.18859,19.41245],[-99.18804,19.41227]]}},{"type":"Feature","properties":{"class":"painted"},"geometry":{"type":"LineString","coordinates":[[-99.18804,19.41227],[-99.18744,19.41205],[-99.18647,19.41171],[-99.18548,19.41137]]}},{"type":"Feature","properties":{"class":"shared"},"geometry":{"type":"LineString","coordinates":[[-99.16853,19.40273],[-99.16827,19.40171],[-99.16812,19.40112],[-99.16801,19.40065],[-99.16799,19.40056]]}},{"type":"Feature","properties":{"class":"shared"},"geometry":{"type":"LineString","coordinates":[[-99.12376,19.46778],[-99.1237,19.46792]]}},{"type":"Feature","properties":{"class":"separated"},"geometry":{"type":"LineString","coordinates":[[-99.18969,19.48581],[-99.18967,19.48569],[-99.18968,19.48536],[-99.18969,19.48525],[-99.18973,19.4847],[-99.18974,19.48454],[-99.18982,19.48313],[-99.1899,19.48178],[-99.18993,19.48172],[-99.18994,19.48101],[-99.18992,19.48047],[-99.1899,19.48024],[-99.18991,19.47991],[-99.18994,19.47944],[-99.18996,19.4791],[-99.19,19.47841],[-99.19,19.47821],[-99.19003,19.47781],[-99.19004,19.47768],[-99.19008,19.47748],[-99.19012,19.4772],[-99.19013,19.4771],[-99.19016,19.47658],[-99.19035,19.47301],[-99.19048,19.47056]]}},{"type":"Feature","properties":{"class":"separated"},"geometry":{"type":"LineString","coordinates":[[-99.16585,19.44377],[-99.16627,19.444],[-99.16674,19.44429],[-99.16684,19.44435],[-99.16719,19.44455]]}},{"type":"Feature","properties":{"class":"painted"},"geometry":{"type":"LineString","coordinates":[[-99.16719,19.44455],[-99.16738,19.44466]]}},{"type":"Feature","properties":{"class":"painted"},"geometry":{"type":"LineString","coordinates":[[-99.1718,19.44916],[-99.17159,19.44886]]}},{"type":"Feature","properties":{"class":"separated"},"geometry":{"type":"LineString","coordinates":[[-99.17159,19.44886],[-99.17131,19.44846]]}},{"type":"Feature","properties":{"class":"separated"},"geometry":{"type":"LineString","coordinates":[[-99.14914,19.43782],[-99.14916,19.43773],[-99.14924,19.43733],[-99.14927,19.43716]]}},{"type":"Feature","properties":{"class":"separated"},"geometry":{"type":"LineString","coordinates":[[-99.14956,19.43624],[-99.1496,19.43612],[-99.14962,19.43608],[-99.14965,19.43597],[-99.1497,19.43581],[-99.14971,19.43578]]}},{"type":"Feature","properties":{"class":"painted"},"geometry":{"type":"LineString","coordinates":[[-99.17075,19.46091],[-99.17242,19.46121],[-99.17303,19.46132]]}},{"type":"Feature","properties":{"class":"painted"},"geometry":{"type":"LineString","coordinates":[[-99.17124,19.44837],[-99.17116,19.44841]]}},{"type":"Feature","properties":{"class":"shared"},"geometry":{"type":"LineString","coordinates":[[-99.17123,19.44851],[-99.17149,19.44889]]}},{"type":"Feature","properties":{"class":"painted"},"geometry":{"type":"LineString","coordinates":[[-99.19187,19.44479],[-99.19176,19.44478]]}},{"type":"Feature","properties":{"class":"painted"},"geometry":{"type":"LineString","coordinates":[[-99.1831,19.44361],[-99.18294,19.44359]]}},{"type":"Feature","properties":{"class":"shared"},"geometry":{"type":"LineString","coordinates":[[-99.17809,19.44296],[-99.178,19.44294],[-99.17782,19.44292]]}},{"type":"Feature","properties":{"class":"shared"},"geometry":{"type":"LineString","coordinates":[[-99.17782,19.44292],[-99.17763,19.44289]]}},{"type":"Feature","properties":{"class":"separated"},"geometry":{"type":"LineString","coordinates":[[-99.17844,19.44493],[-99.17899,19.445],[-99.17956,19.44508]]}},{"type":"Feature","properties":{"class":"separated"},"geometry":{"type":"LineString","coordinates":[[-99.17993,19.44513],[-99.18062,19.44522],[-99.18167,19.44537]]}},{"type":"Feature","properties":{"class":"painted"},"geometry":{"type":"LineString","coordinates":[[-99.18167,19.44537],[-99.18267,19.44551]]}},{"type":"Feature","properties":{"class":"shared"},"geometry":{"type":"LineString","coordinates":[[-99.18267,19.44551],[-99.18283,19.44553]]}},{"type":"Feature","properties":{"class":"separated"},"geometry":{"type":"LineString","coordinates":[[-99.18171,19.43308],[-99.18182,19.43307]]}},{"type":"Feature","properties":{"class":"separated"},"geometry":{"type":"LineString","coordinates":[[-99.2063,19.43537],[-99.20713,19.43552]]}},{"type":"Feature","properties":{"class":"painted"},"geometry":{"type":"LineString","coordinates":[[-99.20713,19.43552],[-99.20722,19.43552],[-99.20732,19.43553]]}},{"type":"Feature","properties":{"class":"separated"},"geometry":{"type":"LineString","coordinates":[[-99.20732,19.43553],[-99.20809,19.43559]]}},{"type":"Feature","properties":{"class":"painted"},"geometry":{"type":"LineString","coordinates":[[-99.20809,19.43559],[-99.20821,19.4356]]}},{"type":"Feature","properties":{"class":"separated"},"geometry":{"type":"LineString","coordinates":[[-99.21229,19.43553],[-99.2121,19.43554],[-99.21098,19.43548],[-99.21064,19.43547],[-99.21021,19.43545],[-99.21011,19.43545],[-99.20943,19.43541],[-99.20823,19.43535]]}},{"type":"Feature","properties":{"class":"painted"},"geometry":{"type":"LineString","coordinates":[[-99.20823,19.43535],[-99.20811,19.43534]]}},{"type":"Feature","properties":{"class":"separated"},"geometry":{"type":"LineString","coordinates":[[-99.20811,19.43534],[-99.20741,19.43531]]}},{"type":"Feature","properties":{"class":"painted"},"geometry":{"type":"LineString","coordinates":[[-99.20741,19.43531],[-99.20731,19.4353],[-99.20722,19.43529]]}},{"type":"Feature","properties":{"class":"painted"},"geometry":{"type":"LineString","coordinates":[[-99.20145,19.43451],[-99.20162,19.43454]]}},{"type":"Feature","properties":{"class":"painted"},"geometry":{"type":"LineString","coordinates":[[-99.20164,19.43426],[-99.2015,19.43424]]}},{"type":"Feature","properties":{"class":"separated"},"geometry":{"type":"LineString","coordinates":[[-99.199,19.43397],[-99.19821,19.43393],[-99.19751,19.43389]]}},{"type":"Feature","properties":{"class":"painted"},"geometry":{"type":"LineString","coordinates":[[-99.17405,19.42102],[-99.17393,19.42105]]}},{"type":"Feature","properties":{"class":"shared"},"geometry":{"type":"LineString","coordinates":[[-99.16118,19.42403],[-99.16112,19.42404],[-99.15999,19.42429]]}},{"type":"Feature","properties":{"class":"shared"},"geometry":{"type":"LineString","coordinates":[[-99.1589,19.42473],[-99.15914,19.42469]]}},{"type":"Feature","properties":{"class":"painted"},"geometry":{"type":"LineString","coordinates":[[-99.14933,19.42545],[-99.14926,19.42544]]}},{"type":"Feature","properties":{"class":"painted"},"geometry":{"type":"LineString","coordinates":[[-99.15333,19.42603],[-99.15367,19.42592]]}},{"type":"Feature","properties":{"class":"separated"},"geometry":{"type":"LineString","coordinates":[[-99.14258,19.41878],[-99.14172,19.4192],[-99.14039,19.41986]]}},{"type":"Feature","properties":{"class":"separated"},"geometry":{"type":"LineString","coordinates":[[-99.14039,19.41986],[-99.14015,19.41997]]}},{"type":"Feature","properties":{"class":"painted"},"geometry":{"type":"LineString","coordinates":[[-99.14258,19.41878],[-99.14346,19.41886]]}},{"type":"Feature","properties":{"class":"separated"},"geometry":{"type":"LineString","coordinates":[[-99.13235,19.43078],[-99.13236,19.43071],[-99.13247,19.42992],[-99.13254,19.42945]]}},{"type":"Feature","properties":{"class":"painted"},"geometry":{"type":"LineString","coordinates":[[-99.13254,19.42945],[-99.13256,19.42933],[-99.13257,19.42925],[-99.13259,19.4291],[-99.13259,19.42909]]}},{"type":"Feature","properties":{"class":"separated"},"geometry":{"type":"LineString","coordinates":[[-99.13296,19.42654],[-99.13297,19.42649],[-99.13302,19.42612],[-99.13302,19.42608],[-99.13303,19.42598]]}},{"type":"Feature","properties":{"class":"separated"},"geometry":{"type":"LineString","coordinates":[[-99.13441,19.42507],[-99.1345,19.42508],[-99.1354,19.42515]]}},{"type":"Feature","properties":{"class":"painted"},"geometry":{"type":"LineString","coordinates":[[-99.15421,19.41974],[-99.15423,19.41954]]}},{"type":"Feature","properties":{"class":"separated"},"geometry":{"type":"LineString","coordinates":[[-99.15491,19.41932],[-99.15589,19.41916],[-99.15714,19.41891],[-99.15738,19.41886],[-99.15856,19.41862]]}},{"type":"Feature","properties":{"class":"separated"},"geometry":{"type":"LineString","coordinates":[[-99.15856,19.41862],[-99.15964,19.41841],[-99.15967,19.41841],[-99.15973,19.4184]]}},{"type":"Feature","properties":{"class":"separated"},"geometry":{"type":"LineString","coordinates":[[-99.15973,19.4184],[-99.15981,19.41838]]}},{"type":"Feature","properties":{"class":"separated"},"geometry":{"type":"LineString","coordinates":[[-99.16416,19.41754],[-99.16429,19.41752]]}},{"type":"Feature","properties":{"class":"separated"},"geometry":{"type":"LineString","coordinates":[[-99.1641,19.41732],[-99.16253,19.41763],[-99.16178,19.41778],[-99.1611,19.41791],[-99.15989,19.41815],[-99.15982,19.41816],[-99.15976,19.41818]]}},{"type":"Feature","properties":{"class":"separated"},"geometry":{"type":"LineString","coordinates":[[-99.15976,19.41818],[-99.15968,19.41819]]}},{"type":"Feature","properties":{"class":"painted"},"geometry":{"type":"LineString","coordinates":[[-99.15735,19.42497],[-99.15725,19.42459],[-99.157,19.42361],[-99.1566,19.42201],[-99.1563,19.42073],[-99.15609,19.41994],[-99.15589,19.41916]]}},{"type":"Feature","properties":{"class":"painted"},"geometry":{"type":"LineString","coordinates":[[-99.16782,19.41826],[-99.16786,19.4184]]}},{"type":"Feature","properties":{"class":"separated"},"geometry":{"type":"LineString","coordinates":[[-99.16786,19.4184],[-99.16787,19.41847],[-99.16813,19.41951]]}},{"type":"Feature","properties":{"class":"painted"},"geometry":{"type":"LineString","coordinates":[[-99.16813,19.41951],[-99.16815,19.4196],[-99.16817,19.41969]]}},{"type":"Feature","properties":{"class":"painted"},"geometry":{"type":"LineString","coordinates":[[-99.16964,19.41937],[-99.16962,19.41927],[-99.16959,19.41918]]}},{"type":"Feature","properties":{"class":"separated"},"geometry":{"type":"LineString","coordinates":[[-99.15808,19.42166],[-99.15834,19.42269],[-99.15848,19.42327],[-99.15865,19.42397],[-99.15879,19.42452],[-99.15883,19.42462]]}},{"type":"Feature","properties":{"class":"shared"},"geometry":{"type":"LineString","coordinates":[[-99.16189,19.42536],[-99.16209,19.42526],[-99.16221,19.4252]]}},{"type":"Feature","properties":{"class":"painted"},"geometry":{"type":"LineString","coordinates":[[-99.16323,19.39679],[-99.16323,19.39677],[-99.16324,19.39672],[-99.16326,19.39667]]}},{"type":"Feature","properties":{"class":"painted"},"geometry":{"type":"LineString","coordinates":[[-99.16465,19.39105],[-99.16475,19.39095]]}},{"type":"Feature","properties":{"class":"shared"},"geometry":{"type":"LineString","coordinates":[[-99.15679,19.38752],[-99.15607,19.38737],[-99.15534,19.38721],[-99.15464,19.38703],[-99.15451,19.38701]]}},{"type":"Feature","properties":{"class":"painted"},"geometry":{"type":"LineString","coordinates":[[-99.14238,19.38877],[-99.14245,19.38878],[-99.14289,19.38884],[-99.14329,19.38889],[-99.14372,19.38894],[-99.14413,19.38898],[-99.14455,19.38904],[-99.145,19.38911],[-99.14547,19.38919],[-99.14593,19.38925],[-99.14681,19.38938]]}},{"type":"Feature","properties":{"class":"separated"},"geometry":{"type":"LineString","coordinates":[[-99.16984,19.36297],[-99.1699,19.36301],[-99.16992,19.36313]]}},{"type":"Feature","properties":{"class":"painted"},"geometry":{"type":"LineString","coordinates":[[-99.16114,19.40125],[-99.16114,19.40141]]}},{"type":"Feature","properties":{"class":"painted"},"geometry":{"type":"LineString","coordinates":[[-99.16514,19.42123],[-99.16517,19.42137]]}},{"type":"Feature","properties":{"class":"separated"},"geometry":{"type":"LineString","coordinates":[[-99.16517,19.42137],[-99.16519,19.42144],[-99.16535,19.422],[-99.16536,19.42206],[-99.16538,19.42213],[-99.16554,19.42274],[-99.16556,19.42278],[-99.16556,19.42282],[-99.16559,19.42289]]}},{"type":"Feature","properties":{"class":"separated"},"geometry":{"type":"LineString","coordinates":[[-99.17138,19.42466],[-99.17127,19.42471],[-99.17122,19.42476],[-99.17116,19.42483],[-99.1711,19.42491],[-99.17104,19.42497],[-99.17099,19.425],[-99.17032,19.42532],[-99.17026,19.42535],[-99.17023,19.42536],[-99.17021,19.42537],[-99.17014,19.4254],[-99.17008,19.42543],[-99.17003,19.42546],[-99.1697,19.42561],[-99.16966,19.42563],[-99.16895,19.42597],[-99.1689,19.42599],[-99.16887,19.426],[-99.1688,19.42603],[-99.16872,19.42607],[-99.16828,19.42629],[-99.16824,19.4263],[-99.1682,19.42631],[-99.16815,19.4263],[-99.1681,19.42628],[-99.16801,19.42624],[-99.16794,19.42621],[-99.16785,19.42618],[-99.16776,19.42617],[-99.16766,19.42616],[-99.16754,19.42617],[-99.16748,19.42618],[-99.16743,19.4262],[-99.16741,19.42621],[-99.16734,19.42623]]}},{"type":"Feature","properties":{"class":"painted"},"geometry":{"type":"LineString","coordinates":[[-99.16734,19.42623],[-99.16723,19.42628]]}},{"type":"Feature","properties":{"class":"separated"},"geometry":{"type":"LineString","coordinates":[[-99.16589,19.43484],[-99.16613,19.4339],[-99.1662,19.43365]]}},{"type":"Feature","properties":{"class":"separated"},"geometry":{"type":"LineString","coordinates":[[-99.16951,19.43612],[-99.16948,19.43611],[-99.16943,19.43609],[-99.16932,19.43604],[-99.16917,19.43598]]}},{"type":"Feature","properties":{"class":"separated"},"geometry":{"type":"LineString","coordinates":[[-99.1662,19.43365],[-99.16582,19.43291],[-99.16523,19.43174],[-99.16492,19.43118],[-99.16459,19.43052],[-99.16429,19.42992],[-99.164,19.4294],[-99.16398,19.42937]]}},{"type":"Feature","properties":{"class":"painted"},"geometry":{"type":"LineString","coordinates":[[-99.1621,19.42577],[-99.16202,19.42563]]}},{"type":"Feature","properties":{"class":"shared"},"geometry":{"type":"LineString","coordinates":[[-99.16142,19.42446],[-99.16138,19.42439],[-99.16136,19.42435],[-99.16134,19.42431],[-99.16131,19.42426]]}},{"type":"Feature","properties":{"class":"painted"},"geometry":{"type":"LineString","coordinates":[[-99.15796,19.43437],[-99.15813,19.4344]]}},{"type":"Feature","properties":{"class":"painted"},"geometry":{"type":"LineString","coordinates":[[-99.14786,19.40207],[-99.14773,19.40208]]}},{"type":"Feature","properties":{"class":"shared"},"geometry":{"type":"LineString","coordinates":[[-99.14773,19.40208],[-99.14697,19.40211],[-99.14618,19.40214]]}},{"type":"Feature","properties":{"class":"painted"},"geometry":{"type":"LineString","coordinates":[[-99.1442,19.37859],[-99.14422,19.37869],[-99.14411,19.37937],[-99.14395,19.38017],[-99.14379,19.38097],[-99.1437,19.38144]]}},{"type":"Feature","properties":{"class":"shared"},"geometry":{"type":"LineString","coordinates":[[-99.17448,19.36485],[-99.17435,19.36539]]}},{"type":"Feature","properties":{"class":"shared"},"geometry":{"type":"LineString","coordinates":[[-99.17114,19.37793],[-99.1711,19.37794],[-99.17106,19.37797],[-99.17103,19.37798],[-99.17101,19.378],[-99.171,19.37802],[-99.17099,19.37804],[-99.17097,19.37808],[-99.17085,19.37849],[-99.17081,19.37866],[-99.1708,19.37874],[-99.1708,19.37879],[-99.17082,19.37884],[-99.17085,19.37888],[-99.17094,19.37896],[-99.17095,19.37901]]}},{"type":"Feature","properties":{"class":"shared"},"geometry":{"type":"LineString","coordinates":[[-99.15825,19.37616],[-99.15752,19.376]]}},{"type":"Feature","properties":{"class":"painted"},"geometry":{"type":"LineString","coordinates":[[-99.16047,19.37423],[-99.16109,19.37435],[-99.16134,19.37439],[-99.16138,19.3744],[-99.16139,19.3744],[-99.16177,19.37448],[-99.16229,19.37458]]}},{"type":"Feature","properties":{"class":"painted"},"geometry":{"type":"LineString","coordinates":[[-99.18087,19.36761],[-99.18081,19.36762],[-99.18078,19.36763]]}},{"type":"Feature","properties":{"class":"painted"},"geometry":{"type":"LineString","coordinates":[[-99.18065,19.36806],[-99.18066,19.36807],[-99.18068,19.36809],[-99.18071,19.36811]]}},{"type":"Feature","properties":{"class":"painted"},"geometry":{"type":"LineString","coordinates":[[-99.18136,19.39554],[-99.18132,19.39567]]}},{"type":"Feature","properties":{"class":"separated"},"geometry":{"type":"LineString","coordinates":[[-99.18132,19.39567],[-99.18108,19.39656]]}},{"type":"Feature","properties":{"class":"painted"},"geometry":{"type":"LineString","coordinates":[[-99.18094,19.39708],[-99.18091,19.39717]]}},{"type":"Feature","properties":{"class":"separated"},"geometry":{"type":"LineString","coordinates":[[-99.18017,19.39956],[-99.18009,19.3998]]}},{"type":"Feature","properties":{"class":"painted"},"geometry":{"type":"LineString","coordinates":[[-99.18361,19.38386],[-99.18358,19.38394]]}},{"type":"Feature","properties":{"class":"painted"},"geometry":{"type":"LineString","coordinates":[[-99.18308,19.3852],[-99.18305,19.38531]]}},{"type":"Feature","properties":{"class":"painted"},"geometry":{"type":"LineString","coordinates":[[-99.17923,19.408],[-99.17935,19.4082]]}},{"type":"Feature","properties":{"class":"painted"},"geometry":{"type":"LineString","coordinates":[[-99.17987,19.40903],[-99.18011,19.40942]]}},{"type":"Feature","properties":{"class":"separated"},"geometry":{"type":"LineString","coordinates":[[-99.17935,19.4082],[-99.17961,19.40862]]}},{"type":"Feature","properties":{"class":"separated"},"geometry":{"type":"LineString","coordinates":[[-99.18011,19.40942],[-99.18055,19.41015]]}},{"type":"Feature","properties":{"class":"painted"},"geometry":{"type":"LineString","coordinates":[[-99.19035,19.40917],[-99.19021,19.40917]]}},{"type":"Feature","properties":{"class":"separated"},"geometry":{"type":"LineString","coordinates":[[-99.18796,19.40925],[-99.18592,19.40933],[-99.18529,19.40936],[-99.18498,19.40938]]}},{"type":"Feature","properties":{"class":"painted"},"geometry":{"type":"LineString","coordinates":[[-99.18655,19.38519],[-99.18657,19.38504]]}},{"type":"Feature","properties":{"class":"separated"},"geometry":{"type":"LineString","coordinates":[[-99.18657,19.38504],[-99.18658,19.38499],[-99.18663,19.38455]]}},{"type":"Feature","properties":{"class":"separated"},"geometry":{"type":"LineString","coordinates":[[-99.19065,19.34869],[-99.19063,19.34858]]}},{"type":"Feature","properties":{"class":"painted"},"geometry":{"type":"LineString","coordinates":[[-99.19894,19.35638],[-99.19895,19.35645],[-99.19894,19.35656],[-99.19891,19.35664]]}},{"type":"Feature","properties":{"class":"shared"},"geometry":{"type":"LineString","coordinates":[[-99.17483,19.38983],[-99.17382,19.39013],[-99.1738,19.39014],[-99.17372,19.39016]]}},{"type":"Feature","properties":{"class":"shared"},"geometry":{"type":"LineString","coordinates":[[-99.17351,19.41065],[-99.17411,19.40953]]}},{"type":"Feature","properties":{"class":"shared"},"geometry":{"type":"LineString","coordinates":[[-99.17417,19.40942],[-99.17456,19.40869],[-99.17499,19.4079]]}},{"type":"Feature","properties":{"class":"shared"},"geometry":{"type":"LineString","coordinates":[[-99.17506,19.40777],[-99.17544,19.40708]]}},{"type":"Feature","properties":{"class":"painted"},"geometry":{"type":"LineString","coordinates":[[-99.17806,19.39997],[-99.17718,19.39968]]}},{"type":"Feature","properties":{"class":"painted"},"geometry":{"type":"LineString","coordinates":[[-99.17445,19.40746],[-99.17441,19.40753],[-99.17438,19.40759]]}},{"type":"Feature","properties":{"class":"separated"},"geometry":{"type":"LineString","coordinates":[[-99.17113,19.40358],[-99.17119,19.40386],[-99.17129,19.40428]]}},{"type":"Feature","properties":{"class":"painted"},"geometry":{"type":"LineString","coordinates":[[-99.16786,19.4184],[-99.16792,19.41832],[-99.16815,19.41804]]}},{"type":"Feature","properties":{"class":"separated"},"geometry":{"type":"LineString","coordinates":[[-99.16815,19.41804],[-99.16897,19.41713],[-99.16907,19.41702]]}},{"type":"Feature","properties":{"class":"separated"},"geometry":{"type":"LineString","coordinates":[[-99.17027,19.41634],[-99.17039,19.41632]]}},{"type":"Feature","properties":{"class":"separated"},"geometry":{"type":"LineString","coordinates":[[-99.17039,19.41632],[-99.17049,19.4163],[-99.17062,19.41628],[-99.17084,19.41623],[-99.17095,19.4162],[-99.17146,19.41595],[-99.17166,19.41586]]}},{"type":"Feature","properties":{"class":"separated"},"geometry":{"type":"LineString","coordinates":[[-99.17166,19.41586],[-99.1718,19.4157]]}},{"type":"Feature","properties":{"class":"separated"},"geometry":{"type":"LineString","coordinates":[[-99.17289,19.41035],[-99.17286,19.41023]]}},{"type":"Feature","properties":{"class":"separated"},"geometry":{"type":"LineString","coordinates":[[-99.17153,19.41314],[-99.1715,19.41321],[-99.1714,19.41349],[-99.17134,19.41362]]}},{"type":"Feature","properties":{"class":"separated"},"geometry":{"type":"LineString","coordinates":[[-99.18359,19.40951],[-99.18355,19.40941]]}},{"type":"Feature","properties":{"class":"separated"},"geometry":{"type":"LineString","coordinates":[[-99.15961,19.3807],[-99.15981,19.38142]]}},{"type":"Feature","properties":{"class":"painted"},"geometry":{"type":"LineString","coordinates":[[-99.15918,19.37946],[-99.15912,19.37935],[-99.15909,19.37928]]}},{"type":"Feature","properties":{"class":"separated"},"geometry":{"type":"LineString","coordinates":[[-99.16184,19.42082],[-99.16093,19.42101]]}},{"type":"Feature","properties":{"class":"separated"},"geometry":{"type":"LineString","coordinates":[[-99.1641,19.41732],[-99.16416,19.41754]]}},{"type":"Feature","properties":{"class":"separated"},"geometry":{"type":"LineString","coordinates":[[-99.16416,19.41754],[-99.16431,19.41821]]}},{"type":"Feature","properties":{"class":"separated"},"geometry":{"type":"LineString","coordinates":[[-99.16323,19.42049],[-99.16253,19.42066],[-99.16184,19.42082]]}},{"type":"Feature","properties":{"class":"separated"},"geometry":{"type":"LineString","coordinates":[[-99.18048,19.39496],[-99.18068,19.39507],[-99.18085,19.39517]]}},{"type":"Feature","properties":{"class":"separated"},"geometry":{"type":"LineString","coordinates":[[-99.18082,19.39502],[-99.18053,19.39487]]}},{"type":"Feature","properties":{"class":"shared"},"geometry":{"type":"LineString","coordinates":[[-99.17709,19.40558],[-99.17727,19.40563],[-99.17787,19.40584],[-99.17792,19.40586],[-99.17808,19.40592]]}},{"type":"Feature","properties":{"class":"shared"},"geometry":{"type":"LineString","coordinates":[[-99.18433,19.40782],[-99.18422,19.40776]]}},{"type":"Feature","properties":{"class":"painted"},"geometry":{"type":"LineString","coordinates":[[-99.18305,19.38531],[-99.18299,19.38545]]}},{"type":"Feature","properties":{"class":"separated"},"geometry":{"type":"LineString","coordinates":[[-99.14503,19.43344],[-99.14606,19.43358],[-99.1468,19.4337],[-99.1475,19.43381],[-99.14755,19.43382]]}},{"type":"Feature","properties":{"class":"shared"},"geometry":{"type":"LineString","coordinates":[[-99.17582,19.39339],[-99.17572,19.39352],[-99.175,19.39466]]}},{"type":"Feature","properties":{"class":"shared"},"geometry":{"type":"LineString","coordinates":[[-99.175,19.39466],[-99.1749,19.39482],[-99.17477,19.39504],[-99.17475,19.39507],[-99.17466,19.39521],[-99.17454,19.3954],[-99.17439,19.39564],[-99.17435,19.39569]]}},{"type":"Feature","properties":{"class":"painted"},"geometry":{"type":"LineString","coordinates":[[-99.15038,19.41946],[-99.15044,19.41946],[-99.15227,19.4196],[-99.15326,19.41968],[-99.15408,19.41973]]}},{"type":"Feature","properties":{"class":"separated"},"geometry":{"type":"LineString","coordinates":[[-99.1475,19.43381],[-99.14725,19.43509],[-99.14721,19.43508],[-99.14718,19.43522]]}},{"type":"Feature","properties":{"class":"shared"},"geometry":{"type":"LineString","coordinates":[[-99.16234,19.42374],[-99.1623,19.42376],[-99.16227,19.42378],[-99.16221,19.4238]]}},{"type":"Feature","properties":{"class":"shared"},"geometry":{"type":"LineString","coordinates":[[-99.1899,19.33549],[-99.18993,19.33577],[-99.18995,19.33591],[-99.19003,19.33651]]}},{"type":"Feature","properties":{"class":"shared"},"geometry":{"type":"LineString","coordinates":[[-99.17594,19.4234],[-99.17631,19.42343]]}},{"type":"Feature","properties":{"class":"separated"},"geometry":{"type":"LineString","coordinates":[[-99.17631,19.42343],[-99.17631,19.42338]]}},{"type":"Feature","properties":{"class":"separated"},"geometry":{"type":"LineString","coordinates":[[-99.17625,19.42336],[-99.17614,19.42335],[-99.17601,19.42333],[-99.17593,19.42333]]}},{"type":"Feature","properties":{"class":"separated"},"geometry":{"type":"LineString","coordinates":[[-99.18027,19.42398],[-99.17823,19.42366],[-99.17786,19.42361]]}},{"type":"Feature","properties":{"class":"separated"},"geometry":{"type":"LineString","coordinates":[[-99.18052,19.42401],[-99.18045,19.424],[-99.18035,19.42399]]}},{"type":"Feature","properties":{"class":"shared"},"geometry":{"type":"LineString","coordinates":[[-99.18199,19.42415],[-99.18067,19.42394],[-99.18046,19.42391]]}},{"type":"Feature","properties":{"class":"separated"},"geometry":{"type":"LineString","coordinates":[[-99.1845,19.42462],[-99.18071,19.42404]]}},{"type":"Feature","properties":{"class":"separated"},"geometry":{"type":"LineString","coordinates":[[-99.18496,19.42469],[-99.1849,19.42468],[-99.18485,19.42467]]}},{"type":"Feature","properties":{"class":"separated"},"geometry":{"type":"LineString","coordinates":[[-99.18717,19.42503],[-99.18516,19.42472]]}},{"type":"Feature","properties":{"class":"separated"},"geometry":{"type":"LineString","coordinates":[[-99.18746,19.42507],[-99.18726,19.42505]]}},{"type":"Feature","properties":{"class":"separated"},"geometry":{"type":"LineString","coordinates":[[-99.18773,19.42511],[-99.18767,19.42511],[-99.18762,19.4251]]}},{"type":"Feature","properties":{"class":"separated"},"geometry":{"type":"LineString","coordinates":[[-99.18995,19.42546],[-99.18798,19.42515]]}},{"type":"Feature","properties":{"class":"separated"},"geometry":{"type":"LineString","coordinates":[[-99.19036,19.4256],[-99.19039,19.42557]]}},{"type":"Feature","properties":{"class":"separated"},"geometry":{"type":"LineString","coordinates":[[-99.1903,19.42551],[-99.19027,19.4255],[-99.19024,19.4255]]}},{"type":"Feature","properties":{"class":"separated"},"geometry":{"type":"LineString","coordinates":[[-99.19121,19.42564],[-99.19053,19.42554]]}},{"type":"Feature","properties":{"class":"separated"},"geometry":{"type":"LineString","coordinates":[[-99.19195,19.42576],[-99.19127,19.42565]]}},{"type":"Feature","properties":{"class":"separated"},"geometry":{"type":"LineString","coordinates":[[-99.19277,19.42589],[-99.19201,19.42577]]}},{"type":"Feature","properties":{"class":"separated"},"geometry":{"type":"LineString","coordinates":[[-99.19567,19.42632],[-99.19301,19.42592]]}},{"type":"Feature","properties":{"class":"separated"},"geometry":{"type":"LineString","coordinates":[[-99.19602,19.42638],[-99.19572,19.42633]]}},{"type":"Feature","properties":{"class":"separated"},"geometry":{"type":"LineString","coordinates":[[-99.19736,19.42658],[-99.19612,19.42639],[-99.19611,19.42639]]}},{"type":"Feature","properties":{"class":"separated"},"geometry":{"type":"LineString","coordinates":[[-99.19756,19.42661],[-99.19749,19.4266],[-99.19742,19.42659]]}},{"type":"Feature","properties":{"class":"separated"},"geometry":{"type":"LineString","coordinates":[[-99.19829,19.42673],[-99.19764,19.42663]]}},{"type":"Feature","properties":{"class":"separated"},"geometry":{"type":"LineString","coordinates":[[-99.19847,19.42675],[-99.19841,19.42674],[-99.19835,19.42673]]}},{"type":"Feature","properties":{"class":"separated"},"geometry":{"type":"LineString","coordinates":[[-99.20134,19.42718],[-99.20122,19.42717],[-99.20111,19.42715],[-99.20055,19.42707]]}},{"type":"Feature","properties":{"class":"separated"},"geometry":{"type":"LineString","coordinates":[[-99.20042,19.42705],[-99.20039,19.42704],[-99.20036,19.42704]]}},{"type":"Feature","properties":{"class":"separated"},"geometry":{"type":"LineString","coordinates":[[-99.1657,19.42322],[-99.16584,19.42318],[-99.1663,19.42308],[-99.16689,19.42296],[-99.16699,19.42293],[-99.16704,19.42292],[-99.16708,19.42291],[-99.16718,19.42289]]}},{"type":"Feature","properties":{"class":"separated"},"geometry":{"type":"LineString","coordinates":[[-99.16718,19.42289],[-99.1673,19.42287],[-99.1678,19.42276],[-99.16834,19.42264],[-99.16852,19.42258],[-99.16856,19.42257],[-99.1686,19.42256],[-99.16869,19.42253]]}},{"type":"Feature","properties":{"class":"painted"},"geometry":{"type":"LineString","coordinates":[[-99.13863,19.43167],[-99.13733,19.43147],[-99.13656,19.43136],[-99.13553,19.43122],[-99.13524,19.43118],[-99.13518,19.43117],[-99.13504,19.43115],[-99.1346,19.43109],[-99.13451,19.43108]]}},{"type":"Feature","properties":{"class":"shared"},"geometry":{"type":"LineString","coordinates":[[-99.13451,19.43108],[-99.13391,19.43099]]}},{"type":"Feature","properties":{"class":"shared"},"geometry":{"type":"LineString","coordinates":[[-99.13358,19.43095],[-99.13349,19.43094],[-99.1331,19.43088],[-99.13292,19.43086],[-99.13252,19.43081],[-99.13249,19.4308],[-99.13245,19.4308],[-99.13243,19.43079],[-99.13235,19.43078]]}},{"type":"Feature","properties":{"class":"separated"},"geometry":{"type":"LineString","coordinates":[[-99.1884,19.41377],[-99.18837,19.41373],[-99.18833,19.41365],[-99.1883,19.41359],[-99.18819,19.41347]]}},{"type":"Feature","properties":{"class":"shared"},"geometry":{"type":"LineString","coordinates":[[-99.19081,19.41015],[-99.19066,19.40983],[-99.19035,19.40917]]}},{"type":"Feature","properties":{"class":"separated"},"geometry":{"type":"LineString","coordinates":[[-99.20361,19.42678],[-99.20352,19.42654],[-99.20351,19.42652]]}},{"type":"Feature","properties":{"class":"separated"},"geometry":{"type":"LineString","coordinates":[[-99.20351,19.42652],[-99.20349,19.42647],[-99.20347,19.42641]]}},{"type":"Feature","properties":{"class":"separated"},"geometry":{"type":"LineString","coordinates":[[-99.20505,19.42839],[-99.20477,19.42815]]}},{"type":"Feature","properties":{"class":"separated"},"geometry":{"type":"LineString","coordinates":[[-99.2051,19.42843],[-99.20508,19.42841],[-99.20505,19.42839]]}},{"type":"Feature","properties":{"class":"separated"},"geometry":{"type":"LineString","coordinates":[[-99.20656,19.42965],[-99.20654,19.42963],[-99.2051,19.42843]]}},{"type":"Feature","properties":{"class":"separated"},"geometry":{"type":"LineString","coordinates":[[-99.20663,19.42971],[-99.2066,19.42968],[-99.20656,19.42965]]}},{"type":"Feature","properties":{"class":"separated"},"geometry":{"type":"LineString","coordinates":[[-99.20822,19.43116],[-99.20821,19.43113],[-99.20816,19.43105],[-99.20812,19.43099],[-99.20805,19.43092],[-99.208,19.43087],[-99.20795,19.43081],[-99.20789,19.43075],[-99.20787,19.43073]]}},{"type":"Feature","properties":{"class":"separated"},"geometry":{"type":"LineString","coordinates":[[-99.20787,19.43073],[-99.20783,19.4307],[-99.2078,19.43067]]}},{"type":"Feature","properties":{"class":"separated"},"geometry":{"type":"LineString","coordinates":[[-99.20827,19.43124],[-99.20825,19.4312],[-99.20822,19.43116]]}},{"type":"Feature","properties":{"class":"separated"},"geometry":{"type":"LineString","coordinates":[[-99.20841,19.43156],[-99.20844,19.43164]]}},{"type":"Feature","properties":{"class":"separated"},"geometry":{"type":"LineString","coordinates":[[-99.20844,19.43164],[-99.20848,19.43173],[-99.20849,19.43177],[-99.20851,19.43182]]}},{"type":"Feature","properties":{"class":"separated"},"geometry":{"type":"LineString","coordinates":[[-99.20851,19.43182],[-99.20852,19.43188],[-99.20853,19.43198],[-99.20853,19.43212],[-99.20851,19.4323],[-99.2085,19.43241],[-99.20849,19.43246]]}},{"type":"Feature","properties":{"class":"separated"},"geometry":{"type":"LineString","coordinates":[[-99.20849,19.43246],[-99.20847,19.43253],[-99.20846,19.43256]]}},{"type":"Feature","properties":{"class":"separated"},"geometry":{"type":"LineString","coordinates":[[-99.20846,19.43256],[-99.20844,19.4326],[-99.20841,19.43266],[-99.20837,19.43275],[-99.20835,19.4328]]}},{"type":"Feature","properties":{"class":"separated"},"geometry":{"type":"LineString","coordinates":[[-99.20835,19.4328],[-99.20832,19.43285],[-99.20831,19.43289]]}},{"type":"Feature","properties":{"class":"separated"},"geometry":{"type":"LineString","coordinates":[[-99.2075,19.43485],[-99.20732,19.43526]]}},{"type":"Feature","properties":{"class":"separated"},"geometry":{"type":"LineString","coordinates":[[-99.20732,19.43526],[-99.20731,19.4353],[-99.20729,19.43533]]}},{"type":"Feature","properties":{"class":"separated"},"geometry":{"type":"LineString","coordinates":[[-99.20729,19.43533],[-99.20726,19.43542],[-99.20723,19.43548]]}},{"type":"Feature","properties":{"class":"separated"},"geometry":{"type":"LineString","coordinates":[[-99.20342,19.42624],[-99.2034,19.42621],[-99.20338,19.42617],[-99.20333,19.42608],[-99.20331,19.42605],[-99.2033,19.42603]]}},{"type":"Feature","properties":{"class":"separated"},"geometry":{"type":"LineString","coordinates":[[-99.20347,19.42641],[-99.20346,19.4264],[-99.20342,19.42626],[-99.20342,19.42624]]}},{"type":"Feature","properties":{"class":"separated"},"geometry":{"type":"LineString","coordinates":[[-99.19945,19.42134],[-99.19943,19.42131],[-99.19886,19.42067]]}},{"type":"Feature","properties":{"class":"separated"},"geometry":{"type":"LineString","coordinates":[[-99.19872,19.42051],[-99.19806,19.41977],[-99.19802,19.41976]]}},{"type":"Feature","properties":{"class":"separated"},"geometry":{"type":"LineString","coordinates":[[-99.19599,19.41805],[-99.19597,19.41804],[-99.19594,19.41801],[-99.19583,19.41792]]}},{"type":"Feature","properties":{"class":"separated"},"geometry":{"type":"LineString","coordinates":[[-99.1961,19.41815],[-99.19605,19.4181],[-99.19601,19.41807],[-99.19599,19.41805]]}},{"type":"Feature","properties":{"class":"separated"},"geometry":{"type":"LineString","coordinates":[[-99.19222,19.40569],[-99.19223,19.40547],[-99.19224,19.40531],[-99.19228,19.40495]]}},{"type":"Feature","properties":{"class":"separated"},"geometry":{"type":"LineString","coordinates":[[-99.19265,19.40251],[-99.19314,19.40186],[-99.19322,19.40177]]}},{"type":"Feature","properties":{"class":"separated"},"geometry":{"type":"LineString","coordinates":[[-99.19322,19.40177],[-99.19371,19.40118]]}},{"type":"Feature","properties":{"class":"separated"},"geometry":{"type":"LineString","coordinates":[[-99.19371,19.40118],[-99.1938,19.40101],[-99.19385,19.40085]]}},{"type":"Feature","properties":{"class":"separated"},"geometry":{"type":"LineString","coordinates":[[-99.16809,19.45716],[-99.16801,19.45715],[-99.16753,19.45707],[-99.1674,19.45706],[-99.16723,19.45703],[-99.16701,19.45704],[-99.16679,19.45709],[-99.16656,19.45719],[-99.1663,19.45735],[-99.16615,19.45746],[-99.16606,19.45758],[-99.16584,19.45802],[-99.16562,19.45853],[-99.16519,19.45958],[-99.16505,19.45987],[-99.16499,19.45998],[-99.16497,19.46005],[-99.16451,19.46116],[-99.16391,19.46263],[-99.16358,19.46321],[-99.16276,19.4639],[-99.16255,19.46407]]}},{"type":"Feature","properties":{"class":"separated"},"geometry":{"type":"LineString","coordinates":[[-99.17413,19.45279],[-99.17372,19.45313],[-99.17341,19.45339],[-99.17223,19.45434],[-99.17156,19.45487],[-99.1712,19.45515],[-99.17003,19.4561],[-99.16925,19.45672],[-99.16917,19.45679],[-99.16911,19.45684],[-99.16905,19.45688],[-99.16893,19.45692],[-99.16877,19.45697],[-99.16863,19.45701],[-99.16852,19.45703]]}},{"type":"Feature","properties":{"class":"separated"},"geometry":{"type":"LineString","coordinates":[[-99.17422,19.45278],[-99.17416,19.45281],[-99.17413,19.45279]]}},{"type":"Feature","properties":{"class":"separated"},"geometry":{"type":"LineString","coordinates":[[-99.1746,19.45246],[-99.17432,19.4527],[-99.17422,19.45278]]}},{"type":"Feature","properties":{"class":"separated"},"geometry":{"type":"LineString","coordinates":[[-99.17485,19.45224],[-99.17481,19.45228],[-99.17477,19.45231],[-99.17468,19.4524],[-99.17463,19.45244],[-99.1746,19.45246]]}},{"type":"Feature","properties":{"class":"separated"},"geometry":{"type":"LineString","coordinates":[[-99.17736,19.45021],[-99.17734,19.45023],[-99.17485,19.45224]]}},{"type":"Feature","properties":{"class":"separated"},"geometry":{"type":"LineString","coordinates":[[-99.17746,19.45013],[-99.17739,19.45019],[-99.17736,19.45021]]}},{"type":"Feature","properties":{"class":"separated"},"geometry":{"type":"LineString","coordinates":[[-99.178,19.44971],[-99.17795,19.44975],[-99.17788,19.44981],[-99.17779,19.44988],[-99.17769,19.44996],[-99.17751,19.45011],[-99.1775,19.4501],[-99.17746,19.45013]]}},{"type":"Feature","properties":{"class":"separated"},"geometry":{"type":"LineString","coordinates":[[-99.18066,19.4476],[-99.18053,19.44767],[-99.18008,19.44802],[-99.18005,19.44805],[-99.18003,19.44808],[-99.17941,19.44857],[-99.17931,19.44863],[-99.17899,19.44888],[-99.17878,19.44905],[-99.17852,19.44925],[-99.17821,19.44951],[-99.17818,19.44954],[-99.178,19.44971]]}},{"type":"Feature","properties":{"class":"separated"},"geometry":{"type":"LineString","coordinates":[[-99.18107,19.44726],[-99.18066,19.4476]]}},{"type":"Feature","properties":{"class":"separated"},"geometry":{"type":"LineString","coordinates":[[-99.18121,19.44716],[-99.1811,19.44725],[-99.18107,19.44726]]}},{"type":"Feature","properties":{"class":"separated"},"geometry":{"type":"LineString","coordinates":[[-99.16202,19.42563],[-99.16193,19.42544],[-99.16189,19.42536]]}},{"type":"Feature","properties":{"class":"shared"},"geometry":{"type":"LineString","coordinates":[[-99.16118,19.42403],[-99.1612,19.42395]]}},{"type":"Feature","properties":{"class":"shared"},"geometry":{"type":"LineString","coordinates":[[-99.16238,19.42512],[-99.1631,19.42479],[-99.1632,19.42474]]}},{"type":"Feature","properties":{"class":"separated"},"geometry":{"type":"LineString","coordinates":[[-99.15236,19.43283],[-99.15263,19.43287],[-99.15386,19.43304]]}},{"type":"Feature","properties":{"class":"shared"},"geometry":{"type":"LineString","coordinates":[[-99.17492,19.42243],[-99.17499,19.42252],[-99.17516,19.42278],[-99.17518,19.42279],[-99.17518,19.42281],[-99.17519,19.42283],[-99.17519,19.42285],[-99.17518,19.42287],[-99.17518,19.42289],[-99.17517,19.42292],[-99.17515,19.42296],[-99.17509,19.42302],[-99.17501,19.42308]]}},{"type":"Feature","properties":{"class":"painted"},"geometry":{"type":"LineString","coordinates":[[-99.17416,19.42133],[-99.17418,19.42134],[-99.17425,19.42134]]}},{"type":"Feature","properties":{"class":"separated"},"geometry":{"type":"LineString","coordinates":[[-99.17277,19.42416],[-99.1727,19.4242],[-99.17267,19.42421],[-99.17255,19.42427],[-99.1723,19.42438],[-99.17195,19.42455],[-99.17189,19.42458],[-99.17183,19.42459],[-99.17177,19.4246],[-99.17161,19.4246],[-99.17156,19.4246],[-99.17151,19.42461],[-99.17148,19.42461],[-99.17138,19.42466]]}},{"type":"Feature","properties":{"class":"shared"},"geometry":{"type":"LineString","coordinates":[[-99.17027,19.42252],[-99.17017,19.42257],[-99.16952,19.42287],[-99.16904,19.4231],[-99.16902,19.42311],[-99.16894,19.42314]]}},{"type":"Feature","properties":{"class":"shared"},"geometry":{"type":"LineString","coordinates":[[-99.12976,19.45415],[-99.12971,19.45422]]}},{"type":"Feature","properties":{"class":"separated"},"geometry":{"type":"LineString","coordinates":[[-99.17023,19.42187],[-99.17002,19.42192],[-99.16895,19.42215],[-99.16891,19.42216],[-99.16886,19.42217],[-99.16876,19.4222]]}},{"type":"Feature","properties":{"class":"separated"},"geometry":{"type":"LineString","coordinates":[[-99.17158,19.42157],[-99.17152,19.42158],[-99.17045,19.42182],[-99.1704,19.42183],[-99.17036,19.42184],[-99.17023,19.42187]]}},{"type":"Feature","properties":{"class":"shared"},"geometry":{"type":"LineString","coordinates":[[-99.16114,19.42793],[-99.16176,19.42763]]}},{"type":"Feature","properties":{"class":"shared"},"geometry":{"type":"LineString","coordinates":[[-99.16159,19.4266],[-99.16149,19.42665],[-99.16137,19.42671],[-99.16128,19.42674]]}},{"type":"Feature","properties":{"class":"separated"},"geometry":{"type":"LineString","coordinates":[[-99.16925,19.37858],[-99.16935,19.37818],[-99.16948,19.37766],[-99.16983,19.37626]]}},{"type":"Feature","properties":{"class":"separated"},"geometry":{"type":"LineString","coordinates":[[-99.14981,19.43523],[-99.14984,19.43518],[-99.14988,19.43505],[-99.1502,19.43424]]}},{"type":"Feature","properties":{"class":"separated"},"geometry":{"type":"LineString","coordinates":[[-99.15072,19.43304],[-99.15082,19.4328],[-99.15084,19.43276],[-99.1509,19.43263]]}},{"type":"Feature","properties":{"class":"separated"},"geometry":{"type":"LineString","coordinates":[[-99.1509,19.43263],[-99.15096,19.43264],[-99.15115,19.43267],[-99.15222,19.43281],[-99.15226,19.43282],[-99.15236,19.43283]]}},{"type":"Feature","properties":{"class":"separated"},"geometry":{"type":"LineString","coordinates":[[-99.15129,19.43169],[-99.15145,19.43131]]}},{"type":"Feature","properties":{"class":"separated"},"geometry":{"type":"LineString","coordinates":[[-99.15172,19.43062],[-99.15194,19.43011]]}},{"type":"Feature","properties":{"class":"separated"},"geometry":{"type":"LineString","coordinates":[[-99.15211,19.42971],[-99.15255,19.42863]]}},{"type":"Feature","properties":{"class":"separated"},"geometry":{"type":"LineString","coordinates":[[-99.15255,19.42863],[-99.15282,19.428]]}},{"type":"Feature","properties":{"class":"shared"},"geometry":{"type":"LineString","coordinates":[[-99.15914,19.42469],[-99.15959,19.42462],[-99.16015,19.42454]]}},{"type":"Feature","properties":{"class":"separated"},"geometry":{"type":"LineString","coordinates":[[-99.15534,19.42553],[-99.15648,19.42528]]}},{"type":"Feature","properties":{"class":"separated"},"geometry":{"type":"LineString","coordinates":[[-99.15648,19.42528],[-99.15738,19.42509]]}},{"type":"Feature","properties":{"class":"shared"},"geometry":{"type":"LineString","coordinates":[[-99.17319,19.42155],[-99.17323,19.42163],[-99.17325,19.42166],[-99.17333,19.42184]]}},{"type":"Feature","properties":{"class":"shared"},"geometry":{"type":"LineString","coordinates":[[-99.17346,19.42213],[-99.1735,19.4222],[-99.1736,19.42242],[-99.17362,19.42246],[-99.17366,19.42255]]}},{"type":"Feature","properties":{"class":"shared"},"geometry":{"type":"LineString","coordinates":[[-99.1615,19.42714],[-99.16153,19.42721],[-99.16176,19.42763]]}},{"type":"Feature","properties":{"class":"separated"},"geometry":{"type":"LineString","coordinates":[[-99.1589,19.42473],[-99.15925,19.42538],[-99.1593,19.42547]]}},{"type":"Feature","properties":{"class":"painted"},"geometry":{"type":"LineString","coordinates":[[-99.18094,19.39708],[-99.18088,19.39709],[-99.18083,19.3971],[-99.18003,19.39728]]}},{"type":"Feature","properties":{"class":"painted"},"geometry":{"type":"LineString","coordinates":[[-99.17959,19.39321],[-99.17987,19.39392]]}},{"type":"Feature","properties":{"class":"separated"},"geometry":{"type":"LineString","coordinates":[[-99.18053,19.39487],[-99.18046,19.39482],[-99.1804,19.39476],[-99.18034,19.39468],[-99.18016,19.39443]]}},{"type":"Feature","properties":{"class":"shared"},"geometry":{"type":"LineString","coordinates":[[-99.17186,19.40583],[-99.17194,19.40582]]}},{"type":"Feature","properties":{"class":"shared"},"geometry":{"type":"LineString","coordinates":[[-99.17446,19.40576],[-99.17498,19.40576]]}},{"type":"Feature","properties":{"class":"separated"},"geometry":{"type":"LineString","coordinates":[[-99.17907,19.40266],[-99.18001,19.40297],[-99.18033,19.40307],[-99.18048,19.40312],[-99.18089,19.40325],[-99.18094,19.40327],[-99.18163,19.40341],[-99.18255,19.40337],[-99.18324,19.40333],[-99.18379,19.40331],[-99.18465,19.40331]]}},{"type":"Feature","properties":{"class":"separated"},"geometry":{"type":"LineString","coordinates":[[-99.19489,19.43394],[-99.19558,19.43398]]}},{"type":"Feature","properties":{"class":"separated"},"geometry":{"type":"LineString","coordinates":[[-99.2015,19.43424],[-99.20098,19.43414],[-99.20049,19.43406],[-99.1998,19.43402],[-99.19972,19.43401]]}},{"type":"Feature","properties":{"class":"separated"},"geometry":{"type":"LineString","coordinates":[[-99.19972,19.43401],[-99.19968,19.43401],[-99.199,19.43397]]}},{"type":"Feature","properties":{"class":"painted"},"geometry":{"type":"LineString","coordinates":[[-99.1961,19.36277],[-99.19605,19.36285],[-99.19595,19.36306]]}},{"type":"Feature","properties":{"class":"separated"},"geometry":{"type":"LineString","coordinates":[[-99.18869,19.40561],[-99.18865,19.40562]]}},{"type":"Feature","properties":{"class":"separated"},"geometry":{"type":"LineString","coordinates":[[-99.18878,19.40557],[-99.18869,19.40561]]}},{"type":"Feature","properties":{"class":"shared"},"geometry":{"type":"LineString","coordinates":[[-99.18088,19.41069],[-99.18072,19.41062],[-99.18038,19.41045],[-99.17958,19.41005]]}},{"type":"Feature","properties":{"class":"shared"},"geometry":{"type":"LineString","coordinates":[[-99.17958,19.41005],[-99.17948,19.41],[-99.17939,19.40995]]}},{"type":"Feature","properties":{"class":"shared"},"geometry":{"type":"LineString","coordinates":[[-99.17939,19.40995],[-99.17909,19.4098],[-99.17864,19.40957],[-99.17823,19.40937],[-99.17808,19.40929],[-99.1778,19.40915],[-99.17738,19.40894],[-99.17668,19.40858]]}},{"type":"Feature","properties":{"class":"shared"},"geometry":{"type":"LineString","coordinates":[[-99.17668,19.40858],[-99.17656,19.40852]]}},{"type":"Feature","properties":{"class":"separated"},"geometry":{"type":"LineString","coordinates":[[-99.16592,19.39227],[-99.1656,19.39191],[-99.16516,19.39142],[-99.16475,19.39095]]}},{"type":"Feature","properties":{"class":"separated"},"geometry":{"type":"LineString","coordinates":[[-99.16475,19.39095],[-99.16468,19.39089]]}},{"type":"Feature","properties":{"class":"separated"},"geometry":{"type":"LineString","coordinates":[[-99.16084,19.38458],[-99.1608,19.38442]]}},{"type":"Feature","properties":{"class":"shared"},"geometry":{"type":"LineString","coordinates":[[-99.17745,19.42348],[-99.1771,19.42344],[-99.17664,19.42337],[-99.17632,19.42332],[-99.17586,19.42327]]}},{"type":"Feature","properties":{"class":"shared"},"geometry":{"type":"LineString","coordinates":[[-99.17788,19.42354],[-99.17745,19.42348]]}},{"type":"Feature","properties":{"class":"separated"},"geometry":{"type":"LineString","coordinates":[[-99.17739,19.42359],[-99.17783,19.42367]]}},{"type":"Feature","properties":{"class":"separated"},"geometry":{"type":"LineString","coordinates":[[-99.17742,19.42354],[-99.17635,19.42338]]}},{"type":"Feature","properties":{"class":"separated"},"geometry":{"type":"LineString","coordinates":[[-99.17786,19.42361],[-99.17742,19.42354]]}},{"type":"Feature","properties":{"class":"separated"},"geometry":{"type":"LineString","coordinates":[[-99.19369,19.39996],[-99.19365,19.3999],[-99.1936,19.39984],[-99.19355,19.39979],[-99.19351,19.39975],[-99.19347,19.39971],[-99.19341,19.39968],[-99.19338,19.39966],[-99.19331,19.39962],[-99.19329,19.39961]]}},{"type":"Feature","properties":{"class":"separated"},"geometry":{"type":"LineString","coordinates":[[-99.19317,19.39956],[-99.1928,19.39945]]}},{"type":"Feature","properties":{"class":"separated"},"geometry":{"type":"LineString","coordinates":[[-99.19115,19.38815],[-99.19132,19.38709]]}},{"type":"Feature","properties":{"class":"separated"},"geometry":{"type":"LineString","coordinates":[[-99.19132,19.38709],[-99.19134,19.38699],[-99.19137,19.38681]]}},{"type":"Feature","properties":{"class":"separated"},"geometry":{"type":"LineString","coordinates":[[-99.19137,19.38681],[-99.19139,19.38663]]}},{"type":"Feature","properties":{"class":"separated"},"geometry":{"type":"LineString","coordinates":[[-99.19139,19.38663],[-99.19144,19.38636]]}},{"type":"Feature","properties":{"class":"separated"},"geometry":{"type":"LineString","coordinates":[[-99.19144,19.38636],[-99.1915,19.38606]]}},{"type":"Feature","properties":{"class":"separated"},"geometry":{"type":"LineString","coordinates":[[-99.1915,19.38606],[-99.19152,19.38596],[-99.19154,19.38589]]}},{"type":"Feature","properties":{"class":"separated"},"geometry":{"type":"LineString","coordinates":[[-99.19346,19.38078],[-99.19347,19.38076],[-99.19347,19.38072]]}},{"type":"Feature","properties":{"class":"separated"},"geometry":{"type":"LineString","coordinates":[[-99.19212,19.38393],[-99.19215,19.38382]]}},{"type":"Feature","properties":{"class":"separated"},"geometry":{"type":"LineString","coordinates":[[-99.19215,19.38382],[-99.19217,19.38376],[-99.19219,19.38368]]}},{"type":"Feature","properties":{"class":"separated"},"geometry":{"type":"LineString","coordinates":[[-99.19207,19.37636],[-99.19206,19.37621],[-99.19205,19.37621]]}},{"type":"Feature","properties":{"class":"separated"},"geometry":{"type":"LineString","coordinates":[[-99.19205,19.37621],[-99.192,19.3762],[-99.19197,19.37619]]}},{"type":"Feature","properties":{"class":"separated"},"geometry":{"type":"LineString","coordinates":[[-99.20515,19.3441],[-99.20512,19.34393],[-99.2051,19.34373],[-99.2051,19.34349],[-99.20513,19.34323],[-99.20518,19.34305],[-99.20534,19.34261]]}},{"type":"Feature","properties":{"class":"separated"},"geometry":{"type":"LineString","coordinates":[[-99.2052,19.34429],[-99.20518,19.34423],[-99.20516,19.34414],[-99.20515,19.3441]]}},{"type":"Feature","properties":{"class":"separated"},"geometry":{"type":"LineString","coordinates":[[-99.20538,19.34252],[-99.20543,19.34244],[-99.20547,19.34236],[-99.20554,19.34224],[-99.20561,19.34215],[-99.20568,19.34206],[-99.20572,19.34202],[-99.20582,19.3419],[-99.20592,19.3418],[-99.206,19.34173],[-99.20607,19.34168],[-99.2061,19.34165]]}},{"type":"Feature","properties":{"class":"separated"},"geometry":{"type":"LineString","coordinates":[[-99.20534,19.34261],[-99.20537,19.34254],[-99.20538,19.34252]]}},{"type":"Feature","properties":{"class":"separated"},"geometry":{"type":"LineString","coordinates":[[-99.2074,19.34059],[-99.2074,19.34059],[-99.20756,19.34047],[-99.20768,19.34037],[-99.2082,19.33994]]}},{"type":"Feature","properties":{"class":"separated"},"geometry":{"type":"LineString","coordinates":[[-99.2082,19.33994],[-99.20822,19.33992],[-99.20826,19.33988]]}},{"type":"Feature","properties":{"class":"separated"},"geometry":{"type":"LineString","coordinates":[[-99.20826,19.33988],[-99.20862,19.33962]]}},{"type":"Feature","properties":{"class":"separated"},"geometry":{"type":"LineString","coordinates":[[-99.20862,19.33962],[-99.20864,19.33961],[-99.20867,19.33959]]}},{"type":"Feature","properties":{"class":"separated"},"geometry":{"type":"LineString","coordinates":[[-99.211,19.33836],[-99.21126,19.33825],[-99.21143,19.33819],[-99.21164,19.33813],[-99.21184,19.33807],[-99.21203,19.33804],[-99.21214,19.33802]]}},{"type":"Feature","properties":{"class":"separated"},"geometry":{"type":"LineString","coordinates":[[-99.21089,19.33842],[-99.21094,19.3384],[-99.211,19.33836]]}},{"type":"Feature","properties":{"class":"separated"},"geometry":{"type":"LineString","coordinates":[[-99.21225,19.33801],[-99.21235,19.338],[-99.21267,19.33798],[-99.21301,19.33797]]}},{"type":"Feature","properties":{"class":"separated"},"geometry":{"type":"LineString","coordinates":[[-99.21214,19.33802],[-99.21218,19.33801],[-99.21225,19.33801]]}},{"type":"Feature","properties":{"class":"separated"},"geometry":{"type":"LineString","coordinates":[[-99.21488,19.33778],[-99.21502,19.33773]]}},{"type":"Feature","properties":{"class":"separated"},"geometry":{"type":"LineString","coordinates":[[-99.21485,19.33779],[-99.21488,19.33778]]}},{"type":"Feature","properties":{"class":"separated"},"geometry":{"type":"LineString","coordinates":[[-99.20723,19.43548],[-99.20722,19.43552],[-99.2072,19.43557]]}},{"type":"Feature","properties":{"class":"separated"},"geometry":{"type":"LineString","coordinates":[[-99.20719,19.4356],[-99.20716,19.4356],[-99.20692,19.43621]]}},{"type":"Feature","properties":{"class":"separated"},"geometry":{"type":"LineString","coordinates":[[-99.20692,19.43621],[-99.2069,19.43625],[-99.20688,19.43629]]}},{"type":"Feature","properties":{"class":"separated"},"geometry":{"type":"LineString","coordinates":[[-99.20686,19.43636],[-99.20684,19.43641],[-99.20683,19.43642]]}},{"type":"Feature","properties":{"class":"separated"},"geometry":{"type":"LineString","coordinates":[[-99.20688,19.43629],[-99.20686,19.43636]]}},{"type":"Feature","properties":{"class":"separated"},"geometry":{"type":"LineString","coordinates":[[-99.20683,19.43642],[-99.20606,19.4383],[-99.20602,19.43839]]}},{"type":"Feature","properties":{"class":"separated"},"geometry":{"type":"LineString","coordinates":[[-99.20602,19.43839],[-99.20598,19.43846],[-99.20597,19.43849]]}},{"type":"Feature","properties":{"class":"separated"},"geometry":{"type":"LineString","coordinates":[[-99.20597,19.43849],[-99.20593,19.43857],[-99.20588,19.43866]]}},{"type":"Feature","properties":{"class":"separated"},"geometry":{"type":"LineString","coordinates":[[-99.20588,19.43866],[-99.20586,19.4387],[-99.2058,19.43879]]}},{"type":"Feature","properties":{"class":"separated"},"geometry":{"type":"LineString","coordinates":[[-99.2058,19.43879],[-99.20576,19.43881],[-99.20564,19.43899],[-99.20546,19.43925],[-99.20537,19.43936],[-99.20528,19.43946]]}},{"type":"Feature","properties":{"class":"separated"},"geometry":{"type":"LineString","coordinates":[[-99.20528,19.43946],[-99.20526,19.43948],[-99.20524,19.43951]]}},{"type":"Feature","properties":{"class":"separated"},"geometry":{"type":"LineString","coordinates":[[-99.20463,19.44008],[-99.20458,19.44013],[-99.2045,19.44018],[-99.20444,19.44023],[-99.20436,19.44029],[-99.20434,19.4403]]}},{"type":"Feature","properties":{"class":"separated"},"geometry":{"type":"LineString","coordinates":[[-99.20434,19.4403],[-99.20422,19.44039],[-99.2041,19.44046],[-99.20408,19.44047],[-99.20393,19.44056],[-99.20378,19.44064],[-99.20357,19.44074],[-99.20352,19.44077],[-99.20342,19.44081],[-99.20324,19.44087],[-99.20304,19.44095]]}},{"type":"Feature","properties":{"class":"separated"},"geometry":{"type":"LineString","coordinates":[[-99.20304,19.44095],[-99.20295,19.44098],[-99.20291,19.44099]]}},{"type":"Feature","properties":{"class":"separated"},"geometry":{"type":"LineString","coordinates":[[-99.20291,19.44099],[-99.20228,19.44116],[-99.20213,19.4412],[-99.20202,19.44122],[-99.20193,19.44124],[-99.20183,19.44125],[-99.20165,19.44127],[-99.20142,19.4413],[-99.20096,19.44134],[-99.20089,19.44141],[-99.20084,19.44147]]}},{"type":"Feature","properties":{"class":"separated"},"geometry":{"type":"LineString","coordinates":[[-99.2008,19.44136],[-99.20096,19.44134]]}},{"type":"Feature","properties":{"class":"separated"},"geometry":{"type":"LineString","coordinates":[[-99.2005,19.44139],[-99.20007,19.44144],[-99.1998,19.44147],[-99.1997,19.44148]]}},{"type":"Feature","properties":{"class":"separated"},"geometry":{"type":"LineString","coordinates":[[-99.20045,19.4415],[-99.20003,19.44154],[-99.19987,19.44156]]}},{"type":"Feature","properties":{"class":"separated"},"geometry":{"type":"LineString","coordinates":[[-99.19987,19.44156],[-99.19979,19.44152],[-99.1997,19.44148]]}},{"type":"Feature","properties":{"class":"separated"},"geometry":{"type":"LineString","coordinates":[[-99.20076,19.44147],[-99.20067,19.44148],[-99.20053,19.4415],[-99.20045,19.4415]]}},{"type":"Feature","properties":{"class":"separated"},"geometry":{"type":"LineString","coordinates":[[-99.20084,19.44147],[-99.20076,19.44147]]}},{"type":"Feature","properties":{"class":"separated"},"geometry":{"type":"LineString","coordinates":[[-99.19913,19.44153],[-99.19875,19.44157],[-99.19844,19.4416]]}},{"type":"Feature","properties":{"class":"separated"},"geometry":{"type":"LineString","coordinates":[[-99.19844,19.4416],[-99.19842,19.4416],[-99.19836,19.44161]]}},{"type":"Feature","properties":{"class":"separated"},"geometry":{"type":"LineString","coordinates":[[-99.18118,19.44713],[-99.18121,19.44716]]}},{"type":"Feature","properties":{"class":"separated"},"geometry":{"type":"LineString","coordinates":[[-99.18149,19.44689],[-99.18143,19.44694],[-99.18133,19.44701],[-99.18124,19.44709],[-99.18118,19.44713]]}},{"type":"Feature","properties":{"class":"separated"},"geometry":{"type":"LineString","coordinates":[[-99.18254,19.44602],[-99.18197,19.44649]]}},{"type":"Feature","properties":{"class":"separated"},"geometry":{"type":"LineString","coordinates":[[-99.18268,19.44596],[-99.18259,19.446],[-99.18254,19.44602]]}},{"type":"Feature","properties":{"class":"separated"},"geometry":{"type":"LineString","coordinates":[[-99.18275,19.4459],[-99.18268,19.44596]]}},{"type":"Feature","properties":{"class":"separated"},"geometry":{"type":"LineString","coordinates":[[-99.18284,19.44582],[-99.18278,19.44587],[-99.18275,19.4459]]}},{"type":"Feature","properties":{"class":"separated"},"geometry":{"type":"LineString","coordinates":[[-99.18311,19.4456],[-99.18284,19.44582]]}},{"type":"Feature","properties":{"class":"separated"},"geometry":{"type":"LineString","coordinates":[[-99.1832,19.44553],[-99.18315,19.44557],[-99.18311,19.4456]]}},{"type":"Feature","properties":{"class":"separated"},"geometry":{"type":"LineString","coordinates":[[-99.1839,19.44498],[-99.18376,19.44509],[-99.18369,19.44514],[-99.1832,19.44553]]}},{"type":"Feature","properties":{"class":"separated"},"geometry":{"type":"LineString","coordinates":[[-99.18406,19.44486],[-99.18396,19.44494],[-99.1839,19.44498]]}},{"type":"Feature","properties":{"class":"separated"},"geometry":{"type":"LineString","coordinates":[[-99.18517,19.44398],[-99.18477,19.44428],[-99.18423,19.4447],[-99.18406,19.44486]]}},{"type":"Feature","properties":{"class":"separated"},"geometry":{"type":"LineString","coordinates":[[-99.18531,19.44386],[-99.18525,19.44391],[-99.18522,19.44393],[-99.18517,19.44398]]}},{"type":"Feature","properties":{"class":"separated"},"geometry":{"type":"LineString","coordinates":[[-99.1958,19.44187],[-99.19554,19.44189],[-99.19549,19.44189],[-99.19545,19.44193],[-99.1954,19.44197],[-99.19464,19.44204],[-99.19418,19.44209],[-99.19364,19.44214],[-99.19337,19.44216],[-99.19322,19.44217],[-99.19249,19.44225],[-99.19243,19.44223],[-99.19233,19.44219],[-99.19223,19.4422]]}},{"type":"Feature","properties":{"class":"separated"},"geometry":{"type":"LineString","coordinates":[[-99.19209,19.44221],[-99.19191,19.44223]]}},{"type":"Feature","properties":{"class":"separated"},"geometry":{"type":"LineString","coordinates":[[-99.19191,19.44223],[-99.19181,19.44224],[-99.19177,19.44225]]}},{"type":"Feature","properties":{"class":"separated"},"geometry":{"type":"LineString","coordinates":[[-99.19223,19.4422],[-99.19214,19.44221],[-99.19209,19.44221]]}},{"type":"Feature","properties":{"class":"separated"},"geometry":{"type":"LineString","coordinates":[[-99.19836,19.44161],[-99.19795,19.44165],[-99.19791,19.44167],[-99.19631,19.44182],[-99.19607,19.44185],[-99.1959,19.44186]]}},{"type":"Feature","properties":{"class":"separated"},"geometry":{"type":"LineString","coordinates":[[-99.1959,19.44186],[-99.19585,19.44187],[-99.1958,19.44187]]}},{"type":"Feature","properties":{"class":"separated"},"geometry":{"type":"LineString","coordinates":[[-99.18197,19.44649],[-99.18149,19.44689]]}},{"type":"Feature","properties":{"class":"separated"},"geometry":{"type":"LineString","coordinates":[[-99.19177,19.44225],[-99.19032,19.44239]]}},{"type":"Feature","properties":{"class":"separated"},"geometry":{"type":"LineString","coordinates":[[-99.19032,19.44239],[-99.1898,19.44244]]}},{"type":"Feature","properties":{"class":"separated"},"geometry":{"type":"LineString","coordinates":[[-99.1997,19.44148],[-99.19913,19.44153]]}},{"type":"Feature","properties":{"class":"separated"},"geometry":{"type":"LineString","coordinates":[[-99.19148,19.3401],[-99.191,19.34128],[-99.19091,19.3416],[-99.19078,19.34205],[-99.1907,19.34233]]}},{"type":"Feature","properties":{"class":"separated"},"geometry":{"type":"LineString","coordinates":[[-99.19313,19.37913],[-99.19313,19.37912],[-99.19293,19.37847],[-99.1929,19.37839],[-99.19289,19.37835],[-99.19284,19.37816]]}},{"type":"Feature","properties":{"class":"separated"},"geometry":{"type":"LineString","coordinates":[[-99.19315,19.37919],[-99.19314,19.37916],[-99.19313,19.37913]]}},{"type":"Feature","properties":{"class":"separated"},"geometry":{"type":"LineString","coordinates":[[-99.19347,19.38072],[-99.19347,19.3807],[-99.19346,19.38047],[-99.19342,19.38016],[-99.19342,19.38015]]}},{"type":"Feature","properties":{"class":"separated"},"geometry":{"type":"LineString","coordinates":[[-99.1934,19.3813],[-99.1934,19.3813],[-99.19346,19.38079],[-99.19346,19.38078]]}},{"type":"Feature","properties":{"class":"separated"},"geometry":{"type":"LineString","coordinates":[[-99.19339,19.38137],[-99.19339,19.38135],[-99.1934,19.3813]]}},{"type":"Feature","properties":{"class":"separated"},"geometry":{"type":"LineString","coordinates":[[-99.1933,19.3817],[-99.1933,19.38169],[-99.19339,19.38138],[-99.19339,19.38137]]}},{"type":"Feature","properties":{"class":"separated"},"geometry":{"type":"LineString","coordinates":[[-99.19341,19.38008],[-99.1934,19.38007],[-99.19335,19.37983],[-99.19315,19.3792],[-99.19315,19.37919]]}},{"type":"Feature","properties":{"class":"separated"},"geometry":{"type":"LineString","coordinates":[[-99.19342,19.38015],[-99.19341,19.38011],[-99.19341,19.38008]]}},{"type":"Feature","properties":{"class":"separated"},"geometry":{"type":"LineString","coordinates":[[-99.19326,19.38178],[-99.19328,19.38174],[-99.1933,19.3817]]}},{"type":"Feature","properties":{"class":"separated"},"geometry":{"type":"LineString","coordinates":[[-99.19219,19.38368],[-99.19262,19.38294],[-99.19307,19.38221],[-99.19326,19.38179],[-99.19326,19.38178]]}},{"type":"Feature","properties":{"class":"painted"},"geometry":{"type":"LineString","coordinates":[[-99.17695,19.38015],[-99.17702,19.38013],[-99.17707,19.38011],[-99.17719,19.38008],[-99.1773,19.38001]]}},{"type":"Feature","properties":{"class":"separated"},"geometry":{"type":"LineString","coordinates":[[-99.19859,19.40945],[-99.19837,19.40957]]}},{"type":"Feature","properties":{"class":"separated"},"geometry":{"type":"LineString","coordinates":[[-99.19896,19.40925],[-99.19859,19.40945]]}},{"type":"Feature","properties":{"class":"separated"},"geometry":{"type":"LineString","coordinates":[[-99.20292,19.41677],[-99.20295,19.41686],[-99.20298,19.41703],[-99.20296,19.41723],[-99.20292,19.41738],[-99.20284,19.41758],[-99.2027,19.41774],[-99.20264,19.41781],[-99.20251,19.41797]]}},{"type":"Feature","properties":{"class":"separated"},"geometry":{"type":"LineString","coordinates":[[-99.1909,19.38951],[-99.19092,19.38948],[-99.19093,19.38946]]}},{"type":"Feature","properties":{"class":"separated"},"geometry":{"type":"LineString","coordinates":[[-99.13642,19.40328],[-99.13639,19.40351]]}},{"type":"Feature","properties":{"class":"separated"},"geometry":{"type":"LineString","coordinates":[[-99.13659,19.40352],[-99.13662,19.40329]]}},{"type":"Feature","properties":{"class":"separated"},"geometry":{"type":"LineString","coordinates":[[-99.1604,19.40315],[-99.16043,19.40323]]}},{"type":"Feature","properties":{"class":"separated"},"geometry":{"type":"LineString","coordinates":[[-99.16027,19.40279],[-99.1603,19.40287]]}},{"type":"Feature","properties":{"class":"separated"},"geometry":{"type":"LineString","coordinates":[[-99.16232,19.40263],[-99.1623,19.40255]]}},{"type":"Feature","properties":{"class":"separated"},"geometry":{"type":"LineString","coordinates":[[-99.16223,19.40228],[-99.16222,19.40221]]}},{"type":"Feature","properties":{"class":"shared"},"geometry":{"type":"LineString","coordinates":[[-99.16789,19.40022],[-99.16788,19.40018]]}},{"type":"Feature","properties":{"class":"shared"},"geometry":{"type":"LineString","coordinates":[[-99.16799,19.40056],[-99.16797,19.40051]]}},{"type":"Feature","properties":{"class":"separated"},"geometry":{"type":"LineString","coordinates":[[-99.17068,19.39956],[-99.17073,19.3994]]}},{"type":"Feature","properties":{"class":"separated"},"geometry":{"type":"LineString","coordinates":[[-99.17056,19.39994],[-99.17057,19.39989]]}},{"type":"Feature","properties":{"class":"separated"},"geometry":{"type":"LineString","coordinates":[[-99.17059,19.39935],[-99.17053,19.39952],[-99.1705,19.39962]]}},{"type":"Feature","properties":{"class":"separated"},"geometry":{"type":"LineString","coordinates":[[-99.17039,19.39995],[-99.17036,19.40004]]}},{"type":"Feature","properties":{"class":"separated"},"geometry":{"type":"LineString","coordinates":[[-99.17036,19.40004],[-99.17035,19.39999],[-99.17034,19.39996]]}},{"type":"Feature","properties":{"class":"separated"},"geometry":{"type":"LineString","coordinates":[[-99.17034,19.39996],[-99.17033,19.39991],[-99.17028,19.39969]]}},{"type":"Feature","properties":{"class":"separated"},"geometry":{"type":"LineString","coordinates":[[-99.1702,19.39999],[-99.17022,19.40005],[-99.17024,19.40015],[-99.17027,19.40024],[-99.17028,19.40029]]}},{"type":"Feature","properties":{"class":"painted"},"geometry":{"type":"LineString","coordinates":[[-99.17014,19.39973],[-99.1702,19.39998],[-99.1702,19.39999]]}},{"type":"Feature","properties":{"class":"separated"},"geometry":{"type":"LineString","coordinates":[[-99.17739,19.39917],[-99.17741,19.39914]]}},{"type":"Feature","properties":{"class":"separated"},"geometry":{"type":"LineString","coordinates":[[-99.17726,19.39942],[-99.17727,19.39939]]}},{"type":"Feature","properties":{"class":"separated"},"geometry":{"type":"LineString","coordinates":[[-99.18019,19.39953],[-99.18017,19.39956]]}},{"type":"Feature","properties":{"class":"separated"},"geometry":{"type":"LineString","coordinates":[[-99.18009,19.3998],[-99.18008,19.39983]]}},{"type":"Feature","properties":{"class":"separated"},"geometry":{"type":"LineString","coordinates":[[-99.16363,19.42378],[-99.16371,19.42372]]}},{"type":"Feature","properties":{"class":"separated"},"geometry":{"type":"LineString","coordinates":[[-99.16361,19.42331],[-99.16353,19.42333]]}},{"type":"Feature","properties":{"class":"shared"},"geometry":{"type":"LineString","coordinates":[[-99.20155,19.41556],[-99.20158,19.41555],[-99.20161,19.41552],[-99.20164,19.41549],[-99.20165,19.41544],[-99.20164,19.41539],[-99.20161,19.41536],[-99.20158,19.41533]]}},{"type":"Feature","properties":{"class":"separated"},"geometry":{"type":"LineString","coordinates":[[-99.17695,19.38015],[-99.17698,19.38007]]}},{"type":"Feature","properties":{"class":"shared"},"geometry":{"type":"LineString","coordinates":[[-99.17778,19.36864],[-99.17748,19.36857]]}},{"type":"Feature","properties":{"class":"separated"},"geometry":{"type":"LineString","coordinates":[[-99.19021,19.34415],[-99.19019,19.34421],[-99.19015,19.34438],[-99.18993,19.34542],[-99.18991,19.3455],[-99.1899,19.34558],[-99.18989,19.34567],[-99.1899,19.34577],[-99.18991,19.34587]]}},{"type":"Feature","properties":{"class":"separated"},"geometry":{"type":"LineString","coordinates":[[-99.19036,19.34359],[-99.19034,19.34368],[-99.19033,19.34372],[-99.19032,19.34375],[-99.19032,19.34377]]}},{"type":"Feature","properties":{"class":"separated"},"geometry":{"type":"LineString","coordinates":[[-99.19049,19.34359],[-99.19062,19.34316],[-99.19075,19.34269],[-99.19078,19.34261],[-99.19084,19.34235],[-99.19113,19.34125],[-99.19131,19.34081],[-99.19149,19.34037],[-99.1916,19.3401]]}},{"type":"Feature","properties":{"class":"separated"},"geometry":{"type":"LineString","coordinates":[[-99.19007,19.34599],[-99.19005,19.34586],[-99.19003,19.34566],[-99.19004,19.34552],[-99.19025,19.34454],[-99.19027,19.34444],[-99.19027,19.34443],[-99.19043,19.34379]]}},{"type":"Feature","properties":{"class":"painted"},"geometry":{"type":"LineString","coordinates":[[-99.14676,19.43033],[-99.14683,19.42998]]}},{"type":"Feature","properties":{"class":"separated"},"geometry":{"type":"LineString","coordinates":[[-99.18492,19.39978],[-99.18494,19.39957]]}},{"type":"Feature","properties":{"class":"separated"},"geometry":{"type":"LineString","coordinates":[[-99.1849,19.40008],[-99.1849,19.40003]]}},{"type":"Feature","properties":{"class":"separated"},"geometry":{"type":"LineString","coordinates":[[-99.18737,19.37817],[-99.18749,19.37794]]}},{"type":"Feature","properties":{"class":"separated"},"geometry":{"type":"LineString","coordinates":[[-99.1947,19.41666],[-99.19435,19.416]]}},{"type":"Feature","properties":{"class":"separated"},"geometry":{"type":"LineString","coordinates":[[-99.19583,19.41792],[-99.19543,19.41758],[-99.19523,19.41738]]}},{"type":"Feature","properties":{"class":"separated"},"geometry":{"type":"LineString","coordinates":[[-99.19228,19.40495],[-99.19228,19.40469]]}},{"type":"Feature","properties":{"class":"separated"},"geometry":{"type":"LineString","coordinates":[[-99.19237,19.40313],[-99.19241,19.40269],[-99.19265,19.40251]]}},{"type":"Feature","properties":{"class":"separated"},"geometry":{"type":"LineString","coordinates":[[-99.19329,19.39961],[-99.19325,19.39959],[-99.19321,19.39957],[-99.19317,19.39956]]}},{"type":"Feature","properties":{"class":"separated"},"geometry":{"type":"LineString","coordinates":[[-99.1923,19.39952],[-99.1919,19.39957]]}},{"type":"Feature","properties":{"class":"separated"},"geometry":{"type":"LineString","coordinates":[[-99.19012,19.39768],[-99.18999,19.39741]]}},{"type":"Feature","properties":{"class":"separated"},"geometry":{"type":"LineString","coordinates":[[-99.18999,19.39741],[-99.18994,19.39728]]}},{"type":"Feature","properties":{"class":"separated"},"geometry":{"type":"LineString","coordinates":[[-99.18994,19.39728],[-99.18976,19.3969]]}},{"type":"Feature","properties":{"class":"separated"},"geometry":{"type":"LineString","coordinates":[[-99.18976,19.3969],[-99.18977,19.39661]]}},{"type":"Feature","properties":{"class":"separated"},"geometry":{"type":"LineString","coordinates":[[-99.19083,19.38972],[-99.19088,19.38967]]}},{"type":"Feature","properties":{"class":"separated"},"geometry":{"type":"LineString","coordinates":[[-99.19047,19.39231],[-99.19046,19.39227]]}},{"type":"Feature","properties":{"class":"separated"},"geometry":{"type":"LineString","coordinates":[[-99.19804,19.41979],[-99.19802,19.41976]]}},{"type":"Feature","properties":{"class":"separated"},"geometry":{"type":"LineString","coordinates":[[-99.19945,19.42134],[-99.19942,19.42132],[-99.19937,19.42128]]}},{"type":"Feature","properties":{"class":"separated"},"geometry":{"type":"LineString","coordinates":[[-99.2072,19.43557],[-99.20719,19.4356]]}},{"type":"Feature","properties":{"class":"separated"},"geometry":{"type":"LineString","coordinates":[[-99.21502,19.33773],[-99.21522,19.33764],[-99.21545,19.33749],[-99.21565,19.33737],[-99.21586,19.33723],[-99.21604,19.3371],[-99.21619,19.33698],[-99.21716,19.33619],[-99.21755,19.33587],[-99.21767,19.33576],[-99.21786,19.33562],[-99.21795,19.33557],[-99.2185,19.33532],[-99.21873,19.33522],[-99.21942,19.33495],[-99.2198,19.33478],[-99.22007,19.33467],[-99.22022,19.33461],[-99.22029,19.33459]]}},{"type":"Feature","properties":{"class":"separated"},"geometry":{"type":"LineString","coordinates":[[-99.2061,19.34165],[-99.20659,19.34123]]}},{"type":"Feature","properties":{"class":"separated"},"geometry":{"type":"LineString","coordinates":[[-99.21301,19.33797],[-99.21341,19.33796]]}},{"type":"Feature","properties":{"class":"separated"},"geometry":{"type":"LineString","coordinates":[[-99.21435,19.3379],[-99.21468,19.33784],[-99.21485,19.33779]]}},{"type":"Feature","properties":{"class":"separated"},"geometry":{"type":"LineString","coordinates":[[-99.18271,19.36246],[-99.18276,19.36232]]}},{"type":"Feature","properties":{"class":"separated"},"geometry":{"type":"LineString","coordinates":[[-99.1826,19.36231],[-99.18256,19.36244]]}},{"type":"Feature","properties":{"class":"separated"},"geometry":{"type":"LineString","coordinates":[[-99.19029,19.34387],[-99.19021,19.34415]]}},{"type":"Feature","properties":{"class":"separated"},"geometry":{"type":"LineString","coordinates":[[-99.19032,19.34377],[-99.19031,19.34379],[-99.1903,19.34383],[-99.19029,19.34387]]}},{"type":"Feature","properties":{"class":"separated"},"geometry":{"type":"LineString","coordinates":[[-99.19037,19.34355],[-99.19036,19.34359]]}},{"type":"Feature","properties":{"class":"separated"},"geometry":{"type":"LineString","coordinates":[[-99.19048,19.34362],[-99.19049,19.34359]]}},{"type":"Feature","properties":{"class":"separated"},"geometry":{"type":"LineString","coordinates":[[-99.1907,19.34233],[-99.19047,19.34319],[-99.19037,19.34355]]}},{"type":"Feature","properties":{"class":"separated"},"geometry":{"type":"LineString","coordinates":[[-99.19043,19.34379],[-99.19048,19.34362]]}},{"type":"Feature","properties":{"class":"separated"},"geometry":{"type":"LineString","coordinates":[[-99.19053,19.33942],[-99.19053,19.33935],[-99.19052,19.33912]]}},{"type":"Feature","properties":{"class":"shared"},"geometry":{"type":"LineString","coordinates":[[-99.13747,19.46527],[-99.13746,19.46579]]}},{"type":"Feature","properties":{"class":"separated"},"geometry":{"type":"LineString","coordinates":[[-99.15442,19.43336],[-99.15452,19.43344],[-99.15453,19.43345],[-99.15457,19.43348],[-99.1546,19.43352],[-99.15461,19.43357],[-99.15462,19.43361],[-99.1546,19.43372],[-99.1546,19.43376],[-99.15459,19.43382],[-99.15458,19.4339]]}},{"type":"Feature","properties":{"class":"separated"},"geometry":{"type":"LineString","coordinates":[[-99.15468,19.43391],[-99.1547,19.43383],[-99.15473,19.43363],[-99.15476,19.43359],[-99.15479,19.43356],[-99.15482,19.43352],[-99.15488,19.4335],[-99.155,19.43346],[-99.15506,19.43342],[-99.15512,19.43335],[-99.15517,19.43325],[-99.15518,19.43322],[-99.15519,19.43318],[-99.1552,19.43314],[-99.1552,19.4331],[-99.1552,19.43298]]}},{"type":"Feature","properties":{"class":"painted"},"geometry":{"type":"LineString","coordinates":[[-99.1773,19.38001],[-99.17785,19.37981]]}},{"type":"Feature","properties":{"class":"shared"},"geometry":{"type":"LineString","coordinates":[[-99.13352,19.40851],[-99.13362,19.4085],[-99.13365,19.4085],[-99.13378,19.40849]]}},{"type":"Feature","properties":{"class":"shared"},"geometry":{"type":"LineString","coordinates":[[-99.15786,19.43415],[-99.15733,19.43315]]}},{"type":"Feature","properties":{"class":"shared"},"geometry":{"type":"LineString","coordinates":[[-99.15633,19.43811],[-99.15599,19.438],[-99.15591,19.43798]]}},{"type":"Feature","properties":{"class":"shared"},"geometry":{"type":"LineString","coordinates":[[-99.14884,19.42723],[-99.1489,19.42722],[-99.14894,19.42721],[-99.14898,19.42719]]}},{"type":"Feature","properties":{"class":"separated"},"geometry":{"type":"LineString","coordinates":[[-99.14696,19.4374],[-99.14717,19.43727],[-99.14747,19.43707],[-99.1475,19.43704],[-99.14754,19.43702],[-99.14766,19.43694],[-99.14823,19.43656],[-99.14881,19.43618],[-99.14899,19.4361],[-99.14918,19.43602],[-99.14922,19.436],[-99.14929,19.43597],[-99.1495,19.43587]]}},{"type":"Feature","properties":{"class":"separated"},"geometry":{"type":"LineString","coordinates":[[-99.15468,19.43391],[-99.15472,19.43392],[-99.15563,19.43405],[-99.15568,19.43405],[-99.15581,19.43407]]}},{"type":"Feature","properties":{"class":"separated"},"geometry":{"type":"LineString","coordinates":[[-99.14853,19.43536],[-99.14841,19.43535],[-99.14836,19.43534],[-99.14814,19.43532],[-99.1475,19.43525],[-99.14745,19.43525],[-99.14735,19.43524]]}},{"type":"Feature","properties":{"class":"separated"},"geometry":{"type":"LineString","coordinates":[[-99.14681,19.4375],[-99.14696,19.4374]]}},{"type":"Feature","properties":{"class":"separated"},"geometry":{"type":"LineString","coordinates":[[-99.16054,19.42994],[-99.16046,19.42997],[-99.16038,19.43],[-99.16033,19.43002],[-99.16029,19.43004],[-99.16017,19.43009],[-99.16014,19.43011]]}},{"type":"Feature","properties":{"class":"separated"},"geometry":{"type":"LineString","coordinates":[[-99.15841,19.43117],[-99.15835,19.43121],[-99.15825,19.43128],[-99.1582,19.4313],[-99.15815,19.43132],[-99.15804,19.43138]]}},{"type":"Feature","properties":{"class":"separated"},"geometry":{"type":"LineString","coordinates":[[-99.15804,19.43138],[-99.1579,19.43144],[-99.15779,19.43149],[-99.15707,19.43182]]}},{"type":"Feature","properties":{"class":"separated"},"geometry":{"type":"LineString","coordinates":[[-99.15707,19.43182],[-99.15693,19.43188],[-99.15689,19.4319],[-99.15686,19.43191],[-99.15682,19.43193],[-99.15672,19.43198]]}},{"type":"Feature","properties":{"class":"separated"},"geometry":{"type":"LineString","coordinates":[[-99.15582,19.43241],[-99.15542,19.4326]]}},{"type":"Feature","properties":{"class":"separated"},"geometry":{"type":"LineString","coordinates":[[-99.15609,19.43228],[-99.15589,19.43237],[-99.15586,19.43239],[-99.15582,19.43241]]}},{"type":"Feature","properties":{"class":"separated"},"geometry":{"type":"LineString","coordinates":[[-99.15542,19.4326],[-99.15536,19.43262],[-99.1553,19.43265],[-99.15526,19.43266],[-99.15523,19.43267],[-99.15521,19.43268],[-99.15512,19.43269],[-99.15503,19.43269]]}},{"type":"Feature","properties":{"class":"separated"},"geometry":{"type":"LineString","coordinates":[[-99.15341,19.43355],[-99.15337,19.43357],[-99.15333,19.43358],[-99.15329,19.4336],[-99.15323,19.43362],[-99.15314,19.43366]]}},{"type":"Feature","properties":{"class":"separated"},"geometry":{"type":"LineString","coordinates":[[-99.15036,19.43497],[-99.15021,19.43506],[-99.15016,19.43508],[-99.15012,19.4351],[-99.15005,19.43513],[-99.14994,19.43518],[-99.14981,19.43523]]}},{"type":"Feature","properties":{"class":"separated"},"geometry":{"type":"LineString","coordinates":[[-99.1502,19.43424],[-99.15049,19.43362]]}},{"type":"Feature","properties":{"class":"separated"},"geometry":{"type":"LineString","coordinates":[[-99.15049,19.43362],[-99.15056,19.43347],[-99.15057,19.43344],[-99.15059,19.43334],[-99.1506,19.43331]]}},{"type":"Feature","properties":{"class":"separated"},"geometry":{"type":"LineString","coordinates":[[-99.1506,19.43331],[-99.15072,19.43304]]}},{"type":"Feature","properties":{"class":"separated"},"geometry":{"type":"LineString","coordinates":[[-99.1509,19.43263],[-99.15107,19.43221]]}},{"type":"Feature","properties":{"class":"separated"},"geometry":{"type":"LineString","coordinates":[[-99.15145,19.43131],[-99.15151,19.43124],[-99.15154,19.43121],[-99.15164,19.4311]]}},{"type":"Feature","properties":{"class":"separated"},"geometry":{"type":"LineString","coordinates":[[-99.15194,19.43011],[-99.15206,19.42983],[-99.15207,19.42979],[-99.15211,19.42971]]}},{"type":"Feature","properties":{"class":"separated"},"geometry":{"type":"LineString","coordinates":[[-99.15282,19.428],[-99.15295,19.4277],[-99.15296,19.42766],[-99.15301,19.42755]]}},{"type":"Feature","properties":{"class":"separated"},"geometry":{"type":"LineString","coordinates":[[-99.15341,19.42658],[-99.15345,19.42649],[-99.15355,19.42626],[-99.15356,19.42622],[-99.15357,19.4262],[-99.1536,19.42613]]}},{"type":"Feature","properties":{"class":"separated"},"geometry":{"type":"LineString","coordinates":[[-99.16345,19.42833],[-99.16344,19.42831],[-99.16342,19.42828],[-99.16322,19.4279],[-99.16301,19.42751]]}},{"type":"Feature","properties":{"class":"separated"},"geometry":{"type":"LineString","coordinates":[[-99.16301,19.42751],[-99.16289,19.42727],[-99.16286,19.42723],[-99.16282,19.42714]]}},{"type":"Feature","properties":{"class":"separated"},"geometry":{"type":"LineString","coordinates":[[-99.16282,19.42714],[-99.16255,19.42664]]}},{"type":"Feature","properties":{"class":"separated"},"geometry":{"type":"LineString","coordinates":[[-99.16255,19.42664],[-99.16241,19.42636],[-99.16239,19.42633],[-99.16235,19.42624]]}},{"type":"Feature","properties":{"class":"separated"},"geometry":{"type":"LineString","coordinates":[[-99.16579,19.42353],[-99.16583,19.42359],[-99.16608,19.42407]]}},{"type":"Feature","properties":{"class":"separated"},"geometry":{"type":"LineString","coordinates":[[-99.16608,19.42407],[-99.16621,19.42432],[-99.16625,19.42441]]}},{"type":"Feature","properties":{"class":"separated"},"geometry":{"type":"LineString","coordinates":[[-99.16625,19.42441],[-99.16653,19.42493]]}},{"type":"Feature","properties":{"class":"separated"},"geometry":{"type":"LineString","coordinates":[[-99.16653,19.42493],[-99.16667,19.4252],[-99.16672,19.4253]]}},{"type":"Feature","properties":{"class":"separated"},"geometry":{"type":"LineString","coordinates":[[-99.16705,19.42594],[-99.16718,19.42619],[-99.1672,19.42622],[-99.16722,19.42626],[-99.16723,19.42628]]}},{"type":"Feature","properties":{"class":"separated"},"geometry":{"type":"LineString","coordinates":[[-99.17125,19.42442],[-99.17122,19.42435],[-99.17112,19.42416],[-99.17111,19.42413],[-99.17108,19.42409]]}},{"type":"Feature","properties":{"class":"separated"},"geometry":{"type":"LineString","coordinates":[[-99.17138,19.42466],[-99.17137,19.42464],[-99.17135,19.4246],[-99.17125,19.42442]]}},{"type":"Feature","properties":{"class":"separated"},"geometry":{"type":"LineString","coordinates":[[-99.17108,19.42409],[-99.17094,19.42382]]}},{"type":"Feature","properties":{"class":"separated"},"geometry":{"type":"LineString","coordinates":[[-99.17046,19.42288],[-99.17041,19.42278],[-99.17034,19.42265],[-99.17032,19.42262],[-99.17031,19.42258],[-99.17027,19.42252]]}},{"type":"Feature","properties":{"class":"separated"},"geometry":{"type":"LineString","coordinates":[[-99.16855,19.45723],[-99.16819,19.45718],[-99.16809,19.45716]]}},{"type":"Feature","properties":{"class":"separated"},"geometry":{"type":"LineString","coordinates":[[-99.16852,19.45703],[-99.16843,19.45705],[-99.16837,19.45705]]}},{"type":"Feature","properties":{"class":"separated"},"geometry":{"type":"LineString","coordinates":[[-99.16824,19.45706],[-99.16819,19.45706]]}},{"type":"Feature","properties":{"class":"separated"},"geometry":{"type":"LineString","coordinates":[[-99.16837,19.45705],[-99.16824,19.45706]]}},{"type":"Feature","properties":{"class":"separated"},"geometry":{"type":"LineString","coordinates":[[-99.16941,19.41649],[-99.16938,19.41652],[-99.16934,19.41657],[-99.1691,19.41684],[-99.16904,19.41691]]}},{"type":"Feature","properties":{"class":"separated"},"geometry":{"type":"LineString","coordinates":[[-99.13981,19.35724],[-99.13957,19.35829],[-99.13954,19.35843],[-99.13927,19.35956]]}},{"type":"Feature","properties":{"class":"separated"},"geometry":{"type":"LineString","coordinates":[[-99.16773,19.46504],[-99.1677,19.46514],[-99.16762,19.46522],[-99.1675,19.46529],[-99.16742,19.46532],[-99.16739,19.46532],[-99.16736,19.46533],[-99.16723,19.46535],[-99.16713,19.46536],[-99.16709,19.46536],[-99.16685,19.46536],[-99.16681,19.46535],[-99.16669,19.46533],[-99.16657,19.46531],[-99.16628,19.46521],[-99.1662,19.46519],[-99.16616,19.46517],[-99.16607,19.46513],[-99.16601,19.46509],[-99.166,19.46509],[-99.16592,19.46503],[-99.16585,19.46495],[-99.16581,19.46486],[-99.1658,19.46477],[-99.16582,19.4647],[-99.16587,19.4646],[-99.16596,19.46452],[-99.16608,19.46446],[-99.16613,19.46445],[-99.16621,19.46444],[-99.16627,19.46442],[-99.16632,19.46442],[-99.16658,19.46442],[-99.16678,19.46444],[-99.16683,19.46444],[-99.16701,19.46448],[-99.16705,19.46449],[-99.16723,19.46455],[-99.16733,19.46459],[-99.16734,19.4646],[-99.16751,19.46468],[-99.16754,19.4647],[-99.16764,19.46477],[-99.16771,19.46485],[-99.16775,19.46494],[-99.16773,19.46504]]}},{"type":"Feature","properties":{"class":"separated"},"geometry":{"type":"LineString","coordinates":[[-99.14981,19.43523],[-99.14945,19.43533],[-99.1494,19.43535],[-99.14936,19.43538]]}},{"type":"Feature","properties":{"class":"separated"},"geometry":{"type":"LineString","coordinates":[[-99.1495,19.43587],[-99.14971,19.43578]]}},{"type":"Feature","properties":{"class":"separated"},"geometry":{"type":"LineString","coordinates":[[-99.14936,19.43538],[-99.14906,19.43557]]}},{"type":"Feature","properties":{"class":"separated"},"geometry":{"type":"LineString","coordinates":[[-99.16246,19.46415],[-99.16243,19.46431]]}},{"type":"Feature","properties":{"class":"separated"},"geometry":{"type":"LineString","coordinates":[[-99.16246,19.46411],[-99.16246,19.46415]]}},{"type":"Feature","properties":{"class":"separated"},"geometry":{"type":"LineString","coordinates":[[-99.13393,19.42052],[-99.13395,19.42043],[-99.13413,19.41937]]}},{"type":"Feature","properties":{"class":"separated"},"geometry":{"type":"LineString","coordinates":[[-99.13391,19.42067],[-99.13393,19.42052]]}},{"type":"Feature","properties":{"class":"separated"},"geometry":{"type":"LineString","coordinates":[[-99.14257,19.44079],[-99.1425,19.44087],[-99.14241,19.44098],[-99.14231,19.44107],[-99.14171,19.44162]]}},{"type":"Feature","properties":{"class":"separated"},"geometry":{"type":"LineString","coordinates":[[-99.14171,19.44162],[-99.14098,19.44228]]}},{"type":"Feature","properties":{"class":"separated"},"geometry":{"type":"LineString","coordinates":[[-99.13947,19.44347],[-99.1392,19.44353],[-99.13916,19.44354],[-99.13912,19.44355],[-99.13906,19.44357],[-99.13898,19.4436]]}},{"type":"Feature","properties":{"class":"separated"},"geometry":{"type":"LineString","coordinates":[[-99.14252,19.44041],[-99.14251,19.44048],[-99.14251,19.44055],[-99.14251,19.44056],[-99.14252,19.44062],[-99.14252,19.44065],[-99.14254,19.4407],[-99.14255,19.44074],[-99.14257,19.44079]]}},{"type":"Feature","properties":{"class":"separated"},"geometry":{"type":"LineString","coordinates":[[-99.14258,19.44022],[-99.14254,19.44033],[-99.14252,19.44041]]}},{"type":"Feature","properties":{"class":"separated"},"geometry":{"type":"LineString","coordinates":[[-99.14331,19.43989],[-99.14324,19.43988],[-99.14318,19.43987],[-99.14316,19.43987],[-99.14311,19.43987],[-99.14301,19.43989],[-99.1429,19.43993]]}},{"type":"Feature","properties":{"class":"separated"},"geometry":{"type":"LineString","coordinates":[[-99.14046,19.4398],[-99.14044,19.4398],[-99.14024,19.43979],[-99.1402,19.43978],[-99.14015,19.43978],[-99.14012,19.43978],[-99.14,19.43973]]}},{"type":"Feature","properties":{"class":"separated"},"geometry":{"type":"LineString","coordinates":[[-99.14262,19.44017],[-99.14256,19.44014],[-99.14248,19.4401],[-99.14241,19.44007],[-99.14215,19.43995],[-99.14212,19.43993],[-99.14207,19.43991],[-99.14203,19.4399],[-99.14201,19.43989],[-99.14198,19.43988],[-99.14194,19.43988],[-99.14173,19.43984],[-99.14165,19.43983],[-99.14148,19.43981],[-99.14145,19.43981],[-99.14138,19.43981],[-99.14106,19.43978],[-99.14104,19.43978],[-99.14095,19.43978],[-99.14089,19.43977],[-99.14083,19.43977],[-99.14058,19.43975],[-99.14024,19.43973],[-99.14016,19.43973],[-99.14011,19.43972],[-99.14,19.43973]]}},{"type":"Feature","properties":{"class":"separated"},"geometry":{"type":"LineString","coordinates":[[-99.14384,19.43969],[-99.14376,19.43977],[-99.14373,19.43979],[-99.1437,19.43981],[-99.1435,19.43996]]}},{"type":"Feature","properties":{"class":"separated"},"geometry":{"type":"LineString","coordinates":[[-99.18372,19.36999],[-99.18398,19.37017],[-99.18417,19.37029],[-99.1845,19.37048]]}},{"type":"Feature","properties":{"class":"separated"},"geometry":{"type":"LineString","coordinates":[[-99.1869,19.37526],[-99.18685,19.37543],[-99.18681,19.37555],[-99.1868,19.37559],[-99.18677,19.37571]]}},{"type":"Feature","properties":{"class":"separated"},"geometry":{"type":"LineString","coordinates":[[-99.18324,19.3848],[-99.18322,19.38485],[-99.18319,19.38493],[-99.18308,19.3852]]}},{"type":"Feature","properties":{"class":"separated"},"geometry":{"type":"LineString","coordinates":[[-99.17868,19.40706],[-99.17899,19.4076]]}},{"type":"Feature","properties":{"class":"separated"},"geometry":{"type":"LineString","coordinates":[[-99.18478,19.40143],[-99.18482,19.40101],[-99.18485,19.40062],[-99.18487,19.40047]]}},{"type":"Feature","properties":{"class":"separated"},"geometry":{"type":"LineString","coordinates":[[-99.18304,19.41051],[-99.18313,19.41035],[-99.18331,19.41002],[-99.1834,19.40986]]}},{"type":"Feature","properties":{"class":"separated"},"geometry":{"type":"LineString","coordinates":[[-99.18288,19.41084],[-99.18304,19.41051]]}},{"type":"Feature","properties":{"class":"separated"},"geometry":{"type":"LineString","coordinates":[[-99.1844,19.40636],[-99.18447,19.40566]]}},{"type":"Feature","properties":{"class":"separated"},"geometry":{"type":"LineString","coordinates":[[-99.18447,19.40566],[-99.18451,19.40521]]}},{"type":"Feature","properties":{"class":"separated"},"geometry":{"type":"LineString","coordinates":[[-99.18451,19.40521],[-99.1846,19.40404],[-99.18462,19.40377]]}},{"type":"Feature","properties":{"class":"separated"},"geometry":{"type":"LineString","coordinates":[[-99.18462,19.40377],[-99.18463,19.40365],[-99.18465,19.40331]]}},{"type":"Feature","properties":{"class":"separated"},"geometry":{"type":"LineString","coordinates":[[-99.18475,19.40186],[-99.18478,19.40143]]}},{"type":"Feature","properties":{"class":"separated"},"geometry":{"type":"LineString","coordinates":[[-99.18494,19.39957],[-99.18496,19.39931],[-99.18497,19.39913]]}},{"type":"Feature","properties":{"class":"separated"},"geometry":{"type":"LineString","coordinates":[[-99.18501,19.39867],[-99.18508,19.39804],[-99.18511,19.39779],[-99.18512,19.39769],[-99.18515,19.39747]]}},{"type":"Feature","properties":{"class":"separated"},"geometry":{"type":"LineString","coordinates":[[-99.18515,19.39747],[-99.18519,19.39706]]}},{"type":"Feature","properties":{"class":"separated"},"geometry":{"type":"LineString","coordinates":[[-99.18519,19.39706],[-99.18523,19.39669],[-99.18528,19.39632]]}},{"type":"Feature","properties":{"class":"separated"},"geometry":{"type":"LineString","coordinates":[[-99.18528,19.39632],[-99.1853,19.39609],[-99.18532,19.39593]]}},{"type":"Feature","properties":{"class":"separated"},"geometry":{"type":"LineString","coordinates":[[-99.18532,19.39593],[-99.18545,19.39481],[-99.18559,19.39361],[-99.18567,19.3928]]}},{"type":"Feature","properties":{"class":"separated"},"geometry":{"type":"LineString","coordinates":[[-99.18567,19.3928],[-99.18568,19.39273],[-99.18571,19.39241]]}},{"type":"Feature","properties":{"class":"separated"},"geometry":{"type":"LineString","coordinates":[[-99.18571,19.39241],[-99.18581,19.39156]]}},{"type":"Feature","properties":{"class":"separated"},"geometry":{"type":"LineString","coordinates":[[-99.18581,19.39156],[-99.18586,19.39122],[-99.18587,19.39116]]}},{"type":"Feature","properties":{"class":"separated"},"geometry":{"type":"LineString","coordinates":[[-99.18587,19.39116],[-99.18589,19.39095],[-99.18592,19.3907],[-99.18595,19.39045],[-99.18599,19.3901],[-99.18603,19.38973],[-99.18605,19.38957]]}},{"type":"Feature","properties":{"class":"separated"},"geometry":{"type":"LineString","coordinates":[[-99.18605,19.38957],[-99.18608,19.38932],[-99.18611,19.38906]]}},{"type":"Feature","properties":{"class":"separated"},"geometry":{"type":"LineString","coordinates":[[-99.18644,19.38621],[-99.18649,19.3858]]}},{"type":"Feature","properties":{"class":"separated"},"geometry":{"type":"LineString","coordinates":[[-99.18637,19.38685],[-99.18641,19.38645]]}},{"type":"Feature","properties":{"class":"separated"},"geometry":{"type":"LineString","coordinates":[[-99.18651,19.38559],[-99.18655,19.38525],[-99.18655,19.38519]]}},{"type":"Feature","properties":{"class":"separated"},"geometry":{"type":"LineString","coordinates":[[-99.18641,19.38645],[-99.18644,19.38621]]}},{"type":"Feature","properties":{"class":"separated"},"geometry":{"type":"LineString","coordinates":[[-99.18649,19.3858],[-99.18651,19.38559]]}},{"type":"Feature","properties":{"class":"separated"},"geometry":{"type":"LineString","coordinates":[[-99.18663,19.38455],[-99.18666,19.38426],[-99.18666,19.38424],[-99.18668,19.3841],[-99.18669,19.38402],[-99.18671,19.3838],[-99.18674,19.38359]]}},{"type":"Feature","properties":{"class":"separated"},"geometry":{"type":"LineString","coordinates":[[-99.18674,19.38359],[-99.18678,19.38323],[-99.18678,19.38318]]}},{"type":"Feature","properties":{"class":"separated"},"geometry":{"type":"LineString","coordinates":[[-99.18678,19.38318],[-99.18679,19.38313],[-99.18683,19.38271],[-99.1869,19.38215],[-99.18697,19.38154]]}},{"type":"Feature","properties":{"class":"separated"},"geometry":{"type":"LineString","coordinates":[[-99.18697,19.38154],[-99.187,19.38121],[-99.18701,19.38117],[-99.18701,19.38112]]}},{"type":"Feature","properties":{"class":"separated"},"geometry":{"type":"LineString","coordinates":[[-99.18729,19.37885],[-99.1873,19.37873],[-99.18731,19.37868],[-99.18734,19.3784],[-99.18737,19.37817]]}},{"type":"Feature","properties":{"class":"separated"},"geometry":{"type":"LineString","coordinates":[[-99.18722,19.37939],[-99.18724,19.37924],[-99.18726,19.37908],[-99.18729,19.37885]]}},{"type":"Feature","properties":{"class":"separated"},"geometry":{"type":"LineString","coordinates":[[-99.18762,19.37685],[-99.18764,19.37673],[-99.18765,19.37663],[-99.18766,19.37656],[-99.18766,19.37649],[-99.18767,19.37645]]}},{"type":"Feature","properties":{"class":"separated"},"geometry":{"type":"LineString","coordinates":[[-99.18807,19.37305],[-99.18811,19.37263]]}},{"type":"Feature","properties":{"class":"separated"},"geometry":{"type":"LineString","coordinates":[[-99.18189,19.36881],[-99.18205,19.36893],[-99.18225,19.36907],[-99.18246,19.36921]]}},{"type":"Feature","properties":{"class":"separated"},"geometry":{"type":"LineString","coordinates":[[-99.18683,19.37221],[-99.18687,19.3723],[-99.18694,19.37243],[-99.18699,19.37255],[-99.18702,19.37267]]}},{"type":"Feature","properties":{"class":"separated"},"geometry":{"type":"LineString","coordinates":[[-99.18712,19.37373],[-99.18711,19.37398],[-99.1871,19.37407],[-99.1871,19.37411]]}},{"type":"Feature","properties":{"class":"separated"},"geometry":{"type":"LineString","coordinates":[[-99.18662,19.37617],[-99.1866,19.37622],[-99.18634,19.3771],[-99.18628,19.37727],[-99.18596,19.37805]]}},{"type":"Feature","properties":{"class":"separated"},"geometry":{"type":"LineString","coordinates":[[-99.18596,19.37805],[-99.18589,19.37821],[-99.18583,19.37836],[-99.18582,19.3784]]}},{"type":"Feature","properties":{"class":"separated"},"geometry":{"type":"LineString","coordinates":[[-99.18582,19.3784],[-99.1858,19.37845],[-99.18569,19.37871],[-99.18566,19.37877],[-99.18564,19.37884],[-99.1856,19.37892],[-99.18517,19.38],[-99.18515,19.38004],[-99.185,19.38041]]}},{"type":"Feature","properties":{"class":"separated"},"geometry":{"type":"LineString","coordinates":[[-99.185,19.38041],[-99.18492,19.38061],[-99.18483,19.38084],[-99.1848,19.38089]]}},{"type":"Feature","properties":{"class":"separated"},"geometry":{"type":"LineString","coordinates":[[-99.18378,19.38342],[-99.18368,19.38368],[-99.18367,19.38371],[-99.18361,19.38386]]}},{"type":"Feature","properties":{"class":"separated"},"geometry":{"type":"LineString","coordinates":[[-99.18299,19.38545],[-99.18288,19.38576],[-99.18277,19.38606],[-99.1827,19.38628],[-99.18265,19.38656],[-99.18264,19.38665],[-99.18262,19.38676],[-99.1826,19.38701]]}},{"type":"Feature","properties":{"class":"separated"},"geometry":{"type":"LineString","coordinates":[[-99.1826,19.38701],[-99.18255,19.38739]]}},{"type":"Feature","properties":{"class":"separated"},"geometry":{"type":"LineString","coordinates":[[-99.18255,19.38739],[-99.18248,19.38805],[-99.18244,19.38838]]}},{"type":"Feature","properties":{"class":"separated"},"geometry":{"type":"LineString","coordinates":[[-99.18244,19.38838],[-99.18242,19.38857],[-99.18241,19.38871]]}},{"type":"Feature","properties":{"class":"separated"},"geometry":{"type":"LineString","coordinates":[[-99.18241,19.38871],[-99.18234,19.38936],[-99.18226,19.39008],[-99.18218,19.39074]]}},{"type":"Feature","properties":{"class":"separated"},"geometry":{"type":"LineString","coordinates":[[-99.18218,19.39074],[-99.18214,19.3911],[-99.18213,19.39119]]}},{"type":"Feature","properties":{"class":"separated"},"geometry":{"type":"LineString","coordinates":[[-99.18213,19.39119],[-99.18204,19.39208]]}},{"type":"Feature","properties":{"class":"separated"},"geometry":{"type":"LineString","coordinates":[[-99.18204,19.39208],[-99.18199,19.39249]]}},{"type":"Feature","properties":{"class":"separated"},"geometry":{"type":"LineString","coordinates":[[-99.18148,19.39507],[-99.18146,19.39517],[-99.18136,19.39554]]}},{"type":"Feature","properties":{"class":"separated"},"geometry":{"type":"LineString","coordinates":[[-99.18108,19.39656],[-99.18097,19.39698],[-99.18094,19.39708]]}},{"type":"Feature","properties":{"class":"separated"},"geometry":{"type":"LineString","coordinates":[[-99.18048,19.39874],[-99.18043,19.3989],[-99.18032,19.39917]]}},{"type":"Feature","properties":{"class":"separated"},"geometry":{"type":"LineString","coordinates":[[-99.18032,19.39917],[-99.18019,19.39953]]}},{"type":"Feature","properties":{"class":"separated"},"geometry":{"type":"LineString","coordinates":[[-99.18008,19.39983],[-99.1798,19.40061],[-99.17972,19.40083],[-99.1794,19.40173],[-99.17919,19.4023]]}},{"type":"Feature","properties":{"class":"separated"},"geometry":{"type":"LineString","coordinates":[[-99.17919,19.4023],[-99.17915,19.40242],[-99.17907,19.40266]]}},{"type":"Feature","properties":{"class":"separated"},"geometry":{"type":"LineString","coordinates":[[-99.17843,19.4044],[-99.17815,19.40522]]}},{"type":"Feature","properties":{"class":"separated"},"geometry":{"type":"LineString","coordinates":[[-99.17858,19.404],[-99.17843,19.4044]]}},{"type":"Feature","properties":{"class":"separated"},"geometry":{"type":"LineString","coordinates":[[-99.17815,19.40522],[-99.17807,19.40547],[-99.178,19.40567]]}},{"type":"Feature","properties":{"class":"separated"},"geometry":{"type":"LineString","coordinates":[[-99.17851,19.40675],[-99.1786,19.40691],[-99.17862,19.40695],[-99.17868,19.40706]]}},{"type":"Feature","properties":{"class":"separated"},"geometry":{"type":"LineString","coordinates":[[-99.1783,19.40635],[-99.17845,19.40663],[-99.1785,19.40671],[-99.17851,19.40675]]}},{"type":"Feature","properties":{"class":"separated"},"geometry":{"type":"LineString","coordinates":[[-99.17899,19.4076],[-99.17923,19.408]]}},{"type":"Feature","properties":{"class":"separated"},"geometry":{"type":"LineString","coordinates":[[-99.17961,19.40862],[-99.17979,19.40891],[-99.17987,19.40903]]}},{"type":"Feature","properties":{"class":"separated"},"geometry":{"type":"LineString","coordinates":[[-99.18088,19.41069],[-99.18093,19.41081],[-99.18098,19.41092]]}},{"type":"Feature","properties":{"class":"separated"},"geometry":{"type":"LineString","coordinates":[[-99.18055,19.41015],[-99.18071,19.41041],[-99.18088,19.41069]]}},{"type":"Feature","properties":{"class":"separated"},"geometry":{"type":"LineString","coordinates":[[-99.18116,19.41146],[-99.18118,19.41156],[-99.18121,19.41168],[-99.18123,19.41183],[-99.18125,19.41196]]}},{"type":"Feature","properties":{"class":"separated"},"geometry":{"type":"LineString","coordinates":[[-99.15045,19.45609],[-99.15132,19.45547]]}},{"type":"Feature","properties":{"class":"separated"},"geometry":{"type":"LineString","coordinates":[[-99.13357,19.42263],[-99.13367,19.42203]]}},{"type":"Feature","properties":{"class":"separated"},"geometry":{"type":"LineString","coordinates":[[-99.13428,19.42371],[-99.1343,19.4238]]}},{"type":"Feature","properties":{"class":"shared"},"geometry":{"type":"LineString","coordinates":[[-99.17379,19.42281],[-99.17395,19.42315]]}},{"type":"Feature","properties":{"class":"separated"},"geometry":{"type":"LineString","coordinates":[[-99.17478,19.42321],[-99.17476,19.42322],[-99.17463,19.42328],[-99.17445,19.42337]]}},{"type":"Feature","properties":{"class":"separated"},"geometry":{"type":"LineString","coordinates":[[-99.17445,19.42337],[-99.1743,19.42344],[-99.17429,19.42345],[-99.17425,19.42346],[-99.17422,19.42348],[-99.17421,19.42349],[-99.17413,19.42352]]}},{"type":"Feature","properties":{"class":"shared"},"geometry":{"type":"LineString","coordinates":[[-99.17385,19.42195],[-99.17382,19.42196],[-99.17357,19.42208],[-99.17354,19.42209],[-99.17346,19.42213]]}},{"type":"Feature","properties":{"class":"shared"},"geometry":{"type":"LineString","coordinates":[[-99.17366,19.42255],[-99.17371,19.42264],[-99.17379,19.42281]]}},{"type":"Feature","properties":{"class":"shared"},"geometry":{"type":"LineString","coordinates":[[-99.17333,19.42184],[-99.17334,19.42187],[-99.17342,19.42203],[-99.17343,19.42205],[-99.17346,19.42213]]}},{"type":"Feature","properties":{"class":"separated"},"geometry":{"type":"LineString","coordinates":[[-99.17319,19.42155],[-99.17326,19.42153],[-99.17331,19.42152],[-99.17364,19.42145]]}},{"type":"Feature","properties":{"class":"painted"},"geometry":{"type":"LineString","coordinates":[[-99.17409,19.42125],[-99.17416,19.42133]]}},{"type":"Feature","properties":{"class":"shared"},"geometry":{"type":"LineString","coordinates":[[-99.17841,19.4249],[-99.17843,19.42496],[-99.17846,19.42503],[-99.17847,19.42505],[-99.17857,19.42531],[-99.17915,19.42674]]}},{"type":"Feature","properties":{"class":"separated"},"geometry":{"type":"LineString","coordinates":[[-99.13902,19.38637],[-99.13901,19.38643],[-99.13899,19.38655],[-99.13887,19.3872]]}},{"type":"Feature","properties":{"class":"shared"},"geometry":{"type":"LineString","coordinates":[[-99.18745,19.3759],[-99.18748,19.3759],[-99.18755,19.37592]]}},{"type":"Feature","properties":{"class":"separated"},"geometry":{"type":"LineString","coordinates":[[-99.13588,19.40837],[-99.13588,19.40837],[-99.13589,19.40817],[-99.13593,19.40764],[-99.13604,19.40701],[-99.13605,19.4069],[-99.13616,19.40625],[-99.13617,19.40617],[-99.13621,19.40594],[-99.13641,19.40464]]}},{"type":"Feature","properties":{"class":"separated"},"geometry":{"type":"LineString","coordinates":[[-99.1727,19.42166],[-99.17293,19.4216],[-99.17307,19.42157],[-99.17311,19.42157],[-99.17313,19.42156],[-99.17319,19.42155]]}},{"type":"Feature","properties":{"class":"separated"},"geometry":{"type":"LineString","coordinates":[[-99.17413,19.42352],[-99.17406,19.42355],[-99.17404,19.42356],[-99.17318,19.42397]]}},{"type":"Feature","properties":{"class":"separated"},"geometry":{"type":"LineString","coordinates":[[-99.17318,19.42397],[-99.17295,19.42408],[-99.17289,19.42411],[-99.17286,19.42412],[-99.17285,19.42413],[-99.17277,19.42416]]}},{"type":"Feature","properties":{"class":"separated"},"geometry":{"type":"LineString","coordinates":[[-99.17118,19.42199],[-99.1715,19.42192],[-99.17154,19.42191],[-99.17156,19.42191],[-99.17162,19.42189]]}},{"type":"Feature","properties":{"class":"shared"},"geometry":{"type":"LineString","coordinates":[[-99.13391,19.43099],[-99.13376,19.43097],[-99.13372,19.43097],[-99.13371,19.43097],[-99.13358,19.43095]]}},{"type":"Feature","properties":{"class":"painted"},"geometry":{"type":"LineString","coordinates":[[-99.13403,19.43314],[-99.13411,19.43268]]}},{"type":"Feature","properties":{"class":"painted"},"geometry":{"type":"LineString","coordinates":[[-99.13244,19.43191],[-99.13242,19.43192],[-99.13239,19.43195],[-99.13238,19.43197],[-99.13223,19.4331],[-99.13224,19.43317],[-99.13226,19.43321],[-99.13229,19.43324],[-99.13236,19.43327],[-99.13246,19.43328],[-99.13333,19.4334]]}},{"type":"Feature","properties":{"class":"painted"},"geometry":{"type":"LineString","coordinates":[[-99.13333,19.4334],[-99.13359,19.43335],[-99.1337,19.43336],[-99.13376,19.43336],[-99.1338,19.43335],[-99.13383,19.43334],[-99.13387,19.43332],[-99.13391,19.43329],[-99.13395,19.43326],[-99.13399,19.43321],[-99.13403,19.43314]]}},{"type":"Feature","properties":{"class":"shared"},"geometry":{"type":"LineString","coordinates":[[-99.15631,19.43634],[-99.15591,19.43629],[-99.15587,19.43628],[-99.15575,19.43626],[-99.15568,19.43625],[-99.15562,19.43625]]}},{"type":"Feature","properties":{"class":"shared"},"geometry":{"type":"LineString","coordinates":[[-99.15649,19.43636],[-99.15635,19.43634],[-99.15631,19.43634]]}},{"type":"Feature","properties":{"class":"separated"},"geometry":{"type":"LineString","coordinates":[[-99.15747,19.4343],[-99.15771,19.43433],[-99.15776,19.43434],[-99.1578,19.43435],[-99.15784,19.43435],[-99.15791,19.43436],[-99.15796,19.43437]]}},{"type":"Feature","properties":{"class":"separated"},"geometry":{"type":"LineString","coordinates":[[-99.15796,19.43437],[-99.15794,19.43442],[-99.15793,19.43446],[-99.15781,19.43472]]}},{"type":"Feature","properties":{"class":"separated"},"geometry":{"type":"LineString","coordinates":[[-99.17526,19.46856],[-99.17524,19.46864],[-99.1743,19.46893],[-99.17427,19.46894],[-99.17291,19.46936],[-99.17112,19.46992],[-99.17003,19.47026],[-99.16994,19.47029],[-99.16944,19.47045],[-99.16939,19.47047],[-99.16891,19.47061],[-99.16826,19.47082],[-99.16783,19.47096],[-99.16778,19.47097],[-99.1677,19.471],[-99.16762,19.47102],[-99.16702,19.47121],[-99.16622,19.47146],[-99.16614,19.47149],[-99.16606,19.47151],[-99.16557,19.47167],[-99.16507,19.47183],[-99.16462,19.47197],[-99.16382,19.47222],[-99.16373,19.47225],[-99.16335,19.47237],[-99.16298,19.4725],[-99.16254,19.47262],[-99.16216,19.47274],[-99.16166,19.4729],[-99.16139,19.47299],[-99.15988,19.47346]]}},{"type":"Feature","properties":{"class":"separated"},"geometry":{"type":"LineString","coordinates":[[-99.15776,19.46701],[-99.15777,19.46699],[-99.15775,19.46699],[-99.15762,19.46696]]}},{"type":"Feature","properties":{"class":"separated"},"geometry":{"type":"LineString","coordinates":[[-99.15939,19.46905],[-99.15937,19.46904],[-99.15936,19.46904],[-99.15934,19.46902],[-99.15934,19.46899],[-99.15932,19.46898],[-99.1593,19.46898],[-99.15929,19.46901]]}},{"type":"Feature","properties":{"class":"separated"},"geometry":{"type":"LineString","coordinates":[[-99.17221,19.45344],[-99.17221,19.45343]]}},{"type":"Feature","properties":{"class":"separated"},"geometry":{"type":"LineString","coordinates":[[-99.16245,19.46406],[-99.16246,19.46406],[-99.16246,19.46406],[-99.16249,19.46406],[-99.1625,19.46407],[-99.1625,19.46407],[-99.1625,19.46408],[-99.16246,19.46411]]}},{"type":"Feature","properties":{"class":"separated"},"geometry":{"type":"LineString","coordinates":[[-99.16118,19.46494],[-99.16113,19.46494],[-99.16104,19.46497],[-99.16087,19.465],[-99.16046,19.46503],[-99.16025,19.46504],[-99.16015,19.46506],[-99.16007,19.46508],[-99.16001,19.46511],[-99.15993,19.46512],[-99.15989,19.46515]]}},{"type":"Feature","properties":{"class":"separated"},"geometry":{"type":"LineString","coordinates":[[-99.16255,19.46407],[-99.16246,19.46411]]}},{"type":"Feature","properties":{"class":"separated"},"geometry":{"type":"LineString","coordinates":[[-99.16243,19.46431],[-99.16242,19.46437]]}},{"type":"Feature","properties":{"class":"separated"},"geometry":{"type":"LineString","coordinates":[[-99.1624,19.46414],[-99.16226,19.46425]]}},{"type":"Feature","properties":{"class":"separated"},"geometry":{"type":"LineString","coordinates":[[-99.16226,19.46425],[-99.16221,19.46429],[-99.16219,19.46431]]}},{"type":"Feature","properties":{"class":"separated"},"geometry":{"type":"LineString","coordinates":[[-99.18092,19.39508],[-99.18082,19.39502]]}},{"type":"Feature","properties":{"class":"separated"},"geometry":{"type":"LineString","coordinates":[[-99.15935,19.46574],[-99.15926,19.46574]]}},{"type":"Feature","properties":{"class":"separated"},"geometry":{"type":"LineString","coordinates":[[-99.15926,19.46574],[-99.15928,19.46642],[-99.15929,19.467]]}},{"type":"Feature","properties":{"class":"separated"},"geometry":{"type":"LineString","coordinates":[[-99.15989,19.46518],[-99.15988,19.46517]]}},{"type":"Feature","properties":{"class":"separated"},"geometry":{"type":"LineString","coordinates":[[-99.17329,19.47144],[-99.1732,19.47145],[-99.17307,19.47146],[-99.17279,19.47149],[-99.17246,19.47153],[-99.17201,19.47158],[-99.17203,19.47168],[-99.17172,19.47171],[-99.17167,19.47165],[-99.17162,19.47166],[-99.17011,19.47183],[-99.17005,19.47184]]}},{"type":"Feature","properties":{"class":"separated"},"geometry":{"type":"LineString","coordinates":[[-99.16315,19.47766],[-99.16311,19.47775],[-99.16,19.47892],[-99.15876,19.47936],[-99.15862,19.47926]]}},{"type":"Feature","properties":{"class":"separated"},"geometry":{"type":"LineString","coordinates":[[-99.15929,19.467],[-99.15929,19.46707]]}},{"type":"Feature","properties":{"class":"separated"},"geometry":{"type":"LineString","coordinates":[[-99.21363,19.46297],[-99.21497,19.46352],[-99.21509,19.46357],[-99.21527,19.46363],[-99.21644,19.46408],[-99.21681,19.46438]]}},{"type":"Feature","properties":{"class":"painted"},"geometry":{"type":"LineString","coordinates":[[-99.21895,19.46628],[-99.21906,19.46636]]}},{"type":"Feature","properties":{"class":"separated"},"geometry":{"type":"LineString","coordinates":[[-99.21919,19.46664],[-99.2202,19.46759]]}},{"type":"Feature","properties":{"class":"separated"},"geometry":{"type":"LineString","coordinates":[[-99.2202,19.46741],[-99.21921,19.46647]]}},{"type":"Feature","properties":{"class":"separated"},"geometry":{"type":"LineString","coordinates":[[-99.22147,19.46865],[-99.2214,19.46857],[-99.22098,19.46814],[-99.22036,19.46755]]}},{"type":"Feature","properties":{"class":"separated"},"geometry":{"type":"LineString","coordinates":[[-99.22039,19.46776],[-99.2213,19.46864],[-99.22146,19.46879]]}},{"type":"Feature","properties":{"class":"separated"},"geometry":{"type":"LineString","coordinates":[[-99.2202,19.46759],[-99.22028,19.46766],[-99.22039,19.46776]]}},{"type":"Feature","properties":{"class":"separated"},"geometry":{"type":"LineString","coordinates":[[-99.22036,19.46755],[-99.22032,19.46752],[-99.2202,19.46741]]}},{"type":"Feature","properties":{"class":"separated"},"geometry":{"type":"LineString","coordinates":[[-99.22259,19.46966],[-99.22163,19.4687]]}},{"type":"Feature","properties":{"class":"separated"},"geometry":{"type":"LineString","coordinates":[[-99.22163,19.4687],[-99.22156,19.46868],[-99.22147,19.46865]]}},{"type":"Feature","properties":{"class":"separated"},"geometry":{"type":"LineString","coordinates":[[-99.22158,19.46892],[-99.2226,19.46992]]}},{"type":"Feature","properties":{"class":"separated"},"geometry":{"type":"LineString","coordinates":[[-99.22146,19.46879],[-99.2215,19.46884],[-99.22158,19.46892]]}},{"type":"Feature","properties":{"class":"separated"},"geometry":{"type":"LineString","coordinates":[[-99.22277,19.47009],[-99.22302,19.47034],[-99.22351,19.47082]]}},{"type":"Feature","properties":{"class":"separated"},"geometry":{"type":"LineString","coordinates":[[-99.2226,19.46992],[-99.22265,19.46997],[-99.22277,19.47009]]}},{"type":"Feature","properties":{"class":"separated"},"geometry":{"type":"LineString","coordinates":[[-99.22355,19.47063],[-99.22345,19.47053],[-99.22343,19.47047],[-99.22292,19.46997],[-99.22286,19.46995],[-99.22279,19.46987]]}},{"type":"Feature","properties":{"class":"separated"},"geometry":{"type":"LineString","coordinates":[[-99.22279,19.46987],[-99.22271,19.46979],[-99.22259,19.46966]]}},{"type":"Feature","properties":{"class":"separated"},"geometry":{"type":"LineString","coordinates":[[-99.21921,19.46647],[-99.21906,19.46636]]}},{"type":"Feature","properties":{"class":"separated"},"geometry":{"type":"LineString","coordinates":[[-99.21906,19.46636],[-99.21919,19.46664]]}},{"type":"Feature","properties":{"class":"separated"},"geometry":{"type":"LineString","coordinates":[[-99.21792,19.46546],[-99.21826,19.46576],[-99.21836,19.46582]]}},{"type":"Feature","properties":{"class":"separated"},"geometry":{"type":"LineString","coordinates":[[-99.21781,19.46535],[-99.21786,19.4654],[-99.21792,19.46546]]}},{"type":"Feature","properties":{"class":"separated"},"geometry":{"type":"LineString","coordinates":[[-99.21692,19.46449],[-99.21781,19.46535]]}},{"type":"Feature","properties":{"class":"separated"},"geometry":{"type":"LineString","coordinates":[[-99.21681,19.46438],[-99.21688,19.46445],[-99.21692,19.46449]]}},{"type":"Feature","properties":{"class":"separated"},"geometry":{"type":"LineString","coordinates":[[-99.21265,19.46241],[-99.21271,19.46244],[-99.21273,19.46252]]}},{"type":"Feature","properties":{"class":"separated"},"geometry":{"type":"LineString","coordinates":[[-99.21273,19.46252],[-99.21296,19.46264],[-99.21326,19.46278],[-99.21336,19.46285],[-99.21349,19.46291]]}},{"type":"Feature","properties":{"class":"separated"},"geometry":{"type":"LineString","coordinates":[[-99.21349,19.46291],[-99.21354,19.46293],[-99.21363,19.46297]]}},{"type":"Feature","properties":{"class":"separated"},"geometry":{"type":"LineString","coordinates":[[-99.15986,19.47353],[-99.15988,19.47346],[-99.15978,19.47344]]}},{"type":"Feature","properties":{"class":"separated"},"geometry":{"type":"LineString","coordinates":[[-99.17743,19.46494],[-99.17746,19.46486],[-99.17745,19.46475]]}},{"type":"Feature","properties":{"class":"separated"},"geometry":{"type":"LineString","coordinates":[[-99.17767,19.46221],[-99.1777,19.46211],[-99.17772,19.46205],[-99.17771,19.46199],[-99.17771,19.46188]]}},{"type":"Feature","properties":{"class":"separated"},"geometry":{"type":"LineString","coordinates":[[-99.17781,19.46073],[-99.17784,19.46063],[-99.17785,19.46055]]}},{"type":"Feature","properties":{"class":"separated"},"geometry":{"type":"LineString","coordinates":[[-99.15929,19.46707],[-99.1593,19.46741],[-99.1593,19.46778],[-99.1593,19.46791],[-99.1593,19.46812],[-99.15931,19.46828],[-99.15931,19.46849],[-99.15931,19.46855],[-99.15932,19.46881]]}},{"type":"Feature","properties":{"class":"separated"},"geometry":{"type":"LineString","coordinates":[[-99.15932,19.46881],[-99.15929,19.46892],[-99.15929,19.46901],[-99.15927,19.46904],[-99.15926,19.46904],[-99.15922,19.46903]]}},{"type":"Feature","properties":{"class":"separated"},"geometry":{"type":"LineString","coordinates":[[-99.1851,19.41238],[-99.18607,19.41272],[-99.18705,19.41306]]}},{"type":"Feature","properties":{"class":"painted"},"geometry":{"type":"LineString","coordinates":[[-99.16249,19.44785],[-99.16268,19.447],[-99.16287,19.44625],[-99.16305,19.44548],[-99.16325,19.44465],[-99.16367,19.44295],[-99.16368,19.44289]]}},{"type":"Feature","properties":{"class":"separated"},"geometry":{"type":"LineString","coordinates":[[-99.14398,19.46736],[-99.1458,19.46756]]}},{"type":"Feature","properties":{"class":"separated"},"geometry":{"type":"LineString","coordinates":[[-99.14726,19.46771],[-99.14726,19.46779]]}},{"type":"Feature","properties":{"class":"separated"},"geometry":{"type":"LineString","coordinates":[[-99.14388,19.46739],[-99.14398,19.46736]]}},{"type":"Feature","properties":{"class":"separated"},"geometry":{"type":"LineString","coordinates":[[-99.14642,19.46762],[-99.14726,19.46771]]}},{"type":"Feature","properties":{"class":"separated"},"geometry":{"type":"LineString","coordinates":[[-99.14628,19.46761],[-99.14636,19.46762],[-99.14642,19.46762]]}},{"type":"Feature","properties":{"class":"separated"},"geometry":{"type":"LineString","coordinates":[[-99.14592,19.46757],[-99.14628,19.46761]]}},{"type":"Feature","properties":{"class":"separated"},"geometry":{"type":"LineString","coordinates":[[-99.1458,19.46756],[-99.14587,19.46757],[-99.14592,19.46757]]}},{"type":"Feature","properties":{"class":"separated"},"geometry":{"type":"LineString","coordinates":[[-99.14397,19.35633],[-99.14382,19.35699]]}},{"type":"Feature","properties":{"class":"separated"},"geometry":{"type":"LineString","coordinates":[[-99.16246,19.46411],[-99.1624,19.46414]]}},{"type":"Feature","properties":{"class":"separated"},"geometry":{"type":"LineString","coordinates":[[-99.16219,19.46431],[-99.16212,19.46437],[-99.16201,19.46446],[-99.16192,19.46453],[-99.16185,19.46458],[-99.16171,19.4647],[-99.16158,19.46481],[-99.16146,19.46492],[-99.16139,19.46496],[-99.16129,19.46497]]}},{"type":"Feature","properties":{"class":"separated"},"geometry":{"type":"LineString","coordinates":[[-99.16129,19.46497],[-99.16127,19.46496]]}},{"type":"Feature","properties":{"class":"separated"},"geometry":{"type":"LineString","coordinates":[[-99.16127,19.46496],[-99.16123,19.46495],[-99.16118,19.46494]]}},{"type":"Feature","properties":{"class":"separated"},"geometry":{"type":"LineString","coordinates":[[-99.15988,19.46517],[-99.15989,19.46515]]}}]}